{"GAT": {"accuracy": [0.3173431734317343, 0.3173431734317343, 0.3173431734317343, 0.3173431734317343, 0.3173431734317343, 0.3173431734317343, 0.4151291512915129, 0.474169741697417, 0.492619926199262, 0.514760147601476, 0.5313653136531366, 0.5756457564575646, 0.6217712177121771, 0.7287822878228782, 0.7601476014760148, 0.7804428044280443, 0.8007380073800738, 0.8044280442804428, 0.8247232472324724, 0.8376383763837638, 0.8357933579335793, 0.8468634686346863, 0.8468634686346863, 0.8560885608856088, 0.8690036900369004, 0.8708487084870848, 0.8763837638376384, 0.8634686346863468, 0.8763837638376384, 0.8690036900369004, 0.8690036900369004, 0.8856088560885609, 0.8800738007380073, 0.8856088560885609, 0.8874538745387454, 0.8911439114391144, 0.8929889298892989, 0.8874538745387454, 0.8892988929889298, 0.8892988929889298, 0.8892988929889298, 0.8948339483394834, 0.8966789667896679, 0.9003690036900369, 0.8966789667896679, 0.8929889298892989, 0.8911439114391144, 0.8911439114391144, 0.8911439114391144, 0.8929889298892989]}, "GCN": {"accuracy": [0.3173431734317343, 0.3173431734317343, 0.3173431734317343, 0.3173431734317343, 0.3173431734317343, 0.3173431734317343, 0.3173431734317343, 0.3173431734317343, 0.3173431734317343, 0.3173431734317343, 0.3173431734317343, 0.3173431734317343, 0.3173431734317343, 0.3173431734317343, 0.3173431734317343, 0.3173431734317343, 0.3173431734317343, 0.3173431734317343, 0.3173431734317343, 0.3173431734317343, 0.3173431734317343, 0.3173431734317343, 0.3173431734317343, 0.3173431734317343, 0.3173431734317343, 0.3173431734317343, 0.3173431734317343, 0.3173431734317343, 0.3173431734317343, 0.3173431734317343, 0.3191881918819188, 0.3247232472324723, 0.32656826568265684, 0.33210332103321033, 0.33948339483394835, 0.3505535055350554, 0.35608856088560886, 0.35977859778597787, 0.36531365313653136, 0.3726937269372694, 0.3856088560885609, 0.3892988929889299, 0.4003690036900369, 0.4114391143911439, 0.42435424354243545, 0.4317343173431734, 0.4354243542435424, 0.44280442804428044, 0.44649446494464945]}, "GraphSAGE": {"accuracy": [0.06457564575645756, 0.06457564575645756, 0.32656826568265684, 0.3191881918819188, 0.3173431734317343, 0.3173431734317343, 0.3173431734317343, 0.3173431734317343, 0.3173431734317343, 0.3173431734317343, 0.3210332103321033, 0.3210332103321033, 0.33025830258302585, 0.3413284132841328, 0.34870848708487084, 0.3800738007380074, 0.4151291512915129, 0.4483394833948339, 0.46309963099630996, 0.4833948339483395, 0.496309963099631, 0.5055350553505535, 0.5092250922509225, 0.514760147601476, 0.5313653136531366, 0.5387453874538746, 0.5627306273062731, 0.5830258302583026, 0.6070110701107011, 0.6291512915129152, 0.6439114391143912, 0.6605166051660517, 0.6734317343173432, 0.6863468634686347, 0.6992619926199262, 0.7103321033210332, 0.7177121771217713, 0.7232472324723247, 0.7306273062730627, 0.7398523985239852, 0.7546125461254612, 0.7675276752767528, 0.7804428044280443, 0.7915129151291513, 0.7952029520295203, 0.7988929889298892, 0.8025830258302583, 0.8025830258302583]}, "MetaExploitModel": {"accuracy": [0.3173431734317343, 0.3173431734317343, 0.3173431734317343, 0.3173431734317343, 0.3173431734317343, 0.3173431734317343, 0.3173431734317343, 0.3173431734317343, 0.3173431734317343, 0.3173431734317343, 0.3173431734317343, 0.3173431734317343, 0.3173431734317343, 0.3191881918819188, 0.33025830258302585, 0.3948339483394834, 0.511070110701107, 0.5922509225092251, 0.6439114391143912, 0.6642066420664207, 0.6863468634686347, 0.6937269372693727, 0.6992619926199262, 0.7287822878228782, 0.7287822878228782, 0.7306273062730627, 0.7453874538745388, 0.7564575645756457, 0.7546125461254612, 0.7675276752767528, 0.7675276752767528, 0.7619926199261993, 0.7675276752767528, 0.7583025830258303, 0.7564575645756457, 0.7546125461254612, 0.7527675276752768, 0.7527675276752768, 0.7546125461254612, 0.7546125461254612, 0.7509225092250923, 0.7472324723247232, 0.7472324723247232, 0.7416974169741697, 0.7361623616236163, 0.7324723247232472, 0.7361623616236163]}}