user_id,item_id,rating,timestamp
u0796,i337,5,1704067319
u0877,i345,1,1704067535
u0551,i250,5,1704067644
u1860,i456,4,1704068198
u0989,i334,5,1704069172
u0980,i460,4,1704069292
u0198,i023,4,1704069785
u0041,i492,1,1704070018
u0240,i044,5,1704070161
u0335,i051,5,1704070280
u0576,i261,1,1704071068
u0041,i265,2,1704071504
u0577,i532,5,1704071588
u0494,i567,5,1704071909
u0189,i564,4,1704072290
u0306,i234,4,1704072520
u1516,i119,1,1704073261
u1035,i473,4,1704073511
u0435,i261,5,1704073789
u1600,i349,5,1704073987
u1582,i055,1,1704074208
u1811,i012,4,1704074619
u1688,i507,5,1704074804
u0714,i261,4,1704074956
u0697,i044,4,1704075057
u1661,i368,4,1704075092
u1167,i507,4,1704075108
u1378,i570,5,1704075793
u0013,i364,4,1704076431
u0949,i029,3,1704076674
u0805,i091,4,1704076922
u0909,i285,4,1704077730
u0453,i284,3,1704078014
u1691,i284,5,1704078961
u0114,i333,5,1704079477
u1267,i162,4,1704080907
u0898,i568,5,1704081111
u1825,i287,4,1704082464
u0746,i297,5,1704082600
u1219,i334,4,1704082662
u0617,i278,5,1704082855
u1534,i575,5,1704083028
u0393,i036,5,1704083199
u1461,i303,4,1704083739
u0769,i351,4,1704084581
u1070,i364,3,1704084928
u1531,i560,4,1704085605
u0605,i540,4,1704085700
u0647,i329,4,1704086010
u1125,i288,5,1704087014
u0794,i121,5,1704087069
u1218,i444,3,1704087412
u1375,i243,5,1704087905
u1503,i536,4,1704088710
u1141,i192,5,1704088744
u1746,i417,2,1704088823
u0742,i516,4,1704090800
u0560,i216,4,1704091062
u0223,i269,4,1704091306
u0692,i194,5,1704091861
u0278,i176,4,1704091922
u1214,i409,1,1704092321
u1289,i493,4,1704092340
u1211,i564,4,1704092553
u0311,i033,1,1704092799
u1155,i055,4,1704092893
u1843,i058,4,1704094309
u1329,i595,5,1704095877
u0671,i243,5,1704095919
u1168,i342,4,1704095926
u0536,i210,5,1704095985
u0441,i386,4,1704096311
u0845,i232,5,1704096716
u0349,i593,5,1704096741
u0665,i023,5,1704098264
u1384,i549,5,1704098503
u0603,i055,4,1704098722
u0340,i323,4,1704098961
u1632,i507,1,1704099006
u1897,i573,5,1704099036
u0975,i013,4,1704099037
u0145,i108,4,1704099669
u0105,i102,4,1704099933
u0388,i143,1,1704099965
u1234,i268,5,1704100022
u0340,i582,5,1704101263
u1786,i510,4,1704101578
u0413,i508,4,1704102522
u1057,i254,1,1704104064
u1957,i507,5,1704104725
u0071,i539,4,1704105580
u0657,i119,5,1704105624
u1374,i136,4,1704105907
u0553,i564,4,1704107045
u0618,i471,4,1704107542
u1136,i025,4,1704108217
u1581,i151,2,1704109523
u1703,i507,4,1704110101
u1483,i273,4,1704110216
u1115,i337,5,1704110555
u0017,i059,1,1704110597
u1670,i464,4,1704110983
u0672,i350,5,1704111700
u0696,i092,4,1704111715
u0071,i077,4,1704112733
u1655,i418,4,1704112850
u1601,i571,4,1704112999
u0427,i093,5,1704113248
u1857,i319,5,1704113745
u0575,i141,4,1704114338
u1812,i419,4,1704114616
u0675,i499,4,1704114692
u1487,i539,5,1704115067
u0083,i340,4,1704115562
u0220,i297,5,1704117261
u0369,i550,5,1704118702
u0820,i216,5,1704119244
u0607,i402,5,1704119392
u1431,i358,4,1704120534
u0495,i566,3,1704120876
u0598,i521,5,1704121246
u1438,i107,4,1704122879
u0477,i117,1,1704122944
u1814,i452,4,1704123026
u1534,i333,4,1704123754
u0952,i159,2,1704123793
u0217,i252,4,1704124404
u1678,i230,5,1704124451
u1202,i333,4,1704124478
u0062,i428,5,1704124913
u0040,i286,1,1704125327
u1478,i492,4,1704125567
u1968,i357,5,1704125682
u0799,i393,5,1704125857
u0324,i563,5,1704125898
u1848,i221,4,1704126187
u1538,i209,4,1704126866
u1693,i161,4,1704127281
u0187,i364,5,1704127342
u0955,i481,1,1704127477
u0069,i028,5,1704127725
u0982,i469,4,1704127866
u0241,i291,5,1704128702
u1230,i550,5,1704128722
u0136,i417,4,1704128847
u0889,i333,4,1704129972
u1981,i140,5,1704130880
u1684,i190,5,1704132248
u1855,i243,5,1704132347
u1934,i564,4,1704132359
u1443,i268,5,1704132917
u0148,i590,4,1704133402
u1220,i526,3,1704133677
u1125,i259,4,1704133993
u0079,i090,5,1704134173
u0646,i431,5,1704134641
u1178,i473,4,1704134752
u1199,i268,3,1704134815
u0847,i447,3,1704134884
u0441,i217,4,1704135705
u1018,i060,5,1704135752
u0636,i514,4,1704136038
u1594,i013,1,1704136735
u1761,i018,5,1704136859
u1720,i084,4,1704137072
u0997,i117,5,1704137138
u0446,i268,5,1704137175
u1663,i254,4,1704137261
u0845,i495,4,1704138323
u1371,i377,1,1704138717
u1215,i417,5,1704138872
u1859,i194,5,1704139733
u0435,i454,1,1704140987
u0361,i430,4,1704141160
u1467,i427,4,1704141437
u0023,i048,4,1704142593
u0359,i273,5,1704142676
u1192,i250,4,1704142743
u0988,i478,5,1704142842
u1101,i549,5,1704143273
u0490,i363,5,1704143308
u1883,i274,5,1704143395
u1289,i250,4,1704143505
u0592,i397,5,1704143764
u0639,i334,1,1704143956
u1050,i048,5,1704144648
u1475,i261,2,1704145611
u1211,i088,5,1704145781
u1453,i541,4,1704145791
u0263,i142,5,1704146013
u1915,i399,5,1704146300
u0138,i252,1,1704148755
u0297,i533,5,1704149178
u0557,i484,5,1704149370
u1899,i361,1,1704149965
u1197,i119,4,1704149994
u0837,i154,4,1704150873
u0049,i368,2,1704151309
u1065,i474,5,1704151580
u1011,i550,5,1704152348
u0051,i093,5,1704153096
u0776,i202,4,1704153184
u0634,i079,4,1704153201
u1394,i392,4,1704153362
u1342,i557,4,1704154164
u0717,i097,5,1704154528
u0881,i387,3,1704154624
u0549,i566,2,1704155109
u0351,i268,5,1704155306
u1543,i073,5,1704155407
u0698,i243,4,1704155409
u0171,i481,5,1704155436
u1767,i390,4,1704155443
u1695,i143,3,1704155504
u0308,i008,3,1704155814
u1128,i497,5,1704155851
u1121,i568,5,1704156136
u0278,i243,1,1704156819
u0533,i230,4,1704156943
u0082,i243,3,1704158386
u0067,i055,1,1704160567
u1890,i520,5,1704160925
u0668,i243,5,1704161510
u0998,i460,5,1704161666
u1365,i243,3,1704161997
u0708,i472,1,1704163057
u0523,i549,1,1704163807
u1780,i547,4,1704163839
u1456,i562,3,1704163911
u0273,i172,5,1704164263
u1761,i425,4,1704165197
u1421,i292,4,1704165352
u1971,i250,2,1704165687
u1684,i344,5,1704165917
u0567,i249,2,1704166456
u1330,i299,4,1704166656
u1068,i422,4,1704167014
u1648,i268,4,1704167124
u0531,i254,4,1704167227
u1508,i410,4,1704167509
u1108,i088,4,1704169511
u1174,i089,5,1704171636
u0485,i364,4,1704172914
u0182,i243,3,1704173017
u0877,i097,4,1704173075
u1201,i489,5,1704173530
u1363,i544,5,1704173599
u1982,i139,4,1704173967
u0154,i243,4,1704174229
u1778,i440,5,1704175315
u1871,i278,4,1704175524
u1827,i178,4,1704176432
u0652,i260,4,1704176455
u0305,i363,5,1704176630
u0435,i205,2,1704176766
u1095,i003,3,1704177515
u1367,i185,5,1704178493
u1729,i092,4,1704178650
u0595,i144,5,1704178793
u1651,i100,5,1704179059
u0417,i129,5,1704179116
u1553,i248,1,1704179724
u1532,i375,5,1704179970
u1816,i254,4,1704180832
u1784,i222,5,1704181207
u1139,i568,5,1704181412
u0932,i091,5,1704182380
u0774,i529,4,1704182464
u0154,i204,4,1704183337
u1296,i140,5,1704183996
u0555,i504,5,1704184386
u0410,i145,4,1704185966
u0891,i243,4,1704186041
u1117,i042,1,1704186242
u1684,i237,5,1704187958
u1494,i117,1,1704187962
u0089,i335,4,1704190217
u0821,i281,2,1704190240
u0118,i521,5,1704190421
u1226,i277,4,1704191036
u0483,i136,5,1704191116
u0826,i244,5,1704191187
u1992,i215,4,1704192037
u1466,i009,5,1704192252
u0031,i507,5,1704193133
u1591,i491,5,1704193508
u0022,i247,4,1704194531
u1814,i048,5,1704195561
u0395,i037,2,1704196306
u1774,i575,4,1704196392
u1903,i113,4,1704197127
u1497,i275,4,1704197528
u1508,i577,1,1704197619
u1402,i113,4,1704198401
u1480,i100,1,1704198907
u1688,i333,1,1704199151
u1844,i575,3,1704199525
u1787,i204,3,1704199884
u0409,i108,3,1704200100
u1290,i021,4,1704200364
u1637,i580,4,1704200535
u0272,i220,1,1704201089
u1594,i073,5,1704201428
u1383,i265,4,1704201884
u0098,i340,1,1704203196
u0081,i294,5,1704203344
u1608,i002,5,1704203911
u1281,i097,4,1704204871
u1049,i477,5,1704205494
u1520,i243,1,1704206372
u0648,i118,5,1704206546
u1598,i243,4,1704206717
u0592,i170,5,1704206926
u1745,i417,1,1704207108
u1878,i234,5,1704207152
u0717,i575,5,1704207161
u0731,i291,5,1704207312
u1829,i108,5,1704209128
u0688,i540,4,1704210358
u1031,i565,5,1704210576
u1352,i115,4,1704212456
u0980,i195,5,1704212797
u1479,i126,5,1704213620
u0003,i031,1,1704214093
u0468,i526,5,1704214138
u0991,i333,1,1704214195
u0437,i242,5,1704214333
u1703,i266,5,1704215243
u1091,i119,5,1704215328
u0830,i454,5,1704215832
u0667,i381,4,1704215990
u1281,i580,5,1704216161
u1492,i031,4,1704216443
u0030,i204,4,1704217173
u0510,i363,5,1704217410
u1414,i180,4,1704217595
u0121,i265,4,1704218332
u0901,i243,4,1704218429
u1077,i284,4,1704219151
u1143,i205,5,1704219292
u1336,i397,5,1704219623
u1219,i237,4,1704219789
u1564,i219,4,1704219852
u1612,i087,5,1704220034
u1864,i029,4,1704220252
u1432,i320,5,1704220359
u1231,i217,5,1704220391
u0798,i140,5,1704220885
u1788,i236,4,1704221213
u1774,i296,3,1704221395
u1487,i595,4,1704221717
u1506,i004,5,1704221780
u1436,i468,4,1704221837
u1091,i490,4,1704222354
u0142,i448,5,1704222381
u1508,i341,5,1704222585
u1243,i313,5,1704222734
u0710,i568,3,1704223455
u0433,i310,5,1704223590
u1987,i461,5,1704223706
u1032,i243,4,1704223918
u1910,i461,4,1704224215
u1931,i575,4,1704224401
u1480,i265,4,1704224582
u1547,i095,4,1704224604
u1617,i417,1,1704224793
u1687,i062,4,1704224939
u0912,i140,2,1704226460
u1189,i143,5,1704226613
u0647,i526,5,1704227622
u0079,i049,5,1704228525
u0896,i140,5,1704229025
u0720,i252,5,1704229207
u0042,i108,4,1704229455
u1648,i104,4,1704230053
u1171,i217,5,1704231031
u0965,i566,4,1704231143
u0835,i230,5,1704231819
u0936,i472,3,1704232027
u1724,i553,5,1704232344
u0822,i004,4,1704232525
u0995,i334,1,1704232563
u0271,i287,3,1704233616
u1703,i334,2,1704234072
u1104,i140,3,1704234228
u0417,i188,5,1704234291
u1189,i233,3,1704234469
u1112,i022,5,1704234812
u0750,i274,4,1704235010
u1246,i113,4,1704235312
u1121,i117,5,1704236267
u0502,i287,1,1704236720
u1160,i013,4,1704236773
u0152,i048,3,1704237399
u1834,i455,5,1704237574
u1154,i068,1,1704238225
u0907,i487,4,1704238555
u1999,i434,5,1704239036
u0358,i097,5,1704239060
u1546,i325,5,1704239553
u1103,i100,4,1704241398
u0319,i255,5,1704241476
u1797,i448,1,1704241485
u0119,i399,1,1704242012
u0738,i237,4,1704242292
u1035,i496,5,1704242779
u1180,i588,5,1704243126
u0592,i456,5,1704243137
u1198,i219,4,1704243312
u1730,i507,5,1704244096
u0820,i483,1,1704245165
u1154,i116,4,1704245419
u0164,i333,3,1704247058
u0420,i220,3,1704247088
u0536,i561,4,1704247119
u0287,i507,1,1704248910
u0981,i143,4,1704249021
u0349,i448,3,1704250464
u1773,i595,1,1704250917
u1276,i344,5,1704251836
u1376,i097,5,1704252366
u1516,i120,4,1704252755
u0546,i291,5,1704253096
u1967,i112,5,1704254527
u0344,i205,5,1704254533
u0427,i013,5,1704255534
u0038,i169,4,1704255574
u0874,i361,5,1704255674
u0216,i285,4,1704256572
u0105,i493,2,1704257714
u0930,i243,1,1704257860
u0370,i526,5,1704258028
u1964,i446,4,1704258209
u1562,i265,4,1704259330
u0087,i032,2,1704259376
u0020,i113,5,1704260237
u0402,i472,4,1704260242
u0184,i205,4,1704260624
u1362,i260,5,1704260725
u0441,i214,5,1704261024
u0856,i332,5,1704261552
u1776,i261,4,1704261620
u1164,i117,4,1704261993
u0625,i000,3,1704262493
u1355,i234,5,1704263094
u0321,i105,5,1704263357
u1522,i357,5,1704263595
u1619,i026,5,1704264678
u0462,i407,5,1704264988
u0074,i363,5,1704265329
u1210,i206,5,1704265807
u1780,i026,5,1704266104
u0984,i019,5,1704267251
u0101,i501,5,1704267784
u0697,i422,4,1704267893
u0049,i023,5,1704268138
u1645,i495,5,1704268903
u1544,i347,4,1704269283
u0567,i243,3,1704269571
u1001,i117,5,1704270011
u0287,i553,4,1704270223
u0639,i048,1,1704270359
u1066,i306,4,1704270726
u0434,i461,5,1704270828
u0705,i130,5,1704271990
u0667,i469,5,1704273178
u1182,i337,4,1704274018
u0469,i583,5,1704274192
u0385,i507,4,1704274678
u0934,i081,5,1704274857
u0494,i029,4,1704275365
u0185,i325,5,1704275992
u0440,i202,4,1704277295
u1459,i133,3,1704277361
u0509,i363,5,1704278166
u0786,i303,5,1704278327
u1248,i372,4,1704278672
u1022,i255,4,1704279554
u1778,i417,4,1704279588
u0103,i261,3,1704279689
u0856,i007,5,1704279848
u1277,i419,4,1704279923
u0022,i566,3,1704280121
u0947,i237,1,1704280134
u0476,i394,5,1704280286
u0358,i080,5,1704281167
u0248,i268,1,1704281422
u1064,i062,5,1704281547
u1032,i029,1,1704283364
u0813,i381,4,1704284178
u0326,i118,5,1704284969
u1145,i340,4,1704285484
u0337,i362,5,1704285578
u1839,i097,4,1704285591
u0194,i254,4,1704286026
u1103,i554,4,1704286308
u1865,i535,4,1704287077
u0223,i291,5,1704288430
u0858,i117,1,1704288435
u1317,i395,4,1704288550
u0541,i206,1,1704288677
u0275,i062,5,1704290026
u0707,i529,4,1704290042
u1266,i387,5,1704290356
u1551,i565,2,1704290537
u0354,i488,4,1704290561
u0601,i425,4,1704291142
u0593,i519,4,1704291686
u1160,i146,5,1704292091
u1879,i528,4,1704292484
u1674,i165,4,1704292516
u0643,i447,4,1704293343
u0044,i529,4,1704293891
u0191,i105,2,1704294190
u0411,i030,1,1704294899
u0851,i363,2,1704295088
u1973,i243,5,1704295127
u0292,i440,4,1704295292
u0548,i561,5,1704295882
u1496,i415,4,1704296286
u0012,i268,1,1704296854
u0414,i203,1,1704297045
u1499,i286,5,1704297261
u0462,i505,5,1704297546
u1838,i568,4,1704297618
u0181,i437,5,1704298550
u0367,i344,5,1704298739
u0931,i355,3,1704298942
u0127,i136,5,1704299218
u1907,i212,5,1704299690
u0385,i270,5,1704299804
u0165,i129,4,1704299827
u0345,i334,4,1704299903
u1889,i334,4,1704300371
u1267,i034,5,1704300598
u0316,i516,5,1704300848
u1621,i274,5,1704301048
u1817,i236,5,1704301359
u0102,i341,4,1704302100
u1149,i092,5,1704302153
u0744,i577,5,1704303191
u1612,i236,4,1704304054
u0567,i568,4,1704304292
u1588,i302,5,1704304744
u1245,i598,4,1704304882
u0916,i268,3,1704306347
u0217,i050,5,1704308269
u0062,i443,4,1704308985
u0924,i576,4,1704309286
u0822,i526,4,1704309726
u0472,i014,5,1704310116
u1989,i507,2,1704311779
u1431,i042,5,1704312387
u1670,i158,4,1704312404
u0955,i363,4,1704312810
u0567,i360,4,1704313281
u1070,i377,5,1704313661
u1291,i599,5,1704314071
u0379,i375,4,1704314929
u1012,i526,5,1704315536
u0978,i159,5,1704315815
u0670,i333,4,1704317555
u1610,i420,5,1704318339
u1039,i002,4,1704318539
u0929,i243,5,1704319544
u1171,i550,4,1704320203
u1342,i417,5,1704320747
u0993,i037,5,1704321928
u1902,i593,5,1704324160
u1378,i492,5,1704324286
u1992,i305,5,1704324373
u0153,i431,4,1704324518
u0996,i515,3,1704324640
u0039,i574,5,1704324928
u0089,i404,2,1704325463
u1373,i500,5,1704325481
u1867,i591,5,1704325962
u0639,i504,5,1704326044
u0337,i243,5,1704326185
u0636,i377,4,1704326688
u0933,i444,3,1704327395
u0878,i283,4,1704327806
u1158,i511,4,1704327891
u1435,i089,4,1704327990
u1209,i333,4,1704328079
u0707,i507,4,1704329340
u0132,i371,5,1704329577
u1003,i410,2,1704329720
u0852,i248,1,1704330197
u0064,i233,5,1704330390
u0487,i137,5,1704330909
u0693,i065,1,1704331138
u0023,i040,5,1704331404
u1499,i564,3,1704331709
u1184,i265,5,1704331884
u1818,i151,3,1704332159
u0139,i193,5,1704332886
u1260,i529,4,1704333091
u1948,i285,4,1704333297
u0600,i214,4,1704333747
u1234,i047,4,1704334324
u1198,i051,4,1704335051
u0578,i522,5,1704335144
u1583,i334,5,1704335843
u1385,i072,4,1704336431
u1058,i458,4,1704337023
u1389,i381,4,1704337086
u1612,i302,4,1704337271
u1247,i597,5,1704338266
u0508,i084,2,1704339414
u1044,i298,1,1704339677
u0321,i553,4,1704339969
u1378,i539,5,1704340087
u1886,i244,3,1704340370
u0968,i063,5,1704340445
u0754,i013,5,1704340881
u1636,i595,5,1704340891
u0986,i307,4,1704341438
u1436,i529,5,1704341836
u1570,i371,4,1704341926
u0844,i559,1,1704342863
u0747,i558,5,1704343008
u0147,i015,5,1704343827
u0792,i125,5,1704344911
u1476,i390,5,1704345438
u1903,i117,3,1704345497
u1485,i365,4,1704345564
u1636,i015,5,1704345597
u0206,i435,1,1704346796
u0517,i498,5,1704347330
u1005,i310,5,1704347534
u1877,i541,2,1704347662
u0720,i372,5,1704348642
u1733,i521,4,1704349589
u1887,i106,5,1704349857
u1590,i076,4,1704350253
u1344,i459,4,1704351178
u1909,i485,4,1704351434
u1023,i397,4,1704351743
u1567,i289,5,1704352308
u1252,i580,3,1704352716
u0054,i526,4,1704352914
u0492,i363,4,1704352954
u1866,i177,5,1704353082
u1346,i551,3,1704353262
u0140,i424,5,1704353305
u1548,i091,4,1704354139
u1789,i387,4,1704354151
u0298,i363,1,1704354201
u1892,i539,5,1704354386
u1860,i591,5,1704355020
u1963,i480,5,1704355735
u1061,i103,5,1704356918
u1861,i022,4,1704356991
u0427,i206,4,1704357121
u1412,i341,5,1704357359
u1101,i334,4,1704357485
u1462,i230,4,1704357525
u1651,i495,4,1704357718
u0506,i014,5,1704358047
u0118,i197,5,1704358683
u0925,i451,1,1704358747
u0388,i268,4,1704360130
u0990,i001,5,1704360805
u1035,i335,5,1704361055
u0468,i372,1,1704361390
u0791,i333,4,1704362957
u0818,i511,5,1704362988
u1015,i234,4,1704363660
u0604,i021,4,1704363696
u0034,i220,5,1704363698
u1730,i251,5,1704363722
u1018,i038,4,1704364451
u0662,i490,5,1704364488
u0851,i074,4,1704364859
u0438,i054,5,1704364972
u1961,i332,5,1704365056
u1723,i292,5,1704365499
u1075,i347,5,1704365668
u1721,i177,4,1704366847
u0795,i364,4,1704366864
u1417,i568,4,1704367326
u0309,i096,5,1704367463
u1298,i529,3,1704368202
u0072,i084,5,1704368411
u1983,i361,1,1704368725
u0716,i283,5,1704369437
u1582,i092,5,1704370999
u0254,i213,4,1704371808
u0526,i409,5,1704371888
u0315,i264,4,1704371955
u1350,i493,4,1704372196
u0800,i156,4,1704372332
u1291,i568,3,1704372362
u1635,i319,5,1704373374
u0041,i315,5,1704374491
u0802,i261,5,1704375698
u0337,i096,4,1704376368
u0980,i461,4,1704377977
u0925,i116,4,1704378422
u1656,i023,5,1704380352
u1294,i243,2,1704380613
u0382,i264,4,1704380706
u0665,i432,3,1704381834
u1089,i188,4,1704382231
u0220,i220,5,1704383491
u0610,i118,4,1704383583
u0033,i189,4,1704384957
u0758,i397,2,1704386195
u0542,i335,5,1704386872
u1952,i361,4,1704387062
u0103,i523,4,1704387232
u1656,i073,4,1704387337
u1915,i116,5,1704387927
u1677,i031,4,1704388715
u0603,i467,5,1704389242
u0672,i551,4,1704390025
u1019,i194,2,1704391196
u1870,i361,4,1704391370
u0103,i355,5,1704391679
u0231,i550,4,1704392097
u0220,i333,4,1704393239
u1928,i364,1,1704393307
u1711,i064,5,1704394834
u1000,i108,4,1704394849
u1537,i243,2,1704395011
u1647,i470,5,1704395668
u1215,i231,5,1704395856
u0757,i371,4,1704396911
u0845,i561,4,1704397881
u1924,i424,5,1704398784
u0132,i531,4,1704398951
u0823,i243,3,1704399308
u0867,i203,5,1704400050
u1573,i351,4,1704400318
u0368,i166,5,1704400443
u1311,i427,5,1704400966
u0136,i087,4,1704401168
u1017,i111,4,1704401770
u0802,i568,4,1704402346
u0642,i261,5,1704402586
u0251,i060,1,1704402914
u1981,i193,4,1704403273
u0929,i564,5,1704404060
u1847,i526,1,1704404112
u1152,i333,4,1704404587
u1138,i303,3,1704405785
u1302,i211,4,1704406274
u0364,i093,5,1704406407
u1208,i011,4,1704406437
u1481,i478,4,1704406506
u0121,i464,5,1704406865
u1021,i399,4,1704406989
u0402,i152,4,1704408299
u0781,i527,4,1704408446
u1684,i092,4,1704410054
u1285,i117,4,1704410289
u0411,i243,5,1704410300
u0701,i261,3,1704410603
u0270,i201,4,1704411253
u1140,i550,3,1704411370
u1183,i254,5,1704411772
u0125,i417,2,1704411906
u0361,i322,4,1704412593
u0660,i093,4,1704413030
u0882,i469,4,1704413687
u1813,i060,4,1704414079
u0805,i364,5,1704415690
u0810,i333,1,1704417646
u0155,i220,5,1704417676
u1090,i117,3,1704417718
u1430,i334,5,1704417815
u1680,i564,3,1704418603
u1810,i225,4,1704418703
u0489,i097,5,1704418905
u1311,i078,5,1704420541
u0234,i268,4,1704420738
u1282,i541,4,1704421972
u1156,i106,4,1704422660
u0317,i429,4,1704422691
u0579,i448,2,1704425247
u0698,i364,4,1704425367
u0968,i333,3,1704425513
u0698,i357,4,1704427129
u1461,i595,4,1704427589
u1108,i528,3,1704427735
u0384,i334,5,1704427916
u0108,i386,4,1704428051
u0982,i424,4,1704429047
u0188,i562,4,1704429537
u1330,i484,4,1704429821
u0328,i136,2,1704430308
u1980,i268,4,1704430424
u0501,i062,5,1704431964
u0788,i038,5,1704432132
u0164,i499,5,1704432315
u1329,i559,4,1704432391
u0550,i266,4,1704432490
u0210,i402,5,1704433417
u0586,i571,5,1704433454
u1967,i394,5,1704433503
u0615,i021,5,1704434635
u0399,i507,5,1704434746
u0237,i099,2,1704435699
u1763,i507,4,1704436498
u0599,i221,5,1704436923
u0554,i261,4,1704436998
u1283,i303,2,1704437467
u1348,i595,5,1704437917
u0587,i183,5,1704438041
u1610,i529,3,1704438246
u0647,i085,4,1704438689
u1426,i139,5,1704439050
u0045,i365,2,1704440089
u0982,i467,2,1704440558
u0266,i243,2,1704441114
u0839,i591,4,1704441498
u1122,i479,5,1704441817
u0824,i031,2,1704442327
u1416,i294,4,1704444086
u1810,i428,4,1704444268
u1348,i284,5,1704444669
u1026,i243,4,1704444924
u1384,i092,5,1704447916
u0406,i551,5,1704448135
u0018,i357,5,1704448219
u1151,i037,4,1704448852
u0104,i195,4,1704449071
u0071,i368,4,1704450250
u1496,i323,4,1704450462
u0977,i073,5,1704450952
u0273,i333,5,1704451145
u0405,i205,5,1704451861
u0611,i170,4,1704452029
u0588,i134,4,1704452631
u1703,i163,3,1704453445
u1449,i255,5,1704453822
u1222,i408,4,1704454817
u1393,i529,5,1704455969
u0187,i333,3,1704456883
u0779,i411,4,1704457871
u1866,i336,4,1704459322
u0390,i243,1,1704459503
u0418,i525,2,1704459805
u1438,i365,1,1704460159
u1920,i292,5,1704460266
u0708,i117,1,1704460307
u0764,i290,5,1704462126
u0003,i355,1,1704462751
u1089,i374,4,1704462931
u0600,i500,5,1704463713
u0999,i099,4,1704464670
u1772,i118,1,1704465413
u1803,i333,5,1704466231
u1011,i470,5,1704466884
u0053,i364,3,1704466923
u1669,i591,3,1704466985
u0640,i268,5,1704467457
u1945,i142,5,1704467711
u0016,i504,5,1704468282
u0627,i580,5,1704468603
u0326,i040,5,1704469468
u1781,i399,5,1704470902
u0128,i146,4,1704471022
u0445,i407,4,1704471094
u0793,i418,5,1704471231
u1591,i053,4,1704471782
u0169,i366,1,1704472354
u0359,i082,5,1704473204
u0766,i163,5,1704473395
u0418,i073,1,1704473720
u0949,i254,5,1704474813
u0731,i480,4,1704475283
u0868,i443,4,1704475568
u1329,i340,5,1704476114
u0584,i241,4,1704477122
u1356,i194,5,1704477498
u0385,i372,5,1704478386
u0669,i122,4,1704478534
u1767,i373,5,1704478607
u0268,i286,1,1704478637
u1589,i539,5,1704478978
u1920,i584,5,1704479023
u0584,i229,4,1704479099
u1289,i566,5,1704479661
u1049,i124,4,1704479870
u0728,i286,4,1704479931
u1427,i361,2,1704480486
u0868,i384,5,1704480508
u1900,i386,4,1704480544
u1059,i425,5,1704480816
u0555,i071,1,1704480899
u1422,i299,3,1704481655
u0098,i428,4,1704482054
u0161,i117,5,1704482368
u1059,i048,2,1704482530
u0594,i073,5,1704483282
u0999,i363,4,1704484822
u1542,i314,5,1704484940
u0805,i069,5,1704485035
u1809,i218,2,1704485282
u1400,i333,3,1704485426
u1963,i356,4,1704485754
u0519,i337,5,1704486222
u0694,i007,5,1704486580
u1966,i271,4,1704487077
u1879,i504,2,1704487679
u0972,i187,4,1704487862
u1528,i493,4,1704488195
u1061,i220,5,1704488382
u0267,i162,4,1704488498
u1634,i469,5,1704488603
u1554,i492,4,1704488825
u1570,i526,1,1704489394
u0708,i030,4,1704489688
u0589,i428,5,1704489946
u1018,i337,5,1704490432
u0951,i578,4,1704490600
u1788,i491,2,1704491188
u0061,i256,3,1704491517
u1182,i377,4,1704493291
u0624,i208,5,1704494266
u0239,i021,5,1704494429
u0376,i570,4,1704494701
u0833,i085,4,1704495444
u0636,i447,2,1704495923
u1077,i594,4,1704496238
u1097,i575,5,1704496636
u0279,i243,5,1704497237
u1363,i197,5,1704497636
u1199,i010,4,1704498728
u0604,i372,2,1704499120
u0789,i265,5,1704500286
u1509,i504,4,1704500338
u1042,i058,5,1704500412
u0519,i274,1,1704500647
u1371,i495,4,1704500768
u0988,i130,2,1704500999
u0003,i428,4,1704501607
u1050,i074,4,1704502786
u1332,i245,3,1704503286
u0027,i570,5,1704503551
u1842,i264,5,1704503677
u1573,i208,5,1704503736
u0240,i417,5,1704504137
u1517,i205,4,1704504398
u1890,i007,4,1704504457
u0425,i537,5,1704504557
u0200,i256,5,1704504885
u1914,i291,2,1704504898
u1844,i139,4,1704505436
u0664,i199,4,1704505614
u0302,i291,4,1704506052
u0539,i364,4,1704506164
u0449,i118,4,1704506404
u0675,i586,5,1704506807
u1283,i442,4,1704507306
u1668,i291,5,1704507458
u1899,i048,5,1704508388
u0802,i361,5,1704509613
u0547,i550,4,1704509917
u0210,i351,5,1704510119
u1483,i291,5,1704510615
u1770,i334,4,1704510814
u0351,i425,5,1704511840
u1065,i243,4,1704511873
u1211,i592,4,1704512829
u0988,i364,4,1704513030
u0346,i105,5,1704513169
u0057,i466,4,1704513224
u0757,i372,3,1704513897
u0338,i119,4,1704514029
u1521,i335,4,1704515019
u0108,i448,4,1704515862
u0508,i119,1,1704516689
u1402,i297,2,1704517267
u1020,i493,5,1704518006
u1263,i297,4,1704518047
u1164,i593,4,1704518690
u1131,i089,5,1704518901
u1276,i334,4,1704519134
u1259,i097,5,1704519160
u1289,i321,4,1704519275
u0784,i314,4,1704520217
u0727,i080,4,1704520993
u1023,i057,1,1704521072
u0559,i297,2,1704521415
u1273,i229,5,1704522398
u0292,i340,4,1704522459
u0195,i062,4,1704522460
u1802,i490,4,1704522554
u0747,i526,5,1704523080
u1696,i361,3,1704523701
u0558,i122,5,1704524018
u0647,i333,4,1704524034
u0745,i461,4,1704524063
u0918,i211,4,1704524147
u0068,i385,4,1704525145
u0692,i096,5,1704525980
u0734,i347,5,1704526455
u0449,i344,4,1704526588
u1772,i405,4,1704526654
u1527,i097,5,1704526932
u0845,i461,2,1704527136
u1717,i254,1,1704527655
u1581,i337,5,1704528152
u0227,i363,4,1704528450
u0167,i100,5,1704529040
u0732,i513,4,1704529509
u0921,i261,4,1704529770
u0796,i073,4,1704530725
u1208,i113,5,1704531282
u0124,i568,5,1704532346
u1031,i018,5,1704532848
u0825,i595,4,1704535023
u0371,i023,5,1704535270
u1983,i063,5,1704535488
u1715,i093,5,1704535579
u1348,i417,4,1704535744
u1631,i089,5,1704536417
u1517,i185,5,1704536614
u0627,i031,4,1704537207
u1297,i342,3,1704538854
u0105,i052,2,1704539317
u1667,i215,5,1704539621
u0732,i192,5,1704539746
u0419,i443,4,1704539820
u1503,i245,4,1704539902
u1836,i106,2,1704539956
u0999,i042,5,1704539972
u1094,i548,5,1704540098
u0791,i108,4,1704540567
u0482,i137,5,1704540618
u0982,i588,4,1704540742
u1700,i143,4,1704540972
u0697,i150,5,1704541373
u0384,i019,5,1704541437
u0434,i265,4,1704541576
u0615,i265,5,1704541782
u1873,i445,5,1704542405
u0077,i572,4,1704542558
u1509,i464,5,1704543211
u0514,i473,4,1704543609
u1156,i113,3,1704543715
u0423,i297,3,1704543740
u1462,i526,5,1704544881
u1678,i362,2,1704545178
u1544,i079,4,1704545623
u0935,i275,5,1704545873
u0595,i062,5,1704546703
u1385,i564,4,1704546713
u1861,i038,5,1704546807
u0167,i364,4,1704547293
u0144,i348,1,1704547468
u0228,i282,4,1704548271
u0984,i118,5,1704548444
u1957,i529,5,1704549584
u0395,i507,5,1704550300
u1784,i113,4,1704550320
u0607,i092,4,1704551258
u1491,i284,4,1704551408
u1896,i570,4,1704551641
u0150,i492,4,1704551914
u1219,i315,4,1704552475
u0822,i333,5,1704554097
u1937,i347,5,1704554439
u0665,i563,4,1704554762
u1222,i227,1,1704554894
u0988,i357,4,1704555002
u0267,i450,5,1704556400
u1363,i371,4,1704556593
u0509,i261,3,1704556641
u1869,i015,4,1704556943
u0964,i252,5,1704557084
u1816,i529,3,1704557458
u0446,i596,5,1704557599
u1544,i116,1,1704557991
u0642,i593,4,1704558227
u0737,i186,5,1704558723
u0853,i000,5,1704558726
u1222,i544,1,1704559204
u0859,i105,5,1704559265
u1049,i031,4,1704559317
u0988,i564,5,1704559780
u1556,i243,1,1704560217
u1648,i292,5,1704560752
u0857,i370,5,1704561329
u0722,i480,4,1704561502
u0343,i492,4,1704562821
u1481,i357,4,1704562834
u1508,i485,5,1704563282
u1777,i497,4,1704563432
u0952,i399,4,1704563819
u1020,i566,5,1704564112
u1637,i160,5,1704564332
u0619,i060,4,1704564556
u0269,i357,5,1704564781
u1480,i514,5,1704565392
u0051,i352,5,1704566153
u1948,i391,1,1704566292
u0811,i243,2,1704566498
u0700,i443,3,1704566997
u0129,i117,4,1704567020
u0592,i123,3,1704567052
u1946,i334,4,1704567116
u0661,i334,4,1704567902
u1243,i470,4,1704568146
u1490,i333,2,1704568823
u1398,i261,1,1704568845
u0058,i100,4,1704568847
u0458,i461,5,1704569268
u0327,i113,5,1704570644
u1455,i430,5,1704571325
u0440,i013,5,1704572956
u0147,i467,1,1704573035
u1830,i274,5,1704573119
u0163,i374,5,1704573350
u1004,i290,3,1704574094
u1086,i593,5,1704574515
u1691,i363,4,1704574776
u0231,i060,5,1704575422
u0624,i244,5,1704575541
u1239,i213,4,1704575757
u0581,i399,4,1704576429
u1165,i268,5,1704576430
u0459,i400,4,1704576839
u1128,i357,3,1704577211
u0676,i357,4,1704577583
u0970,i565,5,1704578193
u1758,i118,4,1704578231
u1932,i268,4,1704578379
u1374,i268,1,1704578550
u1794,i261,4,1704578672
u0319,i025,5,1704578740
u0467,i463,5,1704579361
u1380,i333,4,1704580542
u0105,i243,5,1704581721
u0864,i251,4,1704582134
u0645,i302,5,1704583692
u0405,i511,4,1704584412
u1962,i292,1,1704584485
u1468,i132,3,1704584630
u1240,i434,4,1704586034
u0916,i519,5,1704586661
u0304,i480,5,1704586748
u0592,i480,4,1704586911
u0288,i125,2,1704587327
u1084,i530,4,1704587538
u1575,i485,3,1704588643
u0221,i352,5,1704588762
u0380,i374,4,1704589187
u1556,i405,4,1704589483
u1543,i364,1,1704589841
u1250,i429,4,1704590309
u1332,i241,5,1704591935
u1645,i554,4,1704592549
u0946,i364,4,1704593257
u0851,i177,5,1704594276
u0000,i233,5,1704594584
u0521,i363,4,1704596022
u1109,i570,1,1704596036
u0412,i568,2,1704596650
u1218,i114,5,1704597319
u1789,i160,5,1704598312
u1232,i261,5,1704599186
u1499,i582,5,1704599231
u0227,i245,5,1704599715
u1658,i125,4,1704599842
u1228,i261,4,1704600028
u1544,i291,3,1704600198
u1427,i411,5,1704600256
u1582,i268,2,1704600421
u0851,i446,4,1704601046
u0310,i351,4,1704601279
u1258,i055,5,1704602548
u1962,i370,5,1704602577
u1081,i099,5,1704603805
u1494,i568,3,1704603808
u1960,i456,5,1704603846
u1206,i413,4,1704603917
u0597,i391,5,1704604075
u0102,i472,5,1704604876
u0155,i419,2,1704605730
u0336,i085,1,1704605746
u1297,i292,5,1704605858
u0851,i140,2,1704606031
u0466,i334,1,1704606615
u0603,i595,3,1704606906
u0819,i131,5,1704607036
u0294,i385,4,1704607124
u1801,i519,5,1704607602
u0278,i273,5,1704607810
u1204,i334,3,1704608005
u0170,i333,1,1704608434
u0072,i237,1,1704608538
u0849,i060,4,1704608836
u1462,i282,4,1704608906
u1546,i363,4,1704609722
u0184,i120,5,1704609766
u1636,i420,3,1704609849
u1886,i507,4,1704610063
u1748,i550,5,1704610209
u0163,i152,5,1704611535
u1569,i538,5,1704611574
u0580,i552,1,1704611907
u0194,i361,5,1704612009
u0268,i113,1,1704613305
u1001,i382,5,1704613581
u1333,i377,5,1704613798
u1825,i424,2,1704614792
u0777,i214,5,1704615217
u1970,i268,1,1704615798
u0796,i025,4,1704616518
u1525,i515,5,1704616587
u1108,i234,4,1704616904
u0186,i029,4,1704617587
u0182,i372,5,1704617907
u1109,i526,5,1704618240
u1639,i483,4,1704618297
u0614,i282,5,1704618830
u1754,i507,5,1704618854
u1779,i484,5,1704619542
u1912,i470,4,1704619583
u1731,i481,4,1704621048
u1025,i145,4,1704621190
u0279,i171,4,1704621290
u1987,i255,5,1704621307
u0913,i162,4,1704621478
u0071,i426,2,1704621481
u1075,i007,4,1704621668
u1491,i242,5,1704621705
u1151,i117,3,1704621917
u0652,i337,5,1704622078
u1592,i461,4,1704622218
u0402,i466,4,1704623111
u0199,i363,4,1704623615
u1198,i254,3,1704624104
u0154,i363,1,1704624238
u0364,i193,5,1704624652
u0445,i448,2,1704624701
u1436,i493,5,1704625930
u0625,i065,4,1704626146
u0354,i333,5,1704626250
u1024,i334,3,1704626923
u0283,i293,5,1704627448
u1819,i240,3,1704627757
u0741,i294,5,1704628046
u0495,i136,5,1704628409
u0087,i588,4,1704628524
u1051,i591,4,1704629058
u0612,i454,4,1704629979
u1161,i091,5,1704630844
u1953,i207,4,1704630973
u0445,i470,2,1704631579
u0448,i065,4,1704632626
u0995,i571,4,1704632708
u1502,i361,2,1704633216
u1941,i097,4,1704633465
u0036,i297,3,1704633666
u0468,i498,5,1704633735
u0661,i499,5,1704635466
u0758,i234,4,1704635820
u1114,i134,4,1704635898
u1429,i470,5,1704636777
u1360,i541,5,1704637046
u1273,i425,5,1704637087
u0917,i212,4,1704637780
u0479,i357,1,1704637797
u0074,i042,5,1704638254
u1316,i352,4,1704638381
u1480,i158,4,1704638639
u0078,i227,5,1704639229
u1609,i531,5,1704640903
u1800,i091,2,1704641681
u1813,i143,5,1704642882
u1042,i048,5,1704642972
u0423,i364,4,1704643072
u0954,i131,4,1704643166
u1952,i568,4,1704643256
u0157,i473,5,1704643330
u0089,i203,5,1704643403
u1499,i383,3,1704643450
u0584,i049,4,1704643579
u1432,i333,2,1704643861
u1174,i243,4,1704644228
u1573,i470,1,1704645359
u0781,i252,4,1704645567
u1027,i108,4,1704646600
u0440,i363,1,1704646712
u0696,i019,5,1704647210
u0326,i374,4,1704647397
u1244,i106,5,1704647552
u0282,i029,4,1704648110
u1152,i387,5,1704648329
u1059,i206,4,1704649297
u0059,i160,4,1704649768
u0803,i483,4,1704649797
u1815,i065,4,1704649870
u0150,i363,4,1704650162
u1040,i291,4,1704650204
u1589,i510,4,1704650525
u1676,i438,4,1704651608
u1731,i320,4,1704652633
u1431,i559,5,1704652796
u0916,i130,5,1704653052
u1008,i568,4,1704653339
u0797,i431,3,1704653340
u0576,i315,4,1704653580
u0847,i237,4,1704654585
u1678,i332,1,1704654644
u1907,i142,4,1704654910
u0600,i460,4,1704655285
u1035,i357,4,1704656145
u0116,i411,2,1704656374
u0145,i154,5,1704656625
u0419,i250,4,1704656763
u1857,i093,5,1704656802
u1996,i440,3,1704657402
u1968,i001,4,1704657526
u0814,i511,4,1704657965
u1506,i541,5,1704658102
u1467,i091,5,1704659079
u0684,i397,4,1704660218
u1719,i363,5,1704660441
u0113,i196,2,1704660609
u0914,i568,2,1704660821
u1629,i373,4,1704661836
u0212,i136,4,1704662763
u1676,i429,4,1704664172
u1597,i306,5,1704664289
u0667,i125,3,1704665003
u1457,i334,5,1704665231
u0525,i363,1,1704665641
u0426,i266,4,1704665794
u0238,i256,5,1704665993
u1249,i361,4,1704666285
u1672,i263,5,1704666535
u1740,i433,4,1704666637
u0053,i545,4,1704666796
u0842,i280,5,1704667094
u0020,i398,4,1704667994
u0621,i004,3,1704668464
u1534,i108,4,1704668468
u0677,i536,5,1704668864
u1600,i419,4,1704668911
u1440,i113,2,1704669451
u1237,i118,2,1704669974
u1189,i189,5,1704670513
u0778,i013,5,1704671879
u0996,i261,4,1704672287
u0277,i504,4,1704672371
u0214,i448,5,1704672921
u1987,i566,2,1704673283
u1351,i176,4,1704674076
u0145,i526,5,1704674122
u1658,i243,5,1704674301
u0301,i070,5,1704674710
u0139,i418,4,1704675099
u1638,i109,4,1704675894
u0518,i442,3,1704676009
u1098,i508,5,1704676812
u0872,i514,5,1704676927
u1122,i126,4,1704679033
u0193,i482,4,1704679226
u0042,i314,5,1704679520
u1855,i459,1,1704679942
u1935,i597,5,1704679997
u0833,i275,5,1704680597
u1243,i588,3,1704681313
u0988,i106,4,1704682543
u0494,i334,3,1704683318
u1071,i574,3,1704683546
u1795,i511,2,1704683959
u0675,i465,2,1704684109
u0724,i048,4,1704684897
u1222,i113,5,1704685011
u1198,i526,4,1704685494
u0713,i220,4,1704685539
u1099,i537,5,1704686299
u0565,i268,5,1704687121
u1045,i254,1,1704687383
u0573,i274,4,1704687636
u0897,i388,4,1704687786
u1422,i340,5,1704688011
u1611,i293,5,1704688536
u0432,i023,5,1704688902
u1916,i542,4,1704689668
u1752,i211,5,1704690132
u0889,i261,2,1704690478
u1491,i417,5,1704691409
u1814,i511,5,1704692640
u0259,i480,1,1704692700
u1659,i146,5,1704693251
u1738,i363,2,1704693456
u0376,i221,4,1704693544
u0423,i403,4,1704694233
u0147,i076,1,1704694628
u0210,i092,4,1704694870
u1049,i526,4,1704695666
u1357,i356,5,1704696209
u0093,i001,5,1704696934
u0854,i083,1,1704696963
u0631,i478,5,1704697365
u0645,i034,4,1704697447
u0881,i034,5,1704697499
u0787,i134,5,1704697609
u1474,i357,5,1704697692
u0428,i457,5,1704698094
u1503,i523,4,1704698181
u0242,i431,1,1704698297
u1684,i271,5,1704698955
u1782,i217,3,1704699001
u1657,i340,4,1704699099
u1114,i363,5,1704699108
u1675,i115,4,1704699170
u1271,i552,5,1704699190
u0387,i274,5,1704700399
u0053,i183,1,1704701159
u0849,i461,4,1704702212
u1859,i391,5,1704703578
u1993,i116,5,1704703802
u1114,i113,4,1704704043
u0412,i023,5,1704704206
u1405,i023,4,1704704466
u0087,i234,2,1704704521
u0662,i363,2,1704706049
u1939,i327,4,1704706061
u1111,i382,5,1704706800
u1345,i018,5,1704707353
u1986,i363,5,1704710343
u0766,i227,5,1704711108
u0345,i092,5,1704711373
u1428,i233,1,1704711503
u1143,i333,1,1704712119
u1294,i550,3,1704712141
u0337,i554,4,1704712488
u1423,i364,4,1704712658
u1110,i335,2,1704713034
u0666,i048,4,1704713935
u1903,i162,5,1704714571
u0612,i104,5,1704715519
u0061,i423,5,1704715709
u1861,i421,4,1704716027
u0476,i122,5,1704716156
u1070,i312,5,1704716367
u0731,i026,4,1704716547
u0727,i219,5,1704716627
u0168,i294,4,1704717702
u1769,i074,4,1704717762
u0781,i404,4,1704717770
u0594,i265,5,1704717816
u0887,i389,3,1704717917
u0833,i282,5,1704718231
u1127,i271,5,1704718233
u0662,i526,4,1704718704
u0068,i507,3,1704720417
u0445,i424,5,1704721833
u0432,i341,3,1704722143
u0642,i361,4,1704722157
u0688,i410,4,1704722268
u1229,i417,4,1704722772
u0211,i315,5,1704722893
u0539,i388,3,1704723083
u1288,i449,5,1704723618
u0981,i245,2,1704723650
u1153,i507,4,1704723923
u1544,i407,5,1704724459
u1609,i566,1,1704724779
u1123,i306,5,1704724889
u0333,i568,5,1704724945
u0263,i268,5,1704725020
u1600,i352,5,1704725172
u1514,i274,5,1704725872
u0869,i417,3,1704726115
u0146,i243,1,1704726153
u0297,i261,4,1704726463
u1162,i092,4,1704727097
u1051,i339,4,1704727438
u0743,i273,5,1704727660
u0753,i143,5,1704728443
u1593,i264,3,1704729008
u1850,i361,4,1704729143
u1900,i504,5,1704729603
u0587,i568,5,1704729671
u0466,i071,5,1704729866
u1609,i248,4,1704730392
u1578,i095,5,1704730629
u0098,i094,5,1704730713
u1291,i334,4,1704730944
u0267,i042,5,1704731123
u0854,i118,4,1704731956
u0050,i363,4,1704732243
u1989,i410,5,1704732499
u1969,i363,4,1704732745
u1569,i492,5,1704733324
u1916,i595,4,1704735373
u0791,i417,2,1704737171
u0996,i254,5,1704737357
u1461,i113,5,1704737948
u0520,i091,3,1704738269
u1737,i526,5,1704738557
u1698,i119,5,1704738636
u1340,i036,4,1704739459
u1059,i105,4,1704740344
u1290,i519,5,1704740505
u1585,i048,5,1704740948
u0919,i217,4,1704742369
u0411,i473,5,1704742514
u1558,i539,5,1704742611
u1089,i092,5,1704743317
u1119,i292,4,1704743839
u1342,i134,5,1704743974
u1319,i461,4,1704744375
u1998,i103,4,1704744801
u1769,i118,4,1704745436
u1237,i081,3,1704745913
u0236,i237,4,1704746370
u0385,i178,4,1704746374
u1537,i110,3,1704746896
u0568,i256,4,1704747390
u0923,i353,5,1704747902
u0044,i050,5,1704747965
u0287,i388,4,1704748412
u1117,i022,2,1704748527
u0757,i065,4,1704748583
u1806,i415,2,1704748635
u1345,i256,4,1704748986
u0860,i015,1,1704749106
u1889,i053,4,1704750019
u0540,i392,4,1704750625
u1636,i233,5,1704750907
u0546,i593,4,1704751688
u0847,i048,4,1704752270
u1211,i357,4,1704752811
u1445,i114,5,1704752890
u0856,i428,5,1704753097
u1665,i588,3,1704753537
u1959,i150,4,1704753772
u0064,i166,3,1704755123
u0744,i492,2,1704755919
u1115,i550,5,1704756033
u0106,i038,5,1704756111
u1130,i022,5,1704756116
u1175,i217,4,1704756821
u1392,i055,5,1704756823
u1324,i010,5,1704756962
u1333,i308,1,1704757212
u0057,i244,4,1704758402
u1411,i364,4,1704758476
u0027,i006,5,1704759123
u0155,i243,3,1704759214
u1185,i504,4,1704759570
u1974,i340,3,1704759816
u0853,i480,5,1704759919
u0750,i008,3,1704760826
u1641,i431,5,1704760872
u0148,i434,4,1704761205
u0779,i224,3,1704761286
u1561,i292,4,1704761523
u1282,i157,4,1704761695
u1360,i484,1,1704762011
u0886,i374,3,1704762369
u1512,i042,4,1704763596
u0517,i051,5,1704764649
u1987,i104,1,1704764878
u1176,i018,5,1704765403
u1001,i484,5,1704765760
u0498,i419,5,1704766475
u1581,i448,4,1704767612
u1491,i340,5,1704767643
u0148,i028,5,1704768298
u0067,i308,4,1704769322
u0606,i007,5,1704769864
u0271,i214,4,1704770270
u1696,i250,4,1704770292
u1318,i108,5,1704770366
u1118,i243,5,1704770409
u1669,i574,5,1704770620
u1208,i268,3,1704771146
u1322,i593,4,1704772339
u0236,i472,5,1704772930
u1807,i425,4,1704773210
u1465,i447,4,1704773579
u0543,i419,1,1704773598
u1703,i406,5,1704773681
u0394,i243,3,1704774169
u1103,i268,1,1704775144
u1168,i139,4,1704775501
u1238,i419,1,1704775652
u0194,i480,4,1704776100
u1226,i598,4,1704776181
u1635,i268,5,1704776199
u1896,i439,4,1704776496
u0359,i269,5,1704776501
u0894,i265,5,1704777224
u0401,i559,5,1704777259
u1895,i162,5,1704779256
u0418,i254,2,1704779333
u0429,i419,4,1704779527
u0546,i323,5,1704779899
u0834,i171,5,1704780389
u0922,i243,1,1704780476
u0805,i506,5,1704780554
u1341,i116,4,1704780970
u0865,i060,4,1704783005
u0318,i363,5,1704783132
u0485,i506,5,1704783257
u1036,i333,4,1704783783
u0316,i439,5,1704784126
u1855,i304,4,1704784283
u0771,i294,5,1704784387
u1096,i205,3,1704784668
u0268,i106,5,1704784695
u0820,i221,4,1704784734
u1908,i243,1,1704784895
u1258,i582,4,1704785589
u0061,i189,5,1704785705
u0124,i547,5,1704785858
u0867,i480,2,1704786131
u0151,i268,3,1704786384
u0636,i025,5,1704786419
u1700,i021,4,1704787035
u0749,i436,3,1704787268
u1297,i243,3,1704787394
u1295,i097,5,1704787655
u0948,i361,1,1704787692
u0788,i507,2,1704787968
u1198,i488,4,1704788406
u0872,i428,2,1704788539
u1330,i026,5,1704788781
u0335,i098,4,1704789003
u0102,i440,3,1704789273
u0664,i480,2,1704790063
u0488,i357,5,1704790364
u1737,i490,4,1704790787
u1823,i333,1,1704790913
u1995,i106,4,1704791592
u1171,i483,4,1704791816
u1349,i425,5,1704791964
u1382,i195,4,1704792177
u1554,i236,5,1704792507
u1508,i471,3,1704792667
u0585,i501,4,1704794028
u1692,i428,5,1704794099
u1819,i023,4,1704794450
u1694,i275,4,1704795299
u1726,i322,3,1704795447
u1598,i378,5,1704795548
u1890,i294,5,1704795672
u1478,i017,5,1704796334
u0268,i487,5,1704797240
u1151,i526,4,1704797469
u1442,i384,5,1704797765
u1234,i568,1,1704797874
u0723,i447,2,1704797898
u0748,i504,1,1704798816
u1064,i534,1,1704799373
u1654,i249,2,1704799735
u1008,i261,4,1704801784
u1643,i243,1,1704802952
u1889,i452,5,1704803280
u0230,i329,5,1704803328
u0160,i093,5,1704803331
u1777,i056,5,1704804166
u1562,i514,5,1704804210
u0734,i318,5,1704804356
u0698,i097,2,1704806348
u1679,i272,4,1704806549
u1222,i162,5,1704806967
u1157,i097,2,1704807144
u0911,i015,2,1704808127
u1148,i117,5,1704808600
u1428,i568,5,1704809201
u0973,i192,5,1704809369
u0261,i595,4,1704809760
u1555,i314,5,1704810743
u0080,i105,5,1704810753
u0557,i156,5,1704810974
u0268,i578,4,1704811248
u0601,i507,1,1704812046
u0105,i234,5,1704812386
u0878,i526,4,1704812579
u1178,i243,4,1704812930
u0724,i074,4,1704813194
u1451,i272,5,1704813930
u1402,i457,5,1704813986
u0065,i097,4,1704814496
u0929,i147,5,1704815015
u0701,i016,4,1704815226
u0537,i041,5,1704815643
u1986,i324,5,1704816569
u1645,i568,1,1704816713
u1558,i363,4,1704816769
u1759,i419,4,1704816900
u1741,i418,5,1704817530
u0963,i371,1,1704817985
u0191,i021,5,1704818037
u1189,i062,3,1704818344
u0132,i388,5,1704819133
u1364,i227,3,1704819645
u1413,i302,3,1704819650
u0050,i242,5,1704820267
u0791,i154,5,1704820418
u0672,i215,5,1704821130
u0596,i228,5,1704822368
u1768,i387,4,1704823210
u0863,i399,5,1704823363
u0310,i470,1,1704823697
u1792,i447,4,1704823709
u0597,i194,4,1704824151
u0405,i244,5,1704825565
u1102,i549,4,1704826295
u0734,i215,2,1704826418
u0568,i268,4,1704826420
u1200,i304,2,1704826558
u1805,i196,4,1704826899
u0506,i048,4,1704827255
u0441,i009,5,1704827503
u1364,i007,4,1704827531
u0802,i254,4,1704827978
u0756,i211,3,1704828747
u0543,i037,4,1704829067
u1629,i292,4,1704829168
u1656,i022,5,1704829378
u1638,i568,2,1704830201
u0038,i254,4,1704830505
u0446,i352,5,1704830663
u0395,i372,4,1704830816
u0090,i582,4,1704831069
u1066,i143,5,1704831145
u1447,i254,4,1704832675
u0262,i055,5,1704832765
u0360,i558,4,1704832845
u0507,i377,4,1704833039
u0396,i268,2,1704833514
u0656,i086,4,1704833788
u1723,i140,5,1704834057
u1411,i551,5,1704834552
u1534,i329,4,1704834983
u0138,i015,5,1704835614
u0833,i108,5,1704835974
u0237,i377,5,1704836963
u1717,i116,4,1704837311
u1244,i268,1,1704837407
u0559,i419,5,1704839082
u0317,i236,4,1704839663
u1165,i292,5,1704840076
u1667,i243,5,1704840084
u0073,i048,4,1704840971
u0073,i028,4,1704841101
u0853,i568,5,1704841398
u0929,i464,3,1704841696
u1690,i031,4,1704842501
u0291,i443,2,1704843284
u0550,i372,4,1704843516
u1845,i516,4,1704843683
u1635,i243,2,1704844474
u1483,i099,3,1704844848
u0766,i467,4,1704845439
u1881,i117,5,1704845603
u1613,i009,5,1704845933
u0862,i217,5,1704846030
u0897,i206,5,1704846310
u1933,i578,5,1704846556
u1366,i261,5,1704846621
u0642,i273,4,1704847172
u1184,i268,2,1704847515
u1599,i388,4,1704847728
u0402,i205,4,1704847882
u1331,i521,5,1704848142
u1160,i553,5,1704848412
u1751,i461,4,1704848884
u1145,i440,4,1704849248
u1337,i140,5,1704849529
u0941,i268,2,1704849819
u0163,i205,5,1704850083
u0969,i362,4,1704850933
u1647,i509,5,1704851181
u1870,i243,3,1704851271
u1912,i377,5,1704851325
u0950,i548,5,1704851780
u0377,i091,5,1704853250
u0273,i297,5,1704853337
u1042,i244,4,1704853935
u0898,i117,4,1704854023
u1893,i237,5,1704854376
u1480,i504,4,1704854404
u1542,i333,4,1704855103
u1467,i348,4,1704856076
u1247,i363,4,1704856464
u1057,i234,5,1704856514
u0743,i227,4,1704857176
u0913,i333,2,1704857359
u0410,i324,4,1704857628
u0592,i291,4,1704858579
u1204,i268,5,1704858708
u0822,i575,5,1704858710
u1588,i162,5,1704859028
u0021,i337,5,1704859787
u1289,i384,5,1704861772
u0842,i595,4,1704862042
u0976,i029,2,1704862366
u1885,i254,4,1704862367
u0591,i425,4,1704863367
u1225,i266,4,1704863830
u1420,i106,5,1704863832
u1330,i153,4,1704864109
u0712,i554,5,1704864323
u1602,i224,4,1704864421
u0042,i051,5,1704865385
u0595,i098,2,1704865515
u1588,i233,4,1704867222
u1497,i263,5,1704868087
u0822,i243,3,1704868489
u0049,i022,5,1704868583
u1784,i440,4,1704869760
u0886,i106,4,1704869827
u1343,i146,5,1704872962
u0656,i000,4,1704873509
u1330,i568,5,1704873607
u1459,i521,4,1704873923
u1484,i073,5,1704874496
u1652,i091,4,1704875215
u1540,i286,4,1704875829
u0982,i179,4,1704876107
u0896,i093,5,1704876329
u1799,i550,5,1704876435
u0851,i014,4,1704876913
u0688,i205,4,1704876971
u1040,i254,5,1704877129
u0375,i117,1,1704877522
u0593,i500,4,1704877652
u1373,i113,3,1704877761
u0627,i097,5,1704878635
u0927,i361,5,1704878646
u1028,i261,4,1704878672
u0319,i519,5,1704879531
u0041,i084,1,1704879842
u0971,i267,5,1704880595
u0446,i471,5,1704880717
u0656,i381,2,1704880759
u1792,i072,4,1704880995
u0265,i055,4,1704881525
u0507,i563,4,1704882231
u1997,i137,4,1704882315
u1814,i586,4,1704883030
u1198,i173,4,1704883070
u0008,i178,4,1704883670
u1407,i287,4,1704884379
u1540,i547,5,1704885154
u0044,i437,5,1704885752
u0448,i276,3,1704886459
u1237,i555,4,1704886642
u0753,i023,5,1704886732
u0927,i463,1,1704887088
u0807,i546,4,1704887314
u0438,i006,5,1704887778
u1514,i272,4,1704888277
u0160,i374,2,1704888802
u1931,i498,5,1704889225
u1243,i217,5,1704889308
u0539,i097,1,1704889431
u1589,i162,5,1704889499
u0915,i390,4,1704890399
u0737,i261,2,1704891165
u0913,i516,4,1704891397
u0066,i425,4,1704891423
u1117,i070,4,1704891739
u0723,i029,5,1704891797
u0664,i146,5,1704893750
u0583,i242,4,1704894009
u1831,i377,4,1704894539
u0086,i595,5,1704894759
u1373,i023,5,1704895373
u0008,i094,5,1704895951
u1731,i511,4,1704896109
u1067,i291,5,1704896352
u1370,i196,3,1704896573
u0890,i572,5,1704896876
u0020,i219,1,1704897781
u0443,i570,5,1704898027
u1160,i387,3,1704898066
u1225,i357,2,1704899860
u0366,i243,3,1704901021
u0624,i168,4,1704901587
u1461,i440,4,1704901814
u0288,i521,5,1704902430
u1934,i527,1,1704902737
u0815,i582,4,1704903436
u0749,i379,4,1704904083
u1109,i541,4,1704904179
u1474,i291,1,1704904826
u1896,i536,5,1704904918
u0323,i581,4,1704905238
u1158,i374,5,1704905597
u1095,i009,5,1704905892
u1494,i211,2,1704905917
u1033,i055,3,1704906338
u0337,i357,5,1704907148
u0978,i294,5,1704907860
u1193,i252,2,1704908042
u0302,i361,4,1704908262
u0922,i351,4,1704908282
u1524,i215,2,1704909299
u1350,i332,5,1704910745
u0541,i353,4,1704911481
u0805,i561,5,1704911623
u0957,i189,4,1704911658
u1291,i540,5,1704911760
u1522,i348,4,1704912015
u1704,i066,4,1704913254
u0109,i106,4,1704913468
u1809,i013,5,1704913511
u1026,i207,1,1704914557
u1192,i428,4,1704915131
u1142,i342,4,1704915332
u0465,i595,5,1704915783
u1172,i119,5,1704915917
u1949,i529,5,1704915960
u0814,i118,4,1704916065
u1819,i519,4,1704916528
u0917,i274,3,1704916991
u0164,i226,5,1704917168
u0602,i365,4,1704917279
u0923,i034,5,1704917322
u1661,i006,4,1704917685
u1485,i484,4,1704917854
u1885,i568,4,1704918236
u0888,i514,4,1704918873
u0622,i424,5,1704919019
u1434,i510,4,1704919156
u0040,i458,4,1704919748
u1095,i461,5,1704921716
u0265,i227,5,1704922214
u0115,i374,5,1704922892
u0598,i322,2,1704923510
u1875,i410,2,1704924031
u0929,i406,1,1704924935
u0123,i526,3,1704925053
u1353,i593,4,1704926336
u1883,i127,5,1704926530
u0306,i364,5,1704926693
u0389,i145,5,1704927494
u1629,i275,2,1704927631
u1544,i251,4,1704928107
u0640,i478,1,1704928129
u0894,i377,4,1704928284
u1909,i117,2,1704928346
u0494,i488,5,1704929120
u0157,i447,4,1704929544
u0892,i019,5,1704930561
u1024,i529,4,1704930686
u1503,i594,5,1704932157
u1984,i522,2,1704932784
u1344,i162,4,1704933735
u1075,i428,4,1704935188
u0826,i175,5,1704936306
u1636,i042,4,1704936522
u1022,i514,5,1704937242
u0330,i595,2,1704937595
u1285,i361,4,1704938237
u0541,i005,5,1704938311
u0257,i133,2,1704938394
u1465,i243,5,1704938637
u1926,i013,5,1704938696
u0487,i064,5,1704939608
u1794,i593,4,1704939668
u0133,i149,5,1704941024
u0967,i493,4,1704941465
u1745,i475,1,1704941578
u1789,i488,5,1704943288
u0712,i464,1,1704943372
u0641,i372,1,1704944625
u1029,i172,5,1704945228
u0945,i529,5,1704945337
u0284,i254,4,1704945820
u1884,i115,3,1704946885
u0787,i363,5,1704947389
u0894,i483,5,1704948150
u1590,i568,3,1704948425
u1975,i225,5,1704948724
u0844,i333,5,1704949130
u0331,i294,5,1704949824
u1259,i357,1,1704949969
u0735,i243,5,1704950167
u1969,i200,1,1704950590
u1148,i227,4,1704950896
u1800,i297,5,1704951177
u1676,i022,2,1704951189
u1877,i483,4,1704951536
u0089,i495,5,1704951840
u0210,i120,4,1704951914
u0263,i104,5,1704952079
u0881,i233,4,1704952939
u0140,i253,4,1704953365
u0650,i128,5,1704953370
u1035,i578,4,1704953528
u1982,i482,4,1704954118
u1313,i445,4,1704954211
u1413,i513,4,1704954416
u0183,i268,2,1704954695
u1019,i023,4,1704955076
u1404,i428,4,1704955292
u0614,i275,4,1704955398
u1119,i352,5,1704955731
u0860,i347,5,1704956610
u1436,i149,4,1704956806
u0990,i281,5,1704957115
u0852,i182,4,1704957202
u1591,i107,4,1704958457
u0214,i421,4,1704960075
u1623,i525,1,1704960365
u0696,i107,4,1704960531
u1527,i273,3,1704962157
u0087,i384,5,1704962175
u0481,i429,5,1704962360
u0460,i382,4,1704962385
u0929,i204,4,1704963607
u1264,i106,5,1704964858
u1809,i104,4,1704965910
u0687,i038,3,1704968049
u1614,i287,5,1704968645
u1598,i100,4,1704968653
u0220,i230,5,1704969087
u0326,i107,4,1704969173
u0851,i122,5,1704969376
u1901,i152,5,1704969435
u0569,i268,2,1704970265
u1610,i108,5,1704971266
u0803,i211,4,1704971567
u1098,i475,4,1704971709
u0804,i364,5,1704972053
u0904,i215,4,1704972402
u0701,i257,4,1704973131
u0714,i568,5,1704973331
u0341,i243,4,1704973352
u0707,i493,5,1704973939
u1646,i113,4,1704974109
u0620,i563,5,1704974113
u1964,i211,1,1704974237
u1327,i470,4,1704975146
u0715,i463,4,1704975545
u0372,i117,3,1704977148
u0248,i260,2,1704977636
u0312,i364,3,1704977897
u0162,i268,3,1704978912
u1294,i013,4,1704978920
u1757,i027,1,1704979089
u1484,i564,2,1704979291
u0252,i548,3,1704980448
u0188,i312,4,1704980892
u0727,i282,4,1704981047
u1554,i595,4,1704981315
u0118,i293,4,1704982693
u0415,i152,4,1704983087
u1764,i486,5,1704983103
u0853,i254,4,1704983216
u0561,i413,5,1704983258
u0628,i575,3,1704983915
u0444,i504,4,1704984213
u0304,i243,3,1704984733
u1479,i261,4,1704985468
u1859,i551,5,1704986642
u1539,i023,2,1704987596
u0330,i219,3,1704987656
u1679,i566,5,1704987685
u1669,i447,4,1704987968
u0634,i332,5,1704988521
u1120,i220,3,1704988536
u0463,i108,5,1704988760
u1360,i131,2,1704988934
u0601,i292,5,1704990258
u1415,i495,4,1704990749
u0024,i377,4,1704991482
u0191,i550,4,1704993521
u0177,i507,2,1704993543
u1402,i268,2,1704994137
u1614,i363,3,1704994158
u0549,i377,4,1704994534
u0562,i031,4,1704995012
u0010,i566,3,1704995030
u0059,i004,4,1704996121
u1809,i565,5,1704996196
u1819,i143,5,1704996604
u0587,i595,2,1704996610
u0186,i444,5,1704996883
u0198,i081,4,1704998531
u1682,i100,5,1704999088
u1720,i437,5,1704999136
u0523,i305,5,1704999399
u0916,i072,2,1704999545
u0082,i170,5,1705000678
u0270,i217,3,1705001186
u1055,i105,5,1705002341
u1489,i334,1,1705002646
u0745,i550,5,1705002930
u0083,i439,5,1705002980
u1309,i384,1,1705002981
u1180,i013,3,1705003007
u1067,i286,5,1705003206
u0683,i565,4,1705003373
u0388,i451,4,1705003794
u0740,i333,3,1705003962
u1137,i285,4,1705004032
u0786,i015,5,1705004597
u0669,i271,5,1705004720
u0387,i482,5,1705005440
u1244,i072,4,1705005606
u0871,i108,4,1705005703
u1978,i118,2,1705006379
u0336,i577,4,1705006552
u1318,i329,5,1705007216
u1031,i268,4,1705007799
u1787,i200,4,1705007840
u0738,i092,4,1705007939
u1859,i497,1,1705008145
u0800,i276,5,1705008164
u0364,i212,4,1705008353
u0773,i362,1,1705008900
u1340,i096,4,1705009038
u1374,i243,1,1705009962
u1703,i274,4,1705010008
u0145,i387,4,1705010156
u0329,i493,4,1705010679
u0379,i461,1,1705010740
u1397,i378,4,1705011258
u1596,i193,5,1705011262
u1601,i149,4,1705011356
u1924,i372,5,1705011425
u0737,i243,1,1705012055
u1075,i407,5,1705012119
u1832,i512,3,1705013618
u0967,i372,4,1705013711
u0131,i571,5,1705013796
u0862,i004,2,1705014235
u0814,i485,5,1705014617
u0089,i048,1,1705014911
u1643,i507,2,1705015017
u0308,i110,4,1705015430
u0801,i114,4,1705016133
u1106,i507,4,1705016725
u0019,i575,5,1705016743
u1457,i215,3,1705017990
u0568,i327,5,1705018150
u0012,i122,4,1705018351
u0629,i268,5,1705018724
u0751,i152,5,1705019225
u0243,i330,4,1705019577
u0368,i352,4,1705020032
u1568,i504,4,1705020815
u1870,i070,5,1705021052
u1354,i539,4,1705021672
u1878,i194,5,1705021824
u1160,i008,5,1705022345
u1128,i363,4,1705022533
u0155,i032,4,1705022695
u1489,i582,5,1705023470
u0888,i500,5,1705023951
u1121,i365,4,1705024011
u0978,i384,4,1705024140
u1852,i424,1,1705024674
u1645,i564,5,1705024715
u1420,i356,3,1705025009
u0360,i106,1,1705025683
u1460,i319,5,1705026293
u0498,i319,5,1705026660
u1643,i055,4,1705026665
u1068,i056,5,1705026826
u1881,i390,2,1705026970
u1815,i215,2,1705027321
u1749,i575,3,1705027607
u1700,i504,5,1705028345
u0162,i171,5,1705028557
u0950,i503,3,1705028904
u1237,i290,5,1705029037
u0732,i241,4,1705029956
u0908,i273,4,1705030342
u0325,i238,2,1705030600
u1123,i022,4,1705031270
u0229,i542,5,1705031970
u1005,i117,4,1705032791
u0349,i261,4,1705033070
u1554,i017,4,1705033305
u1008,i117,5,1705033419
u1229,i340,4,1705033908
u0738,i031,3,1705034250
u0183,i483,4,1705035109
u0151,i176,4,1705035949
u1974,i504,4,1705037162
u0184,i048,4,1705038234
u0512,i233,5,1705038396
u0868,i468,4,1705039269
u1698,i541,5,1705039332
u0778,i292,4,1705039680
u1168,i084,4,1705039767
u0313,i117,4,1705039931
u1712,i240,2,1705040357
u1311,i364,5,1705040451
u1135,i113,5,1705040937
u0836,i091,1,1705041445
u0210,i122,4,1705041585
u1764,i227,5,1705041837
u1261,i292,4,1705042267
u1532,i202,4,1705043270
u0091,i506,4,1705043697
u0354,i445,4,1705043792
u0270,i568,4,1705043799
u1508,i074,4,1705043895
u1064,i092,4,1705044981
u1243,i228,4,1705045310
u1716,i013,4,1705046374
u1469,i073,4,1705047962
u1695,i048,4,1705048247
u0056,i477,5,1705048308
u0438,i536,5,1705048801
u1216,i349,1,1705049313
u1172,i333,4,1705049674
u0022,i298,4,1705049768
u0716,i333,5,1705050102
u1096,i031,5,1705050539
u1911,i577,1,1705050725
u0379,i352,5,1705050889
u1020,i252,5,1705051454
u1512,i529,1,1705052564
u0287,i166,5,1705053451
u1273,i385,4,1705055117
u1939,i104,5,1705056073
u1158,i152,4,1705057012
u0904,i564,4,1705057329
u0374,i363,2,1705057408
u0260,i376,4,1705057852
u1974,i217,5,1705058840
u1341,i314,4,1705060187
u0247,i333,5,1705060413
u0729,i042,4,1705060945
u0222,i109,4,1705061027
u1007,i282,3,1705061729
u0716,i165,4,1705062380
u1033,i333,1,1705063807
u0921,i524,5,1705064240
u0123,i395,5,1705065045
u0958,i145,4,1705065620
u1043,i116,2,1705065746
u1509,i563,5,1705066088
u0109,i002,4,1705066995
u0871,i526,4,1705067894
u0148,i334,5,1705067986
u0589,i583,5,1705068264
u1943,i306,5,1705068487
u0825,i516,5,1705068546
u1509,i189,5,1705068630
u0333,i171,1,1705069324
u1250,i457,5,1705069460
u0294,i256,4,1705069776
u0312,i031,4,1705070771
u0695,i376,4,1705071200
u0155,i329,4,1705071644
u0994,i106,4,1705071736
u1315,i090,4,1705072070
u0070,i092,5,1705073155
u1540,i527,3,1705073320
u1110,i561,1,1705074063
u1774,i498,5,1705074643
u0188,i297,2,1705075280
u0906,i363,4,1705075316
u0173,i004,5,1705077314
u0567,i291,4,1705077678
u1839,i558,5,1705077776
u1248,i007,5,1705079063
u1102,i511,4,1705079135
u0507,i021,5,1705079515
u1404,i016,5,1705079565
u0205,i334,4,1705079824
u0169,i453,1,1705080337
u1753,i223,2,1705080380
u1784,i548,4,1705080886
u0457,i215,4,1705081085
u0968,i428,4,1705081447
u0594,i011,3,1705082644
u0485,i243,4,1705083198
u0544,i092,4,1705083357
u0933,i483,5,1705084229
u0714,i082,5,1705084344
u1160,i373,5,1705084907
u0799,i199,4,1705084974
u1765,i204,5,1705085875
u1503,i368,5,1705086036
u1359,i042,2,1705086075
u1792,i363,1,1705086458
u1648,i274,2,1705086919
u1482,i205,5,1705087094
u0321,i243,1,1705087390
u1823,i334,4,1705087577
u0812,i570,4,1705087648
u1654,i233,5,1705088110
u0101,i563,5,1705088158
u1072,i060,5,1705089723
u1800,i419,2,1705089992
u1783,i342,5,1705090196
u1331,i367,3,1705090276
u1482,i511,5,1705090317
u0032,i156,5,1705090335
u1875,i322,2,1705090783
u0868,i566,5,1705090979
u1203,i071,4,1705091223
u1842,i273,5,1705091656
u1454,i299,5,1705092885
u0087,i493,4,1705093306
u1044,i425,4,1705094515
u1961,i172,1,1705095023
u0720,i332,5,1705095357
u0274,i333,4,1705095358
u1727,i268,2,1705095650
u1531,i597,5,1705096799
u0773,i514,5,1705097172
u0069,i048,4,1705098314
u1644,i549,5,1705098626
u1589,i568,2,1705099281
u0558,i268,1,1705100046
u0823,i568,4,1705100245
u0802,i117,5,1705100262
u0266,i552,2,1705100392
u0154,i574,5,1705100647
u1813,i306,5,1705100892
u1234,i521,5,1705101690
u1051,i106,3,1705102337
u0873,i300,4,1705102595
u1788,i042,5,1705104356
u0777,i504,5,1705104647
u1676,i324,4,1705107605
u1178,i280,3,1705107794
u1849,i274,5,1705107980
u1347,i456,4,1705108978
u0419,i270,4,1705110087
u1656,i519,4,1705110636
u0283,i292,5,1705110705
u0300,i004,5,1705111547
u0750,i167,4,1705111701
u0194,i547,5,1705111941
u0705,i483,4,1705112248
u1227,i425,1,1705113402
u1044,i243,1,1705113466
u0243,i106,3,1705113808
u0549,i140,1,1705114669
u1555,i082,3,1705115059
u0229,i440,4,1705117501
u0884,i333,5,1705117576
u0687,i428,4,1705117840
u0668,i473,4,1705118018
u0559,i411,4,1705118820
u1330,i268,2,1705119206
u1762,i182,4,1705119343
u1134,i023,5,1705119769
u1233,i158,4,1705120367
u0163,i136,4,1705120687
u0655,i419,4,1705121094
u1735,i537,5,1705122028
u0424,i116,5,1705122228
u0449,i511,5,1705122693
u0651,i443,5,1705122873
u1792,i305,4,1705122889
u0941,i345,5,1705123829
u1959,i145,4,1705123982
u1790,i350,4,1705124688
u1000,i037,4,1705125093
u1832,i018,5,1705125313
u0904,i507,2,1705125382
u0504,i364,3,1705126670
u1741,i241,5,1705126961
u0727,i213,4,1705128504
u0284,i170,4,1705128885
u1514,i529,4,1705129430
u0113,i419,3,1705129609
u1203,i424,5,1705130122
u1996,i472,5,1705130559
u0368,i100,1,1705130637
u0988,i194,4,1705130963
u0031,i564,2,1705131813
u0387,i111,4,1705132108
u0146,i336,4,1705132650
u0071,i302,4,1705132966
u0082,i201,5,1705134153
u1308,i117,4,1705134387
u0819,i113,3,1705135236
u1316,i135,4,1705135762
u1991,i409,5,1705135926
u1168,i043,5,1705137180
u1389,i006,3,1705138322
u0199,i398,4,1705139842
u0636,i288,5,1705140209
u0923,i245,4,1705141379
u0939,i374,4,1705141866
u1154,i223,3,1705142149
u1882,i013,2,1705142771
u0731,i415,4,1705143057
u1585,i144,4,1705143884
u0822,i116,4,1705143933
u0787,i429,5,1705144179
u1740,i363,5,1705144211
u0541,i595,4,1705144693
u0794,i333,5,1705144853
u0422,i145,4,1705144978
u1160,i093,5,1705145796
u0664,i268,5,1705145873
u1463,i530,4,1705147217
u1273,i090,5,1705147354
u1329,i597,4,1705147411
u1050,i129,4,1705147565
u0239,i470,4,1705149026
u0881,i570,4,1705149164
u0167,i487,4,1705149579
u1495,i331,4,1705149770
u0423,i268,2,1705150110
u1520,i093,1,1705150885
u0038,i117,5,1705150981
u0222,i072,3,1705151007
u1395,i254,5,1705151058
u1740,i595,4,1705151109
u1588,i209,5,1705151112
u1648,i598,2,1705151528
u1463,i096,4,1705152473
u1072,i211,5,1705152501
u0198,i073,4,1705153531
u0396,i169,5,1705153804
u0929,i166,3,1705154332
u0432,i312,5,1705154852
u1245,i566,2,1705156538
u0719,i516,5,1705156851
u1271,i205,4,1705157226
u0691,i212,5,1705157503
u1380,i297,4,1705157681
u1297,i425,4,1705158441
u1877,i423,5,1705159919
u1863,i183,5,1705160103
u0383,i493,2,1705160150
u0185,i546,2,1705160654
u0789,i267,5,1705161197
u0622,i274,5,1705161558
u1622,i219,4,1705161820
u0353,i059,4,1705162281
u1842,i361,5,1705162744
u1104,i023,5,1705163154
u1567,i048,4,1705163540
u0147,i363,5,1705164468
u0981,i211,5,1705164837
u1538,i597,5,1705164881
u1270,i113,5,1705165292
u0435,i286,4,1705165625
u1481,i180,5,1705165877
u0622,i332,4,1705167071
u1551,i057,1,1705167739
u0830,i419,4,1705167771
u0022,i348,2,1705167944
u1342,i077,4,1705168045
u0223,i593,5,1705168787
u0162,i125,4,1705168972
u1394,i019,2,1705169644
u0058,i235,3,1705170424
u0727,i108,5,1705170428
u0496,i097,1,1705170604
u1644,i511,4,1705171036
u1273,i017,1,1705172067
u1685,i087,3,1705172148
u0788,i265,4,1705172601
u1815,i101,2,1705173426
u0100,i291,4,1705173625
u0842,i113,4,1705173885
u1732,i013,5,1705174305
u0221,i319,5,1705174696
u0936,i415,4,1705175325
u1959,i480,3,1705175467
u0275,i334,5,1705176701
u0121,i509,5,1705177244
u1735,i430,5,1705178141
u1724,i166,5,1705178390
u0141,i265,4,1705178757
u0646,i546,1,1705179264
u0661,i344,4,1705179314
u0962,i074,5,1705179314
u1320,i104,5,1705179589
u0753,i211,5,1705179633
u1340,i453,4,1705180138
u1474,i243,5,1705180501
u0288,i373,5,1705181131
u0024,i060,5,1705181331
u1079,i503,2,1705182222
u1808,i021,5,1705182234
u0739,i100,4,1705182730
u1639,i563,4,1705183661
u1252,i370,4,1705183996
u0243,i593,5,1705184561
u0232,i268,1,1705184799
u1791,i325,5,1705185621
u1727,i364,5,1705185856
u1368,i062,4,1705186187
u1894,i527,5,1705186723
u0962,i410,4,1705186828
u0582,i489,5,1705186979
u1660,i005,5,1705187881
u0167,i357,5,1705188007
u1186,i221,4,1705188557
u0675,i205,5,1705188599
u0516,i599,5,1705188624
u0812,i363,5,1705188877
u1706,i551,4,1705189818
u1781,i367,5,1705190336
u0392,i440,5,1705190383
u1276,i089,3,1705190743
u0682,i572,5,1705191045
u1798,i256,2,1705191054
u0331,i454,2,1705191147
u1830,i332,4,1705192128
u1740,i243,3,1705192268
u0602,i227,4,1705192611
u0577,i304,5,1705193669
u0806,i506,4,1705194475
u0915,i105,5,1705194636
u0544,i129,4,1705194782
u0474,i503,4,1705195586
u0624,i582,2,1705195921
u0200,i406,3,1705196115
u0627,i275,5,1705197087
u0816,i055,5,1705197364
u1022,i519,4,1705197744
u0950,i363,5,1705197790
u1288,i219,4,1705198418
u0167,i051,1,1705199443
u1733,i031,3,1705199858
u1590,i051,5,1705200306
u0484,i116,5,1705200444
u0385,i292,1,1705201120
u1513,i021,4,1705201514
u1967,i107,4,1705201691
u0608,i229,4,1705201761
u0288,i447,2,1705201766
u1583,i268,2,1705202178
u0437,i087,5,1705203214
u0977,i377,4,1705203468
u0281,i295,5,1705203776
u1000,i571,3,1705205079
u1479,i137,5,1705205189
u1903,i492,5,1705205374
u0870,i117,4,1705206067
u0553,i172,3,1705206460
u1312,i339,4,1705207295
u1024,i500,1,1705208773
u0666,i334,4,1705210106
u0359,i254,5,1705210382
u1732,i268,4,1705210962
u1138,i290,5,1705211041
u0401,i113,4,1705211364
u0680,i230,2,1705211683
u0161,i026,4,1705211726
u0370,i243,1,1705212469
u0646,i461,4,1705213228
u1523,i252,5,1705213609
u0959,i048,3,1705214117
u0013,i100,4,1705214482
u1716,i333,2,1705214618
u1055,i292,5,1705214629
u0040,i362,5,1705215005
u1778,i216,4,1705215429
u0902,i436,5,1705215435
u0744,i089,5,1705215979
u1868,i245,5,1705216032
u0164,i564,1,1705216344
u0945,i007,4,1705217423
u1575,i038,5,1705217836
u1343,i225,2,1705219080
u0977,i483,5,1705219307
u1737,i399,5,1705219369
u1057,i290,4,1705219576
u1290,i377,5,1705219594
u1632,i363,4,1705220013
u1955,i237,4,1705220298
u0251,i394,4,1705220551
u1385,i333,3,1705221631
u1161,i304,4,1705221755
u0398,i551,3,1705222927
u0934,i241,2,1705222942
u0731,i568,4,1705223088
u0636,i117,1,1705223131
u1408,i444,5,1705224273
u0152,i551,5,1705225835
u1987,i483,5,1705226168
u1614,i291,5,1705226223
u1990,i405,5,1705226281
u0323,i342,4,1705226519
u0768,i572,3,1705226593
u1990,i558,5,1705226823
u1002,i048,4,1705227714
u1637,i333,5,1705230317
u1542,i051,4,1705230334
u1396,i019,4,1705231061
u1593,i478,4,1705231320
u1878,i273,3,1705231461
u0809,i583,4,1705231608
u0660,i423,3,1705231807
u0641,i293,5,1705231929
u1189,i217,5,1705232200
u1941,i286,2,1705232951
u0546,i582,5,1705233015
u1318,i128,4,1705233241
u0206,i576,5,1705233329
u0868,i225,5,1705233869
u0447,i470,5,1705234398
u0863,i510,3,1705234628
u0097,i172,4,1705235340
u0851,i466,5,1705235571
u0539,i002,4,1705235582
u0465,i291,1,1705236108
u0085,i526,5,1705236948
u0086,i233,5,1705237496
u0693,i097,5,1705238276
u1672,i314,4,1705238280
u0011,i362,4,1705238881
u0277,i227,2,1705241217
u1773,i247,1,1705241785
u0867,i243,4,1705242467
u0707,i372,5,1705242631
u0094,i568,3,1705242912
u0077,i060,5,1705243118
u0251,i190,4,1705243442
u1104,i448,4,1705243595
u1561,i489,5,1705245024
u0596,i255,4,1705245068
u1009,i143,5,1705245651
u1395,i547,4,1705245755
u1356,i171,5,1705246229
u0712,i004,3,1705246553
u0786,i492,5,1705247094
u1516,i402,5,1705247270
u0089,i245,2,1705247545
u1315,i102,1,1705247848
u0022,i265,1,1705249926
u1283,i357,3,1705250114
u1181,i410,4,1705251510
u0554,i254,4,1705252142
u1896,i134,4,1705252760
u1141,i093,4,1705252818
u0372,i204,5,1705253870
u1465,i529,3,1705254141
u0954,i529,5,1705254519
u0586,i384,4,1705255231
u1459,i140,5,1705255430
u0435,i456,5,1705256329
u0565,i364,2,1705256956
u1215,i134,5,1705257106
u0927,i117,4,1705257753
u1497,i108,5,1705257858
u0465,i113,4,1705258440
u1016,i362,4,1705258839
u0360,i207,5,1705259444
u0806,i204,4,1705259549
u1208,i497,5,1705260024
u0840,i593,3,1705260233
u0561,i528,4,1705261276
u0759,i412,4,1705261438
u0170,i468,4,1705261563
u1534,i213,4,1705261725
u0607,i074,4,1705261820
u1621,i243,3,1705262727
u1621,i357,3,1705262838
u1641,i537,5,1705264655
u0291,i341,5,1705265330
u1210,i053,3,1705265510
u0650,i113,2,1705265524
u0689,i170,4,1705266128
u0789,i504,5,1705266877
u0697,i457,4,1705267058
u0314,i333,3,1705267504
u0051,i568,3,1705267934
u0688,i452,4,1705268963
u1881,i467,5,1705269531
u1257,i411,3,1705270043
u0427,i107,3,1705270073
u0958,i015,4,1705270118
u1041,i529,4,1705270404
u1666,i268,3,1705270436
u1506,i207,4,1705270547
u1647,i504,4,1705270575
u1698,i261,3,1705271931
u0651,i428,4,1705273114
u1869,i357,2,1705273580
u0157,i564,5,1705273861
u1812,i352,4,1705274700
u0187,i335,4,1705275427
u1625,i040,4,1705276099
u0063,i363,5,1705276376
u0525,i193,5,1705278589
u1921,i593,4,1705278683
u0967,i294,5,1705278909
u0471,i585,5,1705279311
u0113,i291,5,1705279850
u1079,i484,4,1705280135
u1405,i089,1,1705280153
u0608,i199,5,1705280601
u1716,i419,4,1705280786
u0416,i300,3,1705280828
u0723,i399,5,1705280844
u1569,i510,4,1705280882
u0605,i341,5,1705280890
u0546,i568,4,1705281324
u1745,i564,5,1705282459
u1801,i537,4,1705282632
u0525,i568,2,1705282678
u0962,i552,5,1705282712
u0171,i289,5,1705282924
u1410,i505,4,1705283258
u1815,i174,4,1705283778
u1722,i334,1,1705283922
u1382,i426,4,1705283994
u1312,i228,2,1705284383
u1434,i315,1,1705284865
u1649,i448,4,1705285562
u0765,i089,4,1705285884
u1818,i194,3,1705287750
u1413,i018,5,1705287803
u0710,i150,5,1705287971
u0418,i104,5,1705288103
u0596,i430,4,1705288113
u1736,i368,4,1705288663
u1783,i243,1,1705288713
u0422,i585,5,1705288737
u1581,i563,5,1705289040
u0278,i240,5,1705289310
u0071,i054,4,1705289318
u1110,i162,4,1705289558
u0251,i466,4,1705290086
u0991,i315,5,1705290099
u0071,i042,5,1705290723
u1717,i598,4,1705291213
u1098,i167,4,1705291328
u0460,i227,4,1705291798
u0661,i019,4,1705292096
u1175,i461,5,1705293023
u0820,i042,5,1705294324
u0806,i447,4,1705294603
u0205,i062,5,1705294709
u1383,i073,4,1705295681
u0095,i372,4,1705295880
u1853,i499,4,1705296073
u1246,i363,4,1705296547
u0810,i026,4,1705297223
u0870,i492,2,1705298175
u1041,i404,5,1705298447
u1497,i121,5,1705299287
u0747,i095,5,1705299475
u1561,i146,5,1705300625
u0127,i334,4,1705301319
u1432,i244,5,1705301839
u1388,i332,5,1705301856
u1588,i417,4,1705303641
u0540,i419,4,1705303793
u1453,i031,4,1705303930
u1241,i268,3,1705304118
u0260,i255,5,1705304912
u1957,i159,5,1705305245
u0163,i058,5,1705305544
u0291,i549,5,1705305627
u0195,i374,5,1705305645
u0137,i083,5,1705305827
u0076,i469,3,1705306622
u1877,i217,4,1705307580
u0528,i349,4,1705308040
u0907,i096,4,1705308280
u0755,i336,4,1705308659
u0812,i236,5,1705309635
u0861,i179,3,1705309963
u1097,i037,5,1705310068
u1773,i137,1,1705310206
u1885,i243,3,1705310260
u1220,i408,4,1705310465
u0203,i146,5,1705310492
u0303,i442,4,1705311287
u0284,i227,4,1705311343
u0512,i568,1,1705311365
u1754,i274,5,1705311386
u1081,i292,1,1705311649
u1277,i256,5,1705312071
u1795,i428,5,1705312596
u0796,i189,4,1705313352
u0572,i334,4,1705313353
u0886,i102,4,1705313679
u0321,i268,4,1705313827
u1217,i511,5,1705314630
u0859,i149,2,1705314923
u1170,i351,1,1705314977
u0359,i225,1,1705315244
u0537,i332,4,1705315832
u0198,i337,4,1705315979
u1469,i195,5,1705316087
u0896,i268,5,1705316289
u0169,i519,4,1705316613
u1092,i507,4,1705317181
u1199,i550,5,1705318583
u0418,i292,4,1705318618
u0591,i166,4,1705319297
u1486,i243,2,1705319411
u1839,i560,1,1705321051
u1525,i044,5,1705321083
u1962,i377,5,1705321116
u1215,i358,4,1705322111
u0779,i268,4,1705322526
u0448,i425,5,1705323612
u0599,i585,4,1705324117
u1940,i504,3,1705324504
u0336,i551,4,1705324943
u1725,i316,5,1705325415
u1466,i470,4,1705326298
u0469,i251,5,1705326615
u0230,i298,4,1705326638
u1538,i216,5,1705327880
u0135,i122,5,1705328592
u1272,i072,4,1705328737
u1125,i021,5,1705329078
u1962,i421,4,1705329078
u1670,i260,5,1705329581
u1816,i361,4,1705330019
u0669,i006,3,1705330167
u1395,i323,4,1705330794
u0598,i293,5,1705331222
u0959,i345,1,1705331492
u0796,i470,5,1705331504
u1992,i348,4,1705331843
u1606,i233,4,1705332273
u1521,i026,1,1705333003
u0200,i093,5,1705333090
u1050,i374,4,1705333294
u0131,i372,5,1705333504
u0428,i113,4,1705333818
u0507,i504,5,1705334796
u0714,i227,5,1705334845
u1561,i595,1,1705336813
u0393,i544,2,1705337675
u0880,i245,4,1705337960
u1591,i233,2,1705339174
u1595,i204,5,1705340823
u1624,i351,4,1705342125
u0705,i023,4,1705342706
u1257,i537,4,1705343713
u1574,i595,5,1705343732
u1726,i341,5,1705343891
u0689,i240,5,1705344995
u0923,i570,5,1705345716
u1706,i036,5,1705346063
u1370,i144,2,1705347435
u1981,i093,4,1705348051
u0513,i187,5,1705348335
u0627,i227,3,1705348617
u0059,i213,5,1705350421
u1011,i009,5,1705351216
u1410,i270,5,1705351433
u1556,i116,5,1705351545
u0579,i375,5,1705352025
u0789,i073,4,1705352393
u1664,i053,5,1705352617
u1685,i259,4,1705352741
u1594,i081,4,1705352961
u1440,i169,5,1705353668
u1656,i395,5,1705353806
u1037,i219,2,1705354340
u1232,i268,1,1705354468
u1802,i333,4,1705355896
u1152,i095,4,1705356017
u1195,i203,4,1705356469
u1017,i332,5,1705356656
u1814,i062,5,1705356743
u0201,i149,4,1705356926
u0336,i525,3,1705357055
u0185,i422,5,1705357438
u0375,i151,5,1705357767
u0745,i143,5,1705357994
u1132,i015,4,1705358039
u1959,i528,4,1705359005
u1663,i117,5,1705359529
u1285,i083,4,1705359849
u1050,i185,4,1705360021
u0809,i529,5,1705360472
u1644,i425,3,1705361032
u0914,i074,4,1705362567
u0416,i054,5,1705362643
u0571,i261,4,1705362784
u1379,i407,5,1705363551
u0191,i431,4,1705363601
u1094,i113,4,1705363741
u1689,i205,4,1705364214
u0460,i361,5,1705365496
u0867,i564,4,1705366028
u0313,i507,3,1705366225
u0023,i342,1,1705366238
u1041,i268,3,1705366662
u1291,i205,5,1705366984
u1088,i243,4,1705367233
u0219,i026,5,1705368215
u0219,i484,5,1705369486
u1920,i222,3,1705369489
u0807,i566,4,1705370942
u0066,i256,5,1705371201
u1475,i211,4,1705371202
u1704,i171,2,1705371519
u0123,i223,3,1705371739
u0660,i293,4,1705372186
u1873,i490,4,1705372313
u0678,i202,2,1705373052
u1848,i597,4,1705374845
u0276,i254,3,1705375224
u1731,i341,4,1705375345
u1910,i377,4,1705376459
u1244,i592,4,1705376599
u0222,i195,5,1705376903
u1672,i124,5,1705376952
u0176,i243,5,1705377036
u0789,i301,5,1705377660
u1002,i200,5,1705377783
u1711,i480,5,1705378301
u0333,i533,4,1705378344
u0929,i130,3,1705378882
u1737,i173,4,1705379048
u1869,i005,5,1705379221
u0318,i291,3,1705379281
u1533,i266,1,1705379312
u0270,i591,5,1705379673
u0095,i334,3,1705379890
u1799,i243,3,1705380621
u0295,i419,4,1705381257
u1880,i247,5,1705381303
u0203,i418,5,1705383276
u0071,i560,5,1705383486
u1536,i570,5,1705383772
u1757,i560,5,1705385327
u1446,i504,1,1705385511
u0607,i219,3,1705386204
u1395,i484,4,1705389443
u0955,i447,3,1705390695
u0366,i513,5,1705390763
u1114,i523,5,1705390949
u0771,i381,4,1705391269
u0417,i249,3,1705391532
u1005,i361,5,1705391583
u1342,i570,5,1705391638
u0084,i507,3,1705391698
u1501,i561,5,1705392187
u0185,i011,5,1705394071
u0135,i341,5,1705394774
u0660,i332,1,1705395236
u0418,i268,4,1705396615
u0212,i590,5,1705396976
u0391,i015,5,1705399074
u1673,i519,5,1705399369
u0340,i291,4,1705399500
u0598,i292,5,1705400657
u1415,i568,3,1705402519
u1558,i528,5,1705403107
u1787,i540,4,1705403477
u1824,i450,1,1705403960
u1227,i570,5,1705404047
u1031,i093,4,1705404511
u0686,i189,4,1705404550
u1061,i211,3,1705404638
u1182,i255,5,1705405052
u0400,i274,5,1705405722
u0930,i255,5,1705405728
u1253,i179,4,1705405888
u0754,i553,5,1705407581
u0418,i018,5,1705407798
u0165,i297,2,1705408462
u1353,i507,1,1705408658
u0102,i243,2,1705409013
u1585,i499,5,1705409077
u1408,i357,3,1705409506
u0725,i091,4,1705409640
u0398,i018,5,1705410045
u0696,i472,4,1705410052
u0332,i565,4,1705410249
u1635,i454,4,1705410300
u0796,i266,1,1705410444
u0508,i243,5,1705410482
u0509,i516,4,1705410849
u0359,i013,1,1705411066
u1203,i332,4,1705412085
u1963,i268,1,1705413016
u0792,i243,5,1705413105
u1724,i498,3,1705413110
u0224,i425,5,1705413772
u1140,i140,5,1705414076
u0412,i501,5,1705414458
u0121,i470,4,1705414459
u0184,i285,4,1705414708
u0667,i253,4,1705414862
u0488,i307,4,1705415025
u1058,i333,3,1705415191
u1624,i258,4,1705416128
u0774,i493,5,1705416308
u1234,i212,5,1705416865
u0024,i500,4,1705416950
u0604,i519,4,1705416968
u1853,i185,5,1705417972
u1366,i055,5,1705418221
u0009,i084,5,1705418635
u0790,i361,2,1705419677
u1116,i035,4,1705419709
u1593,i333,2,1705420632
u1497,i045,4,1705421054
u1771,i546,4,1705421315
u0791,i095,5,1705421640
u1446,i374,3,1705421820
u0008,i372,4,1705422034
u1036,i154,4,1705422098
u0747,i445,5,1705423246
u1739,i180,4,1705423369
u0442,i564,1,1705423446
u0618,i319,4,1705423565
u1696,i127,4,1705423751
u0427,i531,5,1705424578
u1743,i334,2,1705425787
u0205,i447,1,1705426557
u0755,i540,5,1705426567
u1061,i243,3,1705427620
u0420,i268,4,1705428246
u1303,i485,5,1705428425
u0362,i267,4,1705428483
u1276,i177,4,1705428753
u1263,i444,4,1705428826
u0051,i419,5,1705429383
u0764,i323,1,1705429512
u0090,i064,5,1705430046
u1930,i046,4,1705430706
u1669,i378,4,1705431086
u1940,i388,4,1705431304
u0332,i331,2,1705431309
u0549,i243,3,1705431398
u1739,i463,5,1705431556
u1982,i252,4,1705431684
u1197,i387,4,1705433025
u0092,i122,5,1705433224
u0093,i055,2,1705433730
u1310,i333,2,1705434190
u0030,i400,5,1705434228
u1956,i143,5,1705434260
u0391,i242,5,1705434830
u0975,i292,5,1705435254
u1940,i268,4,1705435607
u1536,i368,4,1705435953
u1460,i419,5,1705436553
u0225,i371,3,1705436684
u0208,i007,5,1705436912
u1908,i504,5,1705437841
u0131,i333,3,1705437966
u0319,i009,4,1705438703
u1599,i361,2,1705438760
u0730,i363,3,1705438767
u0379,i568,1,1705438904
u0495,i271,4,1705439592
u0046,i549,4,1705440431
u0923,i516,4,1705440631
u0185,i268,3,1705441365
u0143,i117,4,1705442194
u0826,i062,5,1705442744
u1620,i268,1,1705442942
u0468,i219,5,1705443645
u0419,i420,3,1705445185
u0252,i136,5,1705445506
u0674,i364,2,1705445533
u1941,i329,5,1705447124
u1527,i220,4,1705447211
u0513,i097,5,1705447960
u0310,i334,4,1705448216
u0548,i357,4,1705448360
u1882,i461,2,1705448627
u1655,i268,4,1705449989
u1900,i377,5,1705451130
u0754,i489,5,1705451576
u1893,i485,5,1705451958
u0287,i497,1,1705452714
u1317,i211,4,1705454173
u1434,i060,2,1705454253
u0056,i526,5,1705454768
u0916,i005,2,1705454949
u0329,i484,2,1705455248
u1082,i114,2,1705455708
u0927,i227,4,1705456237
u0362,i023,4,1705457145
u1479,i470,2,1705457633
u1662,i322,4,1705459039
u0814,i334,5,1705460076
u1982,i507,5,1705460119
u0438,i221,5,1705461350
u1780,i291,5,1705462246
u0804,i357,5,1705462330
u1782,i086,5,1705462406
u0930,i130,5,1705463320
u1557,i254,2,1705464048
u0367,i519,1,1705464635
u1722,i274,1,1705464702
u0098,i379,5,1705465290
u0796,i292,3,1705465371
u1635,i419,4,1705465650
u1996,i374,5,1705466288
u0058,i088,4,1705466739
u1332,i425,5,1705466746
u0775,i529,4,1705467510
u1269,i105,4,1705467620
u0043,i424,4,1705467662
u0180,i471,4,1705467715
u1682,i243,4,1705467972
u0068,i454,5,1705468588
u0704,i363,5,1705470447
u0882,i131,4,1705470525
u1960,i201,5,1705471483
u1277,i292,5,1705471857
u1525,i340,4,1705472925
u1427,i132,5,1705473203
u1379,i294,5,1705473232
u0948,i048,4,1705473556
u0322,i240,4,1705474061
u0415,i414,4,1705474151
u0304,i273,5,1705474891
u1891,i571,3,1705475381
u1716,i471,4,1705475729
u1262,i201,5,1705475981
u0012,i334,5,1705476056
u0721,i286,4,1705476150
u0508,i534,5,1705476264
u0975,i553,4,1705478615
u0323,i159,5,1705478915
u1636,i268,1,1705479739
u1386,i101,4,1705479817
u0895,i271,4,1705480234
u0130,i183,4,1705480257
u1983,i529,4,1705480310
u1602,i361,5,1705480678
u1188,i319,4,1705481933
u1831,i514,5,1705482267
u1985,i428,1,1705482305
u1332,i065,4,1705482827
u0468,i098,5,1705483001
u1663,i591,5,1705483128
u1420,i551,4,1705483387
u0151,i269,4,1705483774
u1476,i013,5,1705484501
u1069,i574,1,1705484663
u1256,i008,5,1705486131
u1859,i103,2,1705486181
u0571,i003,4,1705486503
u1959,i151,5,1705486753
u0428,i162,4,1705487392
u0953,i119,5,1705488485
u0965,i576,5,1705488599
u0764,i072,5,1705488988
u1966,i185,4,1705489344
u1161,i204,5,1705490064
u1776,i286,5,1705490754
u1621,i179,5,1705490970
u0530,i107,4,1705491105
u0642,i397,4,1705491888
u1089,i285,4,1705492607
u1408,i207,5,1705492794
u0773,i193,1,1705493118
u1633,i113,4,1705494155
u1370,i211,5,1705494184
u0604,i376,4,1705494608
u1693,i505,4,1705494865
u1698,i409,4,1705495225
u0275,i268,2,1705496085
u1302,i448,5,1705496512
u0807,i384,5,1705496598
u1531,i186,5,1705500348
u1155,i463,1,1705500384
u0880,i358,5,1705500521
u0921,i568,5,1705501262
u1095,i535,4,1705501724
u0076,i115,4,1705502069
u1883,i253,4,1705502204
u0991,i363,3,1705503119
u0786,i044,5,1705503527
u1668,i201,4,1705503729
u0664,i371,4,1705503746
u0834,i179,3,1705503810
u1174,i332,1,1705503927
u0633,i564,5,1705506221
u0956,i188,5,1705507172
u0151,i223,4,1705507435
u1499,i568,4,1705507960
u1358,i461,2,1705508024
u1049,i405,4,1705508289
u1157,i406,4,1705508492
u1078,i255,4,1705508499
u0529,i511,4,1705509035
u1759,i411,4,1705509574
u0448,i371,4,1705509661
u1964,i511,4,1705509758
u1855,i057,4,1705510137
u0036,i163,5,1705510935
u1776,i153,4,1705511366
u1738,i004,5,1705511622
u0055,i584,5,1705512261
u0991,i295,4,1705512319
u0184,i092,4,1705512807
u1593,i073,3,1705513143
u1352,i136,4,1705513262
u0976,i507,4,1705514174
u1684,i040,5,1705514905
u1579,i537,2,1705514996
u1355,i364,4,1705515404
u0248,i218,5,1705516219
u0003,i084,4,1705516689
u0774,i428,5,1705517764
u0258,i042,5,1705518024
u1504,i291,4,1705518776
u0633,i348,4,1705519425
u0369,i109,4,1705519496
u1666,i333,4,1705519550
u0592,i221,2,1705520104
u0460,i153,5,1705520298
u0309,i171,4,1705520636
u1514,i217,3,1705521703
u0038,i121,3,1705521810
u0432,i060,4,1705521963
u0542,i582,3,1705522585
u0008,i296,5,1705523003
u1403,i130,4,1705523103
u1931,i055,2,1705524333
u1120,i417,4,1705525570
u1321,i429,4,1705525731
u0188,i073,4,1705525780
u1974,i550,5,1705525793
u1646,i435,4,1705526568
u0236,i337,2,1705527579
u0027,i254,2,1705531081
u0121,i461,5,1705531403
u1509,i364,3,1705531627
u1526,i334,5,1705531643
u0894,i270,3,1705531668
u0874,i182,4,1705532519
u1180,i372,5,1705532725
u0753,i046,1,1705532805
u0988,i463,5,1705532979
u1731,i282,1,1705533384
u1158,i291,2,1705533411
u0877,i526,5,1705533709
u1782,i356,5,1705534277
u0240,i262,5,1705534542
u0727,i203,2,1705534773
u0906,i417,4,1705535755
u1304,i507,4,1705536501
u1348,i043,2,1705538198
u0771,i108,1,1705538406
u1040,i003,5,1705539570
u1526,i374,5,1705539658
u1781,i526,5,1705540103
u0749,i529,4,1705540853
u0231,i255,5,1705541079
u1583,i237,5,1705541679
u0581,i243,2,1705542438
u1499,i273,4,1705543142
u0461,i291,1,1705543496
u0041,i028,5,1705543727
u1550,i244,5,1705543947
u1810,i493,4,1705544029
u0185,i194,2,1705544240
u0621,i364,4,1705544280
u1224,i593,2,1705544695
u1546,i242,4,1705544929
u1865,i564,3,1705545250
u0147,i422,5,1705545310
u0171,i140,2,1705545477
u1349,i075,4,1705545505
u0160,i072,1,1705545976
u1872,i101,5,1705546538
u0039,i194,4,1705546649
u0382,i026,5,1705547913
u1901,i334,4,1705548000
u1036,i247,4,1705548680
u1261,i575,1,1705549323
u1470,i377,2,1705550724
u1654,i363,5,1705550955
u1237,i204,4,1705551527
u0314,i574,4,1705551840
u1523,i404,4,1705551926
u1499,i086,5,1705552431
u1367,i177,4,1705552475
u0999,i371,2,1705552822
u1473,i051,4,1705552899
u0032,i593,4,1705553282
u1763,i428,4,1705554180
u1759,i321,2,1705554455
u1101,i472,5,1705554629
u1948,i028,5,1705556228
u1901,i141,1,1705556564
u1653,i415,1,1705556626
u1318,i326,4,1705556858
u1165,i256,4,1705557607
u0313,i418,2,1705558308
u1247,i150,4,1705558327
u1467,i078,4,1705558765
u0610,i122,5,1705558946
u0984,i485,5,1705559198
u1104,i265,5,1705560289
u0761,i461,5,1705560330
u1475,i260,5,1705561833
u0961,i314,4,1705562586
u1543,i195,4,1705562844
u1023,i323,4,1705563165
u1244,i463,5,1705564187
u1142,i178,4,1705564209
u1648,i454,5,1705564858
u0525,i013,5,1705565244
u1126,i510,4,1705565497
u1034,i448,5,1705565530
u1688,i443,4,1705565921
u0516,i205,5,1705566056
u0128,i243,1,1705566129
u1041,i381,4,1705566271
u0052,i122,5,1705566481
u0208,i507,5,1705566734
u1236,i336,2,1705566862
u0030,i403,5,1705567788
u0205,i190,4,1705568343
u1752,i337,5,1705568642
u1774,i329,5,1705568810
u0445,i372,4,1705569062
u1089,i320,4,1705569751
u0361,i023,4,1705569806
u1458,i118,5,1705570090
u1640,i146,4,1705571028
u1189,i436,4,1705571509
u0356,i268,1,1705572799
u1217,i320,5,1705573090
u0612,i117,1,1705574127
u0888,i306,4,1705574238
u0668,i554,5,1705574284
u0326,i480,3,1705575262
u1182,i189,5,1705575702
u0562,i097,4,1705576210
u1222,i368,4,1705576846
u1892,i005,5,1705577601
u0399,i493,4,1705577728
u0129,i055,5,1705577746
u1867,i356,5,1705577865
u1694,i429,1,1705578320
u0879,i507,5,1705579638
u1049,i580,4,1705579711
u0414,i484,5,1705579725
u1413,i241,5,1705579726
u1196,i507,4,1705579874
u0282,i575,4,1705580424
u0023,i107,4,1705582428
u0040,i587,4,1705582580
u1368,i334,5,1705582876
u0601,i303,1,1705583440
u0749,i332,5,1705583927
u0681,i124,5,1705584877
u1688,i235,4,1705587095
u0355,i429,4,1705587246
u0070,i271,4,1705587362
u0209,i231,4,1705589613
u1042,i374,4,1705589625
u0722,i243,3,1705589739
u1613,i322,4,1705589751
u0675,i351,4,1705589887
u0125,i374,5,1705590270
u1359,i480,5,1705590299
u0904,i300,4,1705590310
u1718,i140,5,1705590458
u1465,i364,4,1705590740
u1105,i419,2,1705591727
u1003,i582,1,1705592122
u0794,i541,5,1705593199
u1856,i352,4,1705593240
u0510,i570,5,1705593320
u0897,i352,4,1705593740
u0651,i266,4,1705593894
u1052,i113,4,1705593970
u1483,i582,4,1705595947
u1908,i448,5,1705596600
u1535,i388,5,1705596971
u1839,i161,3,1705597065
u0414,i287,4,1705597088
u1875,i227,4,1705597620
u0791,i498,4,1705597678
u1960,i360,4,1705597737
u0345,i027,4,1705598201
u0076,i472,4,1705598623
u1095,i265,5,1705598804
u0643,i595,3,1705599020
u1911,i507,1,1705599859
u0383,i428,2,1705599872
u0758,i357,4,1705600252
u1866,i334,5,1705600515
u0473,i504,2,1705600779
u1987,i519,4,1705602729
u0506,i341,5,1705602999
u0498,i462,4,1705603222
u1293,i149,2,1705603233
u1589,i496,1,1705603437
u1263,i396,5,1705604411
u0044,i243,2,1705605186
u1434,i492,5,1705605368
u0456,i507,5,1705605799
u1038,i337,4,1705605921
u0494,i333,4,1705606027
u0558,i136,4,1705606746
u0707,i016,4,1705606920
u1070,i470,5,1705606941
u1964,i450,2,1705608129
u0416,i231,5,1705608158
u0982,i568,3,1705608264
u0038,i397,5,1705608838
u1068,i221,4,1705608856
u0469,i291,1,1705608944
u1171,i431,4,1705609078
u1100,i243,1,1705609112
u1983,i372,4,1705609620
u0267,i545,2,1705610395
u1278,i268,5,1705611006
u0544,i019,4,1705611749
u1952,i484,5,1705612172
u1883,i161,5,1705612237
u0650,i333,5,1705613195
u1789,i031,5,1705613839
u0266,i113,1,1705615996
u0555,i109,5,1705616577
u1612,i340,4,1705616810
u0606,i566,5,1705616812
u0336,i502,4,1705617494
u1542,i444,4,1705617809
u1406,i333,4,1705618131
u0641,i013,5,1705618160
u1358,i344,4,1705618395
u0032,i012,5,1705618744
u0877,i298,4,1705619635
u1526,i048,4,1705619811
u0637,i470,3,1705620324
u1570,i392,4,1705620604
u0581,i116,5,1705620970
u1073,i280,4,1705621576
u1091,i230,4,1705622141
u1584,i294,5,1705622491
u1100,i278,4,1705622579
u1851,i384,4,1705622989
u0151,i012,5,1705623877
u1512,i245,5,1705624397
u1320,i346,5,1705624690
u1351,i276,4,1705624721
u1373,i143,4,1705625665
u0500,i268,1,1705625727
u0174,i089,5,1705625746
u1226,i424,1,1705625829
u0166,i495,4,1705625869
u0806,i215,4,1705626006
u1194,i254,4,1705627305
u1340,i068,1,1705627734
u0335,i097,5,1705627973
u1480,i377,4,1705628396
u1824,i048,4,1705628432
u1795,i507,4,1705628726
u1763,i384,5,1705628878
u0475,i168,4,1705629838
u0823,i447,3,1705630384
u1522,i290,5,1705630545
u1451,i527,5,1705630711
u1713,i229,4,1705630933
u1017,i529,4,1705631224
u0698,i345,4,1705631770
u1506,i216,2,1705631850
u1206,i280,4,1705632005
u0095,i007,5,1705633026
u0923,i020,5,1705634294
u1575,i519,4,1705634889
u0342,i243,3,1705634903
u1590,i108,4,1705636477
u0516,i586,4,1705637202
u0864,i067,4,1705637427
u1896,i363,5,1705637710
u1568,i214,5,1705638067
u1085,i140,5,1705639112
u1209,i184,4,1705639847
u1915,i526,4,1705640204
u1361,i119,3,1705640315
u1975,i332,5,1705640771
u1291,i237,4,1705641443
u1388,i428,5,1705644211
u1510,i212,4,1705644888
u1703,i294,4,1705645958
u0362,i550,5,1705646031
u1552,i564,5,1705646308
u0007,i498,4,1705646393
u0549,i337,4,1705646568
u1175,i143,4,1705646590
u1822,i568,1,1705646648
u0185,i560,5,1705647156
u0287,i371,5,1705647516
u0270,i276,5,1705647723
u1642,i565,4,1705648304
u0256,i432,5,1705648559
u0223,i470,2,1705649644
u1724,i008,4,1705650018
u1498,i116,4,1705650335
u0295,i140,4,1705650441
u1165,i241,5,1705650504
u1135,i363,4,1705650759
u0307,i041,5,1705651859
u0634,i507,4,1705652118
u1254,i535,5,1705652257
u0584,i008,4,1705652416
u0417,i061,5,1705653719
u0212,i170,1,1705654682
u1110,i243,3,1705655473
u1688,i177,1,1705655654
u0712,i233,3,1705656314
u1722,i417,4,1705656748
u0672,i268,1,1705657091
u1404,i493,4,1705657108
u1945,i268,4,1705657192
u1789,i526,5,1705657343
u0533,i448,1,1705657630
u0015,i292,5,1705658155
u1087,i365,3,1705658163
u1484,i470,4,1705658568
u1171,i060,4,1705658750
u1468,i559,5,1705659368
u1757,i531,2,1705659693
u1797,i333,2,1705660074
u0668,i564,4,1705660200
u0178,i113,5,1705660307
u1718,i519,3,1705660320
u0966,i542,4,1705661395
u0042,i254,3,1705661881
u1062,i089,5,1705662353
u0897,i140,5,1705663066
u0074,i516,5,1705663330
u1057,i106,4,1705664021
u0398,i008,4,1705664685
u1385,i461,3,1705665370
u1144,i526,1,1705665463
u1231,i023,4,1705666239
u0719,i113,5,1705666437
u1551,i428,3,1705666573
u0088,i286,3,1705667135
u0841,i240,5,1705667442
u1651,i204,4,1705667867
u1202,i124,5,1705668328
u1054,i398,4,1705668581
u1631,i350,5,1705668819
u1870,i117,5,1705669201
u1233,i436,4,1705669543
u0354,i108,4,1705669822
u0635,i048,2,1705670386
u1199,i461,5,1705670503
u1161,i249,4,1705670558
u0926,i291,4,1705670784
u1539,i026,5,1705670817
u1413,i268,5,1705671923
u0361,i292,1,1705672054
u0150,i231,5,1705672333
u0794,i268,2,1705673235
u0517,i263,4,1705673647
u0415,i540,4,1705673695
u1109,i037,4,1705674279
u1281,i128,5,1705675183
u0556,i575,4,1705675870
u1178,i093,1,1705676729
u0488,i194,4,1705677222
u1193,i305,5,1705677486
u0438,i042,5,1705677674
u1433,i355,5,1705677863
u0962,i048,4,1705678436
u0280,i555,5,1705678897
u0286,i278,5,1705679069
u0162,i233,3,1705679179
u0457,i117,1,1705679351
u0016,i312,4,1705679559
u0163,i062,4,1705680956
u0937,i274,5,1705681068
u1198,i197,3,1705681500
u1041,i139,5,1705681899
u1073,i459,4,1705682096
u1879,i077,5,1705682353
u1210,i212,5,1705682735
u0626,i526,4,1705682740
u0271,i461,4,1705683030
u1941,i275,5,1705683102
u0954,i437,4,1705683323
u1152,i526,4,1705683980
u1108,i473,4,1705684002
u0954,i384,4,1705684036
u0938,i084,4,1705684141
u1868,i325,4,1705684443
u0677,i357,3,1705688566
u1981,i013,5,1705689443
u1499,i310,5,1705689843
u1439,i363,5,1705689897
u1978,i096,4,1705690393
u0460,i133,3,1705690419
u0875,i589,5,1705690966
u0347,i540,4,1705691061
u1509,i501,5,1705691862
u1200,i336,4,1705692004
u1583,i545,5,1705692443
u1906,i402,5,1705692782
u1580,i593,5,1705693145
u1029,i383,5,1705693593
u1343,i013,4,1705693744
u0557,i278,5,1705693929
u0694,i428,5,1705694199
u1491,i457,5,1705694655
u0533,i283,4,1705694832
u1944,i512,4,1705695993
u1634,i404,5,1705697223
u1238,i381,1,1705697408
u0348,i075,5,1705697549
u1212,i150,4,1705697661
u1509,i228,4,1705697691
u1168,i294,5,1705697749
u0888,i301,5,1705697793
u0883,i268,4,1705699745
u1513,i265,4,1705699958
u0228,i333,5,1705700468
u0424,i243,3,1705701448
u1154,i541,4,1705701452
u0619,i130,5,1705701912
u0504,i384,5,1705702217
u0834,i526,1,1705702674
u0329,i332,5,1705702686
u1868,i355,5,1705702989
u1507,i105,4,1705703370
u0640,i319,5,1705703594
u1326,i545,1,1705703623
u1097,i526,5,1705704480
u1107,i295,4,1705705146
u1751,i243,2,1705706172
u1593,i089,5,1705707018
u0713,i556,3,1705707393
u0952,i275,5,1705707979
u1302,i550,4,1705708179
u1110,i595,4,1705708926
u1440,i153,5,1705709081
u0976,i043,5,1705709738
u0281,i268,2,1705710538
u1485,i467,5,1705710855
u1252,i023,5,1705712308
u0028,i002,5,1705715566
u1849,i149,4,1705716595
u0845,i268,2,1705717163
u0885,i129,4,1705717389
u1669,i130,1,1705718792
u0016,i295,3,1705718871
u1869,i268,2,1705720200
u1497,i243,1,1705720333
u0239,i533,1,1705720689
u0585,i568,1,1705722872
u1010,i268,3,1705723015
u1927,i149,3,1705723021
u1740,i221,4,1705723256
u1585,i363,2,1705724836
u1108,i089,5,1705725121
u0217,i071,4,1705726186
u1906,i062,4,1705727893
u1844,i268,1,1705728843
u1792,i357,4,1705729232
u1893,i244,5,1705729457
u1421,i049,4,1705729774
u1333,i430,5,1705730047
u0203,i470,2,1705730304
u0701,i424,5,1705730760
u0760,i268,3,1705731220
u0217,i294,5,1705732290
u1986,i211,3,1705732406
u0349,i547,5,1705732540
u0451,i428,4,1705732846
u0590,i205,4,1705734146
u1290,i448,4,1705734583
u1792,i526,2,1705734937
u1125,i550,4,1705735764
u1782,i568,5,1705735778
u1308,i033,4,1705736575
u0313,i055,4,1705736604
u1873,i449,4,1705736689
u0851,i194,1,1705737359
u0106,i573,5,1705738039
u1063,i312,5,1705738859
u0943,i529,1,1705739630
u1920,i419,5,1705739823
u0047,i293,4,1705739861
u0557,i582,5,1705740203
u1137,i129,5,1705740275
u0694,i372,5,1705740347
u0923,i236,4,1705741102
u0681,i097,4,1705741279
u1333,i211,4,1705741286
u0971,i313,4,1705741430
u1159,i492,4,1705741480
u1030,i327,1,1705741611
u0766,i055,4,1705741668
u0614,i333,4,1705741968
u0246,i089,1,1705742469
u1123,i428,1,1705742949
u0527,i205,5,1705743439
u0434,i526,3,1705743760
u0687,i147,2,1705744345
u1680,i275,5,1705744744
u1687,i048,5,1705744745
u1119,i212,5,1705745219
u1272,i357,5,1705745314
u0207,i454,5,1705745445
u1912,i563,4,1705746525
u1551,i560,5,1705746724
u0503,i245,5,1705747001
u1366,i117,4,1705748646
u1553,i127,5,1705749737
u1710,i061,4,1705749796
u1740,i099,4,1705749938
u0414,i568,5,1705750268
u0108,i377,5,1705750513
u0590,i402,5,1705750518
u1318,i173,4,1705750828
u1833,i003,4,1705751339
u0256,i564,4,1705751831
u1557,i106,2,1705752049
u1019,i550,4,1705752428
u0108,i568,2,1705752432
u1133,i399,4,1705752486
u1330,i254,4,1705752882
u1935,i363,5,1705753268
u0296,i353,5,1705753569
u0250,i254,5,1705754231
u0255,i332,5,1705754619
u1838,i246,5,1705754958
u0607,i118,4,1705755298
u1233,i470,4,1705755381
u1908,i392,3,1705756225
u1594,i201,2,1705756320
u1569,i539,5,1705756643
u1285,i323,4,1705756681
u0298,i103,5,1705757563
u0174,i561,5,1705758417
u0188,i163,1,1705758456
u1308,i044,3,1705758528
u0515,i144,4,1705759032
u1111,i566,2,1705759222
u1050,i377,3,1705759352
u0459,i507,2,1705759970
u1602,i291,4,1705761251
u0518,i162,4,1705761336
u0814,i344,4,1705762187
u1446,i018,5,1705762279
u0809,i243,3,1705762789
u0980,i377,4,1705763412
u1529,i333,4,1705763916
u0847,i375,2,1705764142
u0381,i019,5,1705764452
u0624,i205,4,1705764459
u0125,i540,5,1705764739
u0905,i526,5,1705765641
u1831,i021,5,1705765699
u0520,i566,4,1705766413
u0662,i032,4,1705766463
u0075,i282,5,1705767167
u1149,i334,4,1705767560
u0508,i002,4,1705768972
u0003,i493,5,1705769179
u1643,i370,3,1705769207
u0946,i473,4,1705769349
u1817,i560,4,1705769653
u0198,i428,1,1705769771
u0788,i504,4,1705770679
u1957,i443,4,1705770682
u1856,i374,3,1705770713
u0550,i006,1,1705770788
u0643,i364,4,1705770821
u0914,i549,5,1705770937
u1765,i551,4,1705771637
u1436,i225,4,1705772118
u1949,i063,5,1705773809
u1111,i137,5,1705773945
u1561,i596,5,1705774024
u1435,i406,1,1705774089
u1600,i319,4,1705774320
u0612,i293,4,1705774422
u1911,i013,5,1705775407
u0639,i023,5,1705776506
u1792,i234,5,1705777122
u1232,i074,2,1705777129
u0599,i216,4,1705777183
u1459,i292,4,1705777521
u1138,i564,4,1705777653
u1911,i292,4,1705777795
u1090,i519,5,1705778255
u0957,i203,3,1705778434
u0663,i334,4,1705778949
u0846,i297,4,1705778992
u0874,i568,4,1705779132
u1293,i256,5,1705779512
u1628,i597,4,1705780434
u1818,i419,5,1705781042
u1393,i308,5,1705781162
u1224,i110,4,1705781603
u0324,i332,2,1705782881
u1204,i319,5,1705783842
u0984,i334,5,1705783929
u1311,i453,4,1705784096
u1258,i593,4,1705784627
u1956,i109,4,1705784743
u0917,i055,1,1705784816
u1126,i245,5,1705785351
u1640,i166,4,1705785927
u0795,i243,4,1705786014
u0253,i452,5,1705786098
u1235,i243,5,1705787241
u1173,i116,5,1705789017
u0680,i543,2,1705789377
u0035,i363,4,1705789834
u0041,i351,4,1705790068
u0200,i140,4,1705790201
u0767,i417,4,1705790438
u1977,i521,4,1705790575
u0143,i026,4,1705790667
u0529,i027,4,1705790904
u1414,i243,4,1705791366
u0669,i048,4,1705792041
u1722,i548,4,1705792680
u1078,i514,5,1705792872
u1779,i246,5,1705793830
u0753,i500,4,1705794342
u0109,i495,5,1705794819
u0219,i361,4,1705795320
u1535,i334,1,1705795597
u1709,i587,5,1705795754
u0254,i387,5,1705796177
u0439,i536,4,1705796319
u0699,i114,5,1705796735
u0808,i062,4,1705797241
u0569,i416,5,1705797677
u1911,i392,4,1705798270
u0414,i223,5,1705798698
u1334,i352,5,1705798704
u0045,i377,2,1705799122
u0382,i086,5,1705799600
u0782,i144,5,1705799892
u1164,i243,3,1705800019
u0229,i268,1,1705801467
u1800,i172,5,1705802795
u0780,i143,5,1705802893
u0486,i143,4,1705804884
u0693,i463,1,1705805940
u1208,i242,4,1705806319
u0401,i151,4,1705806611
u1238,i447,4,1705806806
u0354,i097,4,1705807132
u0850,i192,1,1705807658
u1322,i291,5,1705807784
u1018,i448,5,1705808263
u0355,i113,5,1705809077
u1899,i271,5,1705809312
u1421,i268,4,1705809800
u0081,i407,4,1705809809
u0098,i272,5,1705810735
u1218,i027,4,1705811607
u1047,i399,2,1705811767
u0374,i307,2,1705812148
u1376,i263,5,1705812373
u1551,i113,5,1705812904
u1370,i500,4,1705813436
u1149,i341,5,1705813452
u1038,i519,5,1705814779
u0948,i351,5,1705815041
u0458,i563,4,1705815256
u1911,i411,4,1705815294
u1305,i105,3,1705815599
u0188,i573,5,1705815800
u1407,i568,4,1705815967
u1814,i152,4,1705816797
u0094,i022,4,1705816977
u0224,i229,5,1705817906
u1752,i563,5,1705818715
u1237,i502,5,1705821394
u0792,i473,5,1705821602
u0914,i526,3,1705823273
u0542,i089,4,1705823659
u0732,i049,5,1705824369
u0387,i566,5,1705824622
u1914,i233,4,1705825067
u1484,i255,5,1705825129
u0878,i443,2,1705825178
u0222,i220,2,1705825282
u0918,i461,5,1705825644
u0563,i119,4,1705826710
u1968,i495,4,1705827805
u0996,i117,4,1705828015
u0127,i243,2,1705828653
u0147,i221,5,1705829607
u1321,i417,5,1705829697
u1374,i122,5,1705830329
u0456,i381,4,1705831049
u1720,i149,4,1705831252
u1981,i268,5,1705831729
u1932,i489,4,1705832939
u1755,i243,1,1705834090
u1165,i584,4,1705834106
u1691,i005,5,1705835294
u1251,i410,4,1705836135
u1684,i452,4,1705836557
u1826,i039,4,1705836581
u1802,i352,3,1705836847
u0763,i266,5,1705837247
u1701,i357,4,1705837551
u1099,i189,5,1705837572
u1214,i046,4,1705838095
u0519,i500,4,1705838315
u1239,i580,5,1705839560
u1788,i054,5,1705839664
u1133,i333,4,1705840075
u1385,i597,2,1705840258
u0918,i507,3,1705840812
u1460,i596,4,1705841283
u0042,i116,4,1705841604
u1755,i373,5,1705841949
u1401,i268,4,1705843486
u1848,i363,4,1705843630
u1557,i508,5,1705843977
u1061,i449,4,1705844661
u0667,i013,2,1705845145
u1526,i466,4,1705845263
u1379,i372,4,1705845759
u1621,i332,4,1705846470
u0028,i364,4,1705846986
u1076,i205,2,1705847484
u1863,i484,5,1705847489
u1832,i425,5,1705847544
u0647,i575,5,1705848365
u0387,i543,5,1705848858
u1942,i243,2,1705849332
u0082,i286,5,1705849553
u1799,i504,5,1705849720
u0713,i030,4,1705849745
u0702,i162,4,1705850073
u1500,i092,5,1705850235
u1061,i343,2,1705850402
u0732,i365,1,1705850922
u0899,i568,4,1705851079
u0098,i274,4,1705851281
u1248,i424,5,1705851484
u0748,i222,5,1705851758
u0006,i073,5,1705851840
u0540,i379,2,1705852274
u0515,i334,4,1705852447
u0398,i104,5,1705852919
u0190,i334,5,1705853049
u0406,i095,2,1705853668
u0445,i266,5,1705854355
u0792,i106,5,1705854376
u0501,i313,2,1705854394
u0208,i529,5,1705854658
u0342,i483,5,1705854722
u1540,i299,4,1705855052
u0329,i164,4,1705855159
u0205,i040,5,1705855215
u1895,i245,4,1705855651
u0617,i291,5,1705855726
u0093,i378,4,1705855833
u1142,i308,5,1705856577
u0383,i333,1,1705856959
u1385,i458,4,1705857867
u1894,i546,4,1705858129
u0415,i115,5,1705858245
u1543,i504,4,1705859170
u1415,i473,5,1705859600
u0747,i004,4,1705859616
u0423,i057,5,1705859672
u0321,i199,5,1705860434
u0101,i504,5,1705861380
u0994,i072,4,1705861424
u1257,i431,5,1705861450
u0675,i511,4,1705861482
u1611,i511,2,1705862025
u1015,i504,2,1705862606
u1844,i243,2,1705862955
u1657,i597,5,1705863832
u0593,i395,5,1705864373
u1610,i507,1,1705864639
u0863,i004,4,1705865095
u0256,i106,5,1705865155
u1505,i071,5,1705865484
u1795,i508,5,1705866358
u1873,i378,1,1705866617
u1062,i364,5,1705866986
u1658,i473,5,1705867269
u1000,i119,4,1705867824
u0370,i466,2,1705868161
u0143,i486,4,1705868540
u0988,i400,4,1705868544
u1885,i361,5,1705868610
u0298,i275,4,1705869037
u1428,i291,4,1705869227
u1412,i243,1,1705869361
u1130,i143,4,1705869561
u1252,i504,5,1705870199
u0028,i495,4,1705870265
u0071,i134,5,1705870778
u1529,i449,4,1705872032
u0647,i309,1,1705872159
u0195,i019,5,1705872280
u0970,i268,4,1705872286
u0803,i217,5,1705872484
u1318,i526,5,1705872537
u0346,i261,3,1705872630
u0419,i407,5,1705872810
u1776,i437,1,1705872928
u0757,i565,4,1705872974
u1278,i132,4,1705873093
u1319,i117,2,1705873715
u1508,i237,5,1705873815
u1033,i259,4,1705874196
u1932,i373,5,1705874652
u0617,i292,3,1705876561
u0284,i026,5,1705877238
u1312,i568,4,1705877567
u0013,i380,2,1705877830
u1927,i055,4,1705878701
u0259,i363,5,1705879107
u0125,i414,4,1705879582
u0598,i049,4,1705880222
u1309,i363,4,1705880380
u1713,i419,4,1705880571
u0871,i444,4,1705882560
u0847,i552,4,1705882792
u0829,i089,1,1705883280
u0285,i436,2,1705884635
u1410,i321,5,1705885105
u0668,i529,2,1705885318
u0270,i064,4,1705885463
u1615,i385,5,1705885488
u0107,i429,5,1705885552
u1386,i519,5,1705885580
u1039,i357,5,1705885845
u1539,i484,4,1705886032
u1316,i425,4,1705886914
u0419,i384,4,1705887019
u0180,i513,5,1705887034
u0156,i161,2,1705887143
u0888,i504,4,1705887294
u1817,i034,4,1705887352
u0358,i367,4,1705887459
u1322,i480,5,1705888178
u1697,i326,5,1705888262
u1007,i597,4,1705888468
u0031,i407,4,1705888972
u0985,i478,4,1705889028
u0744,i357,4,1705889081
u1551,i492,4,1705890505
u1026,i205,2,1705892081
u1581,i214,4,1705892875
u1866,i243,2,1705893169
u0957,i211,5,1705893197
u0777,i519,4,1705893274
u0584,i521,5,1705893275
u1807,i008,4,1705893354
u1203,i566,4,1705893775
u0887,i291,2,1705894030
u1780,i397,4,1705894313
u1970,i155,5,1705894821
u0952,i227,2,1705894864
u1831,i509,4,1705895158
u0056,i219,5,1705895353
u0993,i333,5,1705895504
u1290,i461,4,1705895614
u0912,i023,5,1705896683
u1160,i065,5,1705896940
u0675,i243,2,1705897068
u1809,i411,4,1705897419
u1890,i332,4,1705897573
u1776,i270,3,1705897633
u0964,i217,3,1705898042
u1635,i471,4,1705898766
u0255,i363,2,1705899115
u0911,i357,1,1705899195
u1759,i015,1,1705899658
u1700,i461,4,1705900726
u0780,i038,5,1705902731
u0703,i505,5,1705903690
u0950,i092,3,1705904333
u0429,i268,5,1705904518
u0648,i122,4,1705905045
u1893,i185,4,1705905254
u1197,i384,1,1705905300
u0063,i085,3,1705905354
u0972,i004,5,1705906713
u0802,i541,3,1705906969
u1823,i014,4,1705907266
u1868,i595,5,1705907789
u0992,i180,4,1705908338
u0044,i372,5,1705908559
u1502,i352,4,1705910068
u1879,i044,4,1705910250
u1998,i124,5,1705910287
u0210,i526,3,1705910748
u0177,i106,4,1705910820
u1654,i319,2,1705910903
u1542,i116,4,1705911369
u0960,i048,5,1705911998
u1789,i108,5,1705912928
u0182,i266,4,1705913029
u0768,i461,1,1705913169
u0176,i378,4,1705913366
u1838,i480,4,1705914017
u0441,i524,2,1705914622
u0233,i178,4,1705915026
u1198,i066,2,1705915083
u0374,i237,5,1705915927
u0058,i364,5,1705916233
u0337,i290,4,1705916419
u0592,i273,4,1705916891
u1268,i370,5,1705917345
u1037,i145,4,1705917550
u1326,i493,5,1705917660
u1729,i013,3,1705918711
u1402,i597,5,1705918752
u1370,i470,4,1705919744
u0061,i108,1,1705920438
u1409,i313,5,1705921370
u1855,i100,4,1705922837
u1747,i178,4,1705922924
u1264,i333,1,1705923383
u0598,i507,1,1705924062
u1239,i405,5,1705924438
u0723,i505,1,1705925144
u1070,i022,4,1705925754
u0881,i559,5,1705925797
u1570,i513,4,1705926079
u1992,i357,5,1705927195
u0688,i191,1,1705927605
u0234,i337,1,1705928606
u0877,i031,4,1705929772
u1786,i585,4,1705930155
u0880,i325,4,1705931072
u1032,i362,5,1705931254
u1473,i498,5,1705931577
u0114,i097,5,1705931727
u0976,i308,5,1705932275
u1809,i170,2,1705932652
u1807,i359,4,1705933297
u1103,i091,4,1705934078
u1521,i587,4,1705934111
u0847,i028,5,1705935872
u1282,i173,5,1705936070
u0127,i115,4,1705936106
u0371,i021,5,1705936887
u1613,i500,5,1705936968
u1516,i520,3,1705937288
u0611,i261,5,1705937310
u0922,i334,5,1705937803
u1885,i169,5,1705938026
u0140,i576,4,1705938531
u1996,i092,4,1705938580
u1676,i363,4,1705938718
u1631,i496,5,1705938824
u0904,i537,2,1705939486
u0177,i210,5,1705939502
u0239,i353,3,1705940345
u0695,i563,5,1705940415
u0466,i529,5,1705941158
u1026,i348,5,1705941272
u1471,i363,5,1705941330
u1335,i489,4,1705941350
u1149,i237,4,1705941578
u1982,i151,2,1705941723
u0171,i564,2,1705942232
u1935,i413,5,1705942843
u0749,i007,5,1705943725
u0209,i461,1,1705943828
u1983,i043,4,1705944825
u0027,i405,3,1705945112
u1168,i299,1,1705945478
u1277,i243,2,1705945774
u1839,i275,4,1705948240
u0967,i234,3,1705949279
u0975,i348,1,1705949562
u0115,i549,4,1705949633
u0432,i436,5,1705950735
u0601,i142,4,1705951271
u0926,i279,4,1705951414
u1784,i568,1,1705952162
u0114,i220,5,1705952327
u0995,i274,5,1705953268
u1282,i220,4,1705955386
u0864,i379,4,1705955602
u1148,i055,4,1705956603
u1232,i026,4,1705956902
u1011,i504,4,1705957379
u1143,i037,1,1705957781
u1846,i456,4,1705957812
u1294,i471,4,1705958075
u1057,i089,5,1705958131
u0851,i334,4,1705958843
u1543,i023,5,1705959440
u1700,i550,4,1705960470
u1840,i227,4,1705961669
u1363,i292,4,1705962140
u0738,i120,4,1705962203
u1675,i074,5,1705962941
u0871,i357,2,1705962990
u1123,i211,4,1705963977
u1722,i539,4,1705964348
u0376,i324,5,1705964587
u0839,i261,4,1705964631
u1741,i550,1,1705964696
u0127,i586,4,1705965756
u1239,i095,5,1705965927
u1872,i211,5,1705966034
u0516,i306,2,1705966055
u0918,i023,5,1705966167
u1258,i273,5,1705966630
u0944,i490,5,1705966960
u1359,i365,5,1705967599
u0268,i447,5,1705969844
u1395,i243,3,1705970131
u1755,i319,5,1705970203
u0582,i458,2,1705970604
u1589,i536,5,1705971998
u1845,i539,5,1705972030
u1227,i507,3,1705972209
u1340,i194,4,1705972641
u1939,i197,5,1705972802
u0414,i182,5,1705972914
u0788,i215,1,1705973631
u1379,i218,2,1705974020
u0552,i223,5,1705974197
u0109,i362,4,1705974424
u1429,i020,2,1705974845
u1528,i274,4,1705975085
u1932,i553,4,1705975666
u0516,i114,4,1705975815
u1663,i568,5,1705976148
u0708,i113,1,1705977501
u1835,i287,2,1705977982
u1093,i272,5,1705979237
u0475,i136,4,1705980418
u0360,i275,5,1705980420
u0612,i419,5,1705980910
u0766,i286,5,1705981223
u0519,i228,5,1705981642
u1978,i243,4,1705981872
u0291,i244,4,1705981897
u0282,i282,5,1705982092
u1347,i268,2,1705982093
u0942,i048,4,1705982625
u0109,i332,1,1705984438
u0345,i019,5,1705984816
u0288,i292,5,1705985394
u1538,i417,5,1705985470
u0520,i012,1,1705985921
u1096,i108,5,1705987056
u1862,i109,4,1705987067
u0562,i405,5,1705987070
u0320,i371,5,1705987101
u0202,i233,5,1705987393
u1472,i361,4,1705987517
u1284,i422,4,1705987800
u1958,i417,5,1705987891
u0110,i013,2,1705987900
u1609,i268,4,1705987943
u1283,i446,5,1705988656
u1300,i116,5,1705989765
u1600,i268,4,1705990416
u1340,i463,4,1705990437
u0135,i136,5,1705990493
u0214,i507,3,1705991487
u1365,i140,4,1705991660
u0702,i238,4,1705993351
u1496,i273,4,1705993514
u0753,i021,4,1705993642
u1457,i120,5,1705993709
u0647,i399,4,1705993990
u1982,i404,4,1705994028
u1557,i384,4,1705994691
u1238,i305,5,1705995482
u0262,i415,4,1705997108
u1366,i361,4,1705997317
u1600,i425,5,1705998326
u1986,i242,5,1705998507
u0689,i227,5,1705998682
u1461,i236,4,1705998860
u0901,i057,5,1705998925
u1392,i582,4,1705999609
u1463,i292,1,1705999906
u1997,i055,4,1706000829
u1241,i526,1,1706000834
u0407,i345,4,1706000925
u0707,i349,3,1706001235
u1880,i031,4,1706001954
u0945,i139,4,1706001982
u0762,i215,4,1706002088
u1041,i493,5,1706002335
u1413,i156,2,1706003352
u1928,i187,1,1706003625
u1406,i367,4,1706003770
u0399,i529,4,1706004103
u0404,i419,4,1706004698
u0805,i203,5,1706005001
u1378,i262,5,1706005171
u1480,i579,2,1706006160
u0332,i373,4,1706006684
u0415,i019,4,1706006774
u0178,i099,4,1706007002
u1631,i243,5,1706007155
u0754,i197,4,1706007232
u1692,i505,4,1706008539
u1500,i190,4,1706009813
u1652,i088,5,1706010005
u0529,i133,4,1706011190
u0856,i412,4,1706011512
u1035,i089,5,1706012634
u0913,i355,5,1706012827
u0915,i471,5,1706014336
u1709,i399,1,1706014859
u1695,i334,4,1706014880
u0852,i568,4,1706015495
u1331,i087,3,1706016012
u0021,i407,1,1706016398
u1732,i425,4,1706016732
u0697,i424,1,1706018221
u0896,i013,4,1706018522
u1654,i145,4,1706019348
u0491,i347,3,1706019635
u1260,i412,4,1706019774
u1585,i552,5,1706019854
u0489,i067,2,1706020248
u0998,i535,4,1706020258
u0697,i570,4,1706021345
u1582,i472,4,1706021733
u0494,i298,5,1706021903
u1500,i394,5,1706022287
u0136,i595,4,1706022359
u0895,i019,4,1706023151
u0334,i377,4,1706024518
u1536,i595,5,1706024669
u1864,i103,4,1706024948
u1197,i291,1,1706024976
u1748,i023,4,1706025116
u0076,i485,4,1706025474
u1021,i342,2,1706025477
u1026,i072,4,1706025834
u1167,i564,2,1706025847
u1506,i219,5,1706026057
u1475,i267,4,1706026230
u0462,i274,4,1706026484
u0282,i512,5,1706027807
u1634,i067,4,1706028462
u1031,i584,4,1706028574
u0003,i314,3,1706029297
u0981,i504,4,1706029329
u0750,i233,3,1706029562
u0769,i341,5,1706029642
u1864,i227,3,1706029743
u0427,i292,5,1706030135
u0029,i217,5,1706030659
u0532,i155,3,1706030738
u0630,i563,4,1706031705
u0085,i333,5,1706031781
u0530,i234,2,1706033158
u0241,i423,3,1706033220
u1952,i291,4,1706033530
u0116,i291,4,1706033544
u1954,i181,5,1706033845
u0322,i424,1,1706033866
u1952,i026,5,1706034120
u0262,i287,4,1706034157
u1670,i143,5,1706034204
u1170,i117,5,1706034586
u1555,i146,3,1706035045
u1753,i225,4,1706035463
u1340,i364,4,1706035996
u1322,i472,3,1706036205
u1214,i241,4,1706036290
u1670,i514,4,1706036405
u1943,i009,4,1706036603
u0219,i469,1,1706036617
u1006,i243,2,1706037100
u1398,i243,1,1706037800
u0614,i332,3,1706037978
u1820,i363,4,1706038606
u1765,i478,5,1706038727
u1451,i243,1,1706039297
u0032,i361,5,1706039563
u0221,i293,5,1706039715
u1648,i584,5,1706040216
u1169,i225,1,1706040383
u0927,i193,1,1706041199
u0615,i444,3,1706041512
u1120,i560,4,1706041930
u0651,i332,5,1706042303
u0463,i314,4,1706042596
u0364,i534,3,1706042721
u0613,i554,1,1706043288
u1760,i113,5,1706043561
u1690,i298,4,1706044155
u1183,i062,3,1706044813
u1629,i013,4,1706044888
u0600,i519,4,1706045179
u0858,i105,5,1706046316
u0058,i305,4,1706046706
u1162,i237,4,1706048593
u0955,i507,3,1706049346
u0412,i423,4,1706050037
u0403,i292,4,1706050061
u0030,i455,4,1706050556
u0338,i263,5,1706050827
u0549,i448,5,1706051597
u1583,i185,4,1706051775
u1325,i417,4,1706052139
u0737,i507,1,1706053487
u1138,i506,4,1706053965
u0165,i118,4,1706054017
u1885,i003,5,1706054205
u0704,i526,1,1706054535
u1424,i136,5,1706054981
u1872,i461,4,1706055134
u0987,i565,2,1706055157
u1757,i191,5,1706056784
u0910,i533,5,1706057028
u0353,i220,4,1706057189
u0839,i507,3,1706057237
u1570,i256,5,1706057491
u0568,i062,2,1706058180
u1446,i319,5,1706058592
u1748,i464,5,1706058601
u0475,i314,2,1706058894
u0818,i152,5,1706059068
u0902,i500,5,1706059284
u1995,i378,5,1706059618
u1624,i446,5,1706059749
u1531,i034,4,1706061258
u0285,i026,5,1706061760
u1003,i363,5,1706061785
u1434,i439,5,1706062029
u0055,i093,5,1706062128
u1193,i057,4,1706063142
u1291,i107,4,1706063142
u1366,i420,1,1706063861
u1201,i553,5,1706065161
u0031,i468,5,1706065603
u0479,i182,4,1706065884
u0660,i140,4,1706066153
u1815,i013,4,1706066617
u1922,i333,3,1706067879
u1776,i055,5,1706067989
u1244,i147,5,1706068418
u0332,i002,3,1706068510
u0414,i055,4,1706068907
u1299,i207,5,1706068933
u0658,i568,5,1706069188
u0721,i591,5,1706069996
u1843,i237,4,1706070283
u0387,i225,5,1706070993
u0843,i066,4,1706071323
u1318,i160,5,1706073031
u1516,i341,5,1706073258
u1389,i043,5,1706074832
u1075,i553,2,1706074855
u1475,i081,5,1706075911
u0521,i417,5,1706076260
u1057,i362,5,1706076459
u1040,i240,5,1706076806
u0943,i361,5,1706077028
u0251,i334,4,1706077633
u0103,i582,1,1706078103
u1600,i243,3,1706078464
u1371,i210,5,1706078559
u1970,i354,1,1706079820
u1970,i299,4,1706079892
u0213,i552,5,1706080926
u1438,i053,5,1706080986
u1600,i197,4,1706082624
u1642,i293,4,1706083333
u1693,i404,4,1706083646
u1063,i519,4,1706083670
u1775,i455,1,1706084407
u0690,i256,5,1706085238
u0718,i454,4,1706085245
u1272,i286,1,1706085727
u1411,i363,1,1706085933
u0165,i251,1,1706086304
u1142,i381,5,1706087481
u0703,i458,1,1706087616
u0667,i250,5,1706087866
u1041,i178,4,1706088284
u1609,i212,5,1706088547
u1843,i368,2,1706088636
u0418,i544,4,1706088942
u0875,i243,4,1706089519
u0272,i177,4,1706090399
u0277,i312,4,1706090782
u1585,i334,4,1706093487
u0942,i118,5,1706093776
u0473,i484,5,1706093862
u1394,i143,2,1706094514
u0799,i075,4,1706094805
u1092,i571,4,1706094918
u1640,i419,4,1706095072
u1609,i544,5,1706095411
u1054,i368,5,1706097127
u1080,i450,5,1706097581
u0840,i256,4,1706098224
u1101,i341,5,1706098941
u1694,i595,3,1706099396
u0502,i495,4,1706099575
u1391,i245,4,1706099628
u0194,i499,3,1706100488
u1738,i051,4,1706100659
u1430,i268,3,1706101022
u0993,i409,4,1706101152
u0765,i106,4,1706102579
u1122,i568,4,1706102698
u0304,i254,5,1706103281
u1944,i526,5,1706103896
u1305,i529,4,1706105068
u1620,i118,5,1706105225
u0615,i572,5,1706105579
u1934,i578,4,1706106277
u0162,i363,1,1706106290
u1500,i374,4,1706106352
u1908,i073,5,1706106528
u0694,i332,5,1706107076
u1597,i100,1,1706108809
u0547,i504,5,1706108910
u1986,i492,5,1706109505
u1654,i297,3,1706109518
u1107,i048,5,1706109784
u1299,i230,5,1706111063
u0709,i428,5,1706111065
u0988,i243,5,1706111255
u0076,i295,4,1706111337
u1158,i116,1,1706111753
u0411,i328,4,1706112091
u0191,i034,1,1706112122
u1767,i192,5,1706113011
u0749,i233,2,1706113339
u0555,i535,4,1706113691
u1360,i526,5,1706113738
u1709,i391,4,1706113963
u1482,i185,5,1706114106
u1827,i267,2,1706114353
u0610,i152,4,1706114600
u1765,i378,5,1706114840
u1688,i588,4,1706114965
u0552,i291,4,1706115071
u0648,i112,4,1706116389
u1908,i060,5,1706116420
u0155,i097,4,1706117390
u1664,i334,4,1706118183
u1742,i495,4,1706118198
u0472,i175,5,1706118324
u0157,i268,1,1706119709
u1570,i206,4,1706119739
u0064,i222,5,1706119946
u1450,i320,4,1706119954
u0213,i258,5,1706120075
u1100,i254,4,1706120075
u1381,i449,5,1706120236
u1713,i314,2,1706120726
u1866,i048,5,1706120924
u1701,i299,2,1706120944
u1613,i541,2,1706121421
u1559,i219,5,1706122069
u1796,i419,5,1706123766
u0333,i469,1,1706123818
u0275,i185,5,1706124024
u0634,i379,4,1706124323
u1611,i352,4,1706124505
u0082,i484,5,1706124559
u1400,i122,3,1706125154
u0847,i410,4,1706125714
u0530,i351,4,1706126393
u1156,i350,5,1706126403
u0023,i014,5,1706126452
u1615,i140,4,1706126803
u1723,i023,3,1706126844
u0347,i053,5,1706129124
u0618,i093,5,1706129352
u0686,i101,5,1706129550
u0413,i529,5,1706129571
u0670,i334,2,1706130549
u1615,i373,5,1706131087
u0456,i527,5,1706132460
u1867,i220,1,1706133119
u0496,i086,5,1706133179
u0730,i380,4,1706133395
u0462,i332,5,1706133862
u1138,i502,4,1706133963
u1915,i157,5,1706134165
u0347,i472,5,1706134379
u1425,i250,5,1706135131
u1066,i178,2,1706135354
u1237,i243,5,1706135769
u1594,i211,5,1706135867
u1971,i227,4,1706136049
u1707,i048,1,1706136331
u0155,i080,5,1706136864
u1057,i391,4,1706137105
u1535,i372,1,1706138339
u1064,i472,4,1706138503
u0017,i268,1,1706138557
u1274,i031,1,1706138861
u1906,i096,3,1706138888
u0691,i013,5,1706139338
u1338,i393,3,1706139659
u0783,i454,2,1706140105
u0432,i421,5,1706140733
u0242,i580,5,1706141211
u0190,i154,2,1706141348
u1639,i470,4,1706141529
u1176,i512,2,1706141634
u0544,i334,5,1706141675
u0084,i595,5,1706142601
u0879,i149,4,1706142909
u1028,i291,4,1706143045
u1100,i109,3,1706143103
u1338,i334,5,1706143545
u0368,i521,5,1706143747
u1422,i398,5,1706143769
u0227,i015,5,1706144768
u1286,i292,5,1706144844
u0334,i423,4,1706144961
u1186,i363,5,1706145029
u0706,i057,5,1706145064
u1808,i448,5,1706145381
u0165,i136,5,1706145638
u1036,i004,4,1706145664
u1849,i372,4,1706146294
u0372,i091,4,1706147180
u0357,i364,5,1706147274
u1887,i089,4,1706147372
u0925,i124,4,1706147641
u1656,i507,1,1706147713
u0429,i375,4,1706147788
u1870,i568,5,1706147937
u0947,i351,3,1706148081
u1722,i005,4,1706148105
u1530,i523,5,1706149239
u0406,i473,4,1706150262
u1847,i292,5,1706151854
u1023,i568,5,1706152046
u1529,i298,5,1706152548
u0793,i352,4,1706152581
u0724,i374,5,1706154794
u0559,i268,5,1706155210
u1375,i290,5,1706155761
u1715,i075,4,1706155862
u1615,i425,5,1706156089
u0756,i118,4,1706156331
u1529,i097,4,1706156843
u1832,i529,1,1706156977
u1192,i384,5,1706157472
u1033,i060,5,1706158503
u0629,i013,4,1706158724
u0528,i334,2,1706158930
u1537,i355,4,1706158976
u1617,i447,5,1706159834
u0221,i373,4,1706161446
u0319,i022,4,1706161957
u1199,i113,3,1706161979
u0272,i211,3,1706161983
u0039,i171,4,1706162394
u1474,i530,5,1706162909
u1352,i168,4,1706163154
u1866,i188,5,1706163329
u0809,i476,5,1706163588
u0960,i352,2,1706164272
u1451,i588,5,1706165128
u0357,i243,4,1706165438
u0277,i470,5,1706165532
u0598,i206,4,1706166101
u0700,i568,5,1706166115
u1161,i069,5,1706166372
u1481,i194,4,1706166526
u1793,i048,1,1706166635
u1797,i364,4,1706166689
u0339,i508,4,1706166732
u0416,i302,4,1706167057
u0023,i540,5,1706167065
u1231,i322,4,1706168149
u1049,i172,4,1706168532
u0692,i113,3,1706169746
u1694,i297,5,1706169753
u0767,i227,2,1706170093
u1681,i118,5,1706170121
u1457,i244,5,1706170301
u1377,i292,4,1706170310
u0930,i025,5,1706170942
u0810,i582,4,1706170950
u0932,i335,4,1706173800
u1539,i361,4,1706174037
u0281,i129,5,1706174177
u1681,i337,2,1706174390
u1558,i145,5,1706174482
u0341,i564,5,1706174895
u1814,i143,2,1706175449
u1688,i571,5,1706175701
u0045,i363,5,1706175727
u0073,i144,5,1706176543
u1269,i451,5,1706176659
u0760,i367,4,1706178111
u0326,i243,3,1706179291
u1399,i092,4,1706180222
u1815,i248,5,1706180572
u0802,i334,1,1706181303
u0607,i188,5,1706181901
u1324,i073,5,1706183559
u0757,i291,3,1706183861
u1912,i376,5,1706183900
u0273,i119,5,1706183910
u1630,i022,4,1706184222
u1044,i268,5,1706185432
u1962,i504,5,1706185547
u0182,i338,4,1706185822
u0444,i470,5,1706185926
u0278,i068,5,1706185953
u1216,i419,2,1706186080
u1713,i047,4,1706186258
u0224,i521,5,1706186262
u0791,i526,4,1706187129
u1360,i275,5,1706187149
u0840,i451,4,1706187400
u0393,i113,2,1706187667
u1165,i521,5,1706187927
u1978,i589,5,1706188623
u1327,i519,4,1706188962
u0998,i217,4,1706188988
u0688,i190,5,1706189073
u1400,i106,5,1706189106
u0780,i460,5,1706189236
u1770,i058,4,1706189541
u1586,i265,5,1706190794
u0164,i062,4,1706190958
u1935,i324,4,1706191102
u1581,i421,4,1706191485
u1735,i504,4,1706191571
u1899,i133,5,1706191734
u1275,i055,5,1706192377
u1959,i536,5,1706192453
u0335,i220,4,1706192517
u0602,i441,5,1706193551
u1494,i363,5,1706193561
u1540,i117,4,1706193572
u0384,i048,4,1706193981
u0196,i575,5,1706194186
u0951,i204,4,1706194554
u0195,i511,4,1706194567
u0520,i493,5,1706195164
u1240,i357,1,1706195762
u0993,i399,5,1706196473
u1275,i355,3,1706196919
u0791,i263,5,1706197402
u1354,i364,2,1706199634
u1259,i256,3,1706200390
u0650,i420,4,1706200465
u0663,i237,4,1706200751
u1540,i356,4,1706200949
u0054,i409,5,1706201057
u0065,i004,5,1706201417
u0055,i013,4,1706201721
u1949,i252,5,1706202421
u1552,i072,4,1706202540
u1368,i118,5,1706203087
u0456,i252,5,1706204078
u0374,i092,4,1706204105
u0423,i102,4,1706206142
u1851,i493,5,1706206520
u1723,i293,5,1706206795
u0049,i448,5,1706207330
u1636,i340,4,1706207605
u1331,i268,4,1706207938
u0064,i243,3,1706208066
u1322,i070,4,1706208136
u1595,i506,5,1706208639
u0062,i469,4,1706209860
u0654,i013,5,1706210279
u1432,i129,4,1706210288
u0914,i291,3,1706210751
u1641,i211,5,1706210861
u0896,i055,3,1706211094
u0828,i051,5,1706211283
u1226,i263,4,1706211664
u1814,i442,4,1706212103
u0238,i489,5,1706212932
u1425,i094,4,1706213862
u1854,i529,3,1706214020
u0744,i234,5,1706214088
u0438,i205,3,1706215170
u1476,i364,2,1706215190
u0550,i588,4,1706215230
u1146,i233,3,1706215235
u0516,i048,4,1706215664
u0680,i388,4,1706215832
u0048,i454,5,1706216156
u0743,i223,5,1706219068
u0258,i570,5,1706219207
u1928,i257,5,1706220037
u1447,i126,4,1706220450
u0949,i291,5,1706220961
u0904,i301,3,1706221852
u0397,i291,5,1706221928
u0878,i469,1,1706222037
u1465,i455,5,1706222293
u0152,i364,5,1706224445
u1511,i261,5,1706224641
u1908,i464,4,1706225298
u1103,i448,2,1706226317
u0309,i147,4,1706226719
u0222,i448,5,1706226762
u1831,i267,5,1706227245
u0811,i237,4,1706227357
u0137,i227,4,1706227406
u0943,i323,4,1706227873
u0702,i571,3,1706228110
u0737,i069,2,1706228159
u1913,i301,2,1706228184
u0435,i264,5,1706228219
u0463,i411,1,1706228501
u1093,i007,5,1706229216
u0343,i151,5,1706229657
u1944,i575,5,1706229701
u1754,i007,5,1706229727
u1109,i306,2,1706230676
u0342,i070,3,1706231438
u0707,i043,4,1706231672
u1121,i261,4,1706232306
u1211,i194,5,1706232421
u0257,i379,4,1706232439
u0888,i211,5,1706232659
u1497,i004,4,1706233035
u0127,i244,5,1706233242
u1643,i287,5,1706233533
u0055,i104,4,1706233597
u1333,i143,4,1706234830
u0767,i113,5,1706235061
u1150,i312,5,1706235588
u0619,i286,2,1706236153
u0934,i287,3,1706237019
u0518,i132,2,1706237045
u0018,i089,5,1706237235
u0898,i141,3,1706237886
u1621,i384,4,1706237965
u1905,i007,4,1706238695
u0847,i268,1,1706238830
u1995,i332,3,1706238944
u0530,i540,5,1706239482
u1920,i565,4,1706239786
u1182,i333,3,1706240499
u0029,i504,4,1706241177
u1766,i197,5,1706241596
u0608,i197,5,1706242075
u0183,i426,4,1706242621
u0901,i072,5,1706243260
u1111,i254,4,1706243441
u0879,i363,1,1706243703
u0143,i268,2,1706245148
u1253,i111,5,1706245221
u1261,i192,4,1706247091
u0072,i384,5,1706247165
u1211,i125,4,1706247208
u0164,i562,1,1706247529
u1757,i585,5,1706247740
u1521,i363,3,1706247763
u1408,i247,5,1706248330
u1268,i386,4,1706250820
u0078,i593,4,1706251101
u1443,i140,4,1706251303
u1538,i515,5,1706252080
u0483,i013,2,1706252661
u0650,i097,4,1706252813
u1376,i184,5,1706253030
u0977,i504,5,1706253402
u0542,i458,5,1706253743
u0245,i243,1,1706253945
u1557,i493,5,1706253968
u1539,i480,5,1706254208
u0365,i529,3,1706254893
u0436,i487,3,1706257015
u0868,i266,4,1706257160
u0815,i480,4,1706257536
u1847,i140,4,1706258036
u0290,i109,4,1706258056
u1538,i042,4,1706258306
u1320,i428,3,1706258337
u0722,i397,4,1706259550
u1712,i053,5,1706259619
u1080,i013,3,1706259870
u0616,i425,1,1706260584
u1598,i007,1,1706261695
u1600,i256,4,1706261843
u0272,i470,3,1706262345
u0708,i207,5,1706263819
u0078,i126,4,1706263907
u1229,i594,5,1706264792
u1401,i352,4,1706265026
u1406,i148,5,1706265223
u0148,i271,5,1706265331
u0464,i154,4,1706265365
u0357,i555,4,1706265829
u0618,i352,5,1706265911
u0458,i490,3,1706266117
u1101,i216,1,1706266139
u1588,i191,5,1706266314
u1674,i483,1,1706266482
u0016,i377,5,1706266969
u1438,i599,5,1706267185
u1950,i507,5,1706268008
u1695,i152,5,1706268281
u1506,i420,5,1706268535
u1462,i116,5,1706268791
u1316,i268,5,1706269463
u0828,i575,5,1706269685
u1653,i412,5,1706270339
u0389,i510,5,1706270488
u1237,i268,1,1706270647
u0943,i227,5,1706270847
u1819,i430,4,1706271691
u1349,i375,5,1706272019
u0714,i467,5,1706272304
u0067,i250,5,1706272944
u0087,i265,1,1706273144
u1534,i282,5,1706273420
u0256,i268,2,1706273475
u1623,i268,4,1706273514
u1353,i287,4,1706273702
u1983,i342,4,1706273725
u1018,i461,5,1706274102
u0400,i131,4,1706274749
u0672,i309,5,1706274838
u1330,i068,4,1706275650
u1602,i480,4,1706276579
u0465,i417,4,1706276865
u0210,i394,5,1706277654
u0646,i117,2,1706278502
u1779,i390,1,1706279062
u1279,i550,1,1706279546
u1662,i062,2,1706279884
u1517,i019,5,1706280752
u0242,i575,4,1706281185
u1428,i169,5,1706281310
u1704,i352,5,1706282035
u1240,i552,4,1706282079
u0538,i105,5,1706282338
u1094,i450,5,1706282348
u1465,i495,4,1706282564
u1391,i340,5,1706282963
u1792,i243,4,1706283639
u1322,i261,5,1706284937
u0423,i194,5,1706284990
u1287,i448,1,1706285068
u0438,i407,2,1706285096
u1989,i185,5,1706285293
u0857,i073,5,1706285323
u1357,i428,3,1706285494
u1011,i461,5,1706285733
u1446,i166,5,1706286887
u0517,i387,5,1706287132
u1840,i339,4,1706287525
u1248,i469,4,1706287697
u1537,i429,5,1706287775
u1454,i485,1,1706288594
u1652,i290,5,1706289098
u1244,i036,5,1706289344
u0882,i372,5,1706289548
u0440,i425,5,1706290432
u1334,i140,4,1706290560
u0150,i507,1,1706291332
u0310,i291,1,1706291966
u0073,i564,1,1706292469
u0627,i333,4,1706292851
u0847,i334,5,1706293541
u1790,i145,3,1706293570
u0349,i227,4,1706293800
u1059,i013,5,1706294988
u0632,i014,1,1706295452
u1131,i204,5,1706295454
u1395,i287,5,1706295707
u1952,i261,5,1706295845
u0070,i122,5,1706295962
u0324,i467,2,1706296252
u1564,i399,4,1706296916
u1151,i262,2,1706297774
u1174,i342,3,1706298305
u1714,i073,5,1706298464
u0817,i243,5,1706298852
u1296,i229,5,1706298892
u1409,i337,4,1706298929
u1015,i402,2,1706300072
u0150,i585,4,1706300205
u1195,i089,4,1706300423
u0155,i421,1,1706300509
u1957,i381,5,1706300671
u0596,i370,5,1706300678
u0214,i217,5,1706301219
u1723,i013,5,1706301276
u0388,i293,4,1706301721
u0576,i205,4,1706302064
u0538,i140,5,1706302518
u1819,i109,5,1706302652
u1089,i007,2,1706302774
u1915,i332,2,1706304083
u1926,i212,4,1706304618
u0376,i515,5,1706304631
u0955,i539,4,1706304924
u1697,i243,1,1706304987
u0251,i481,4,1706305027
u1993,i173,5,1706305406
u1892,i417,4,1706305662
u1095,i268,3,1706306105
u0762,i074,1,1706306400
u0633,i364,4,1706307482
u0324,i269,2,1706307736
u0385,i067,4,1706308303
u1616,i069,4,1706308332
u1402,i162,5,1706308570
u0872,i423,4,1706309426
u1191,i586,4,1706309707
u0329,i308,5,1706310166
u0194,i323,4,1706310423
u0622,i384,5,1706310873
u0979,i162,5,1706311238
u0902,i550,5,1706311559
u0545,i207,4,1706312098
u1686,i529,4,1706312472
u0053,i428,2,1706312987
u0331,i329,2,1706313092
u0755,i048,5,1706313739
u0093,i403,5,1706313798
u0222,i470,4,1706313878
u0281,i177,5,1706314591
u1108,i554,5,1706315420
u0214,i023,4,1706316487
u0738,i019,5,1706317232
u1878,i463,4,1706318392
u0767,i042,5,1706319271
u0841,i323,5,1706319487
u1302,i470,5,1706319765
u0906,i034,4,1706321052
u1025,i340,5,1706322965
u1163,i507,4,1706323594
u1348,i243,1,1706323838
u1287,i027,4,1706324217
u0268,i243,5,1706325778
u0607,i540,4,1706326048
u0688,i320,5,1706326170
u0876,i299,4,1706326843
u0437,i262,5,1706327439
u0316,i054,5,1706327521
u1418,i328,4,1706327699
u1902,i291,5,1706327748
u0845,i447,4,1706328199
u1253,i440,1,1706328595
u0758,i463,4,1706329109
u0137,i254,4,1706329596
u1378,i239,4,1706330519
u0905,i184,4,1706330676
u1814,i315,4,1706330865
u0025,i034,4,1706331141
u0701,i372,5,1706331461
u1251,i190,4,1706332077
u1920,i451,4,1706332829
u0765,i243,4,1706334136
u0741,i318,5,1706334475
u0206,i566,4,1706334813
u0972,i575,4,1706335466
u0809,i250,4,1706335587
u1244,i534,4,1706337089
u0109,i364,4,1706337472
u1583,i414,4,1706337815
u1496,i126,4,1706338630
u1724,i327,4,1706339354
u0659,i493,1,1706339649
u0360,i498,4,1706340709
u1129,i390,3,1706340836
u0213,i599,4,1706340856
u1410,i469,5,1706341788
u0016,i260,5,1706342373
u0905,i103,4,1706342585
u1613,i255,5,1706342833
u0934,i386,4,1706343337
u0713,i333,5,1706343675
u1463,i364,4,1706344187
u0631,i568,3,1706344408
u1100,i582,5,1706346194
u0874,i261,5,1706347571
u0805,i260,1,1706347677
u1198,i444,5,1706347987
u1418,i253,1,1706348365
u1782,i456,4,1706348799
u1161,i116,2,1706349144
u0592,i333,2,1706349879
u1055,i241,4,1706350099
u0768,i268,1,1706350403
u0957,i337,4,1706350549
u0093,i069,5,1706350626
u1646,i014,2,1706351149
u1642,i513,4,1706351739
u0963,i243,5,1706352150
u0499,i117,5,1706352200
u1746,i504,3,1706354296
u1896,i074,3,1706354328
u0919,i009,5,1706354747
u0842,i465,4,1706356053
u1414,i125,4,1706356514
u0905,i333,4,1706357380
u1549,i337,5,1706357756
u0087,i016,5,1706358342
u1030,i554,4,1706358438
u1436,i551,2,1706358517
u1076,i329,1,1706358908
u1469,i279,1,1706358910
u0980,i453,1,1706359136
u0624,i568,3,1706360117
u0794,i526,4,1706360496
u0477,i558,4,1706360758
u0852,i382,4,1706360868
u1723,i197,5,1706361181
u1051,i026,4,1706361211
u0148,i511,5,1706361392
u1196,i332,5,1706361599
u1110,i363,4,1706362045
u0445,i529,4,1706362077
u0712,i447,4,1706362160
u0699,i144,5,1706362190
u1064,i289,4,1706363036
u0511,i233,5,1706364737
u1553,i243,1,1706365033
u1216,i054,4,1706365112
u0383,i198,5,1706365191
u1495,i133,5,1706365666
u1249,i427,3,1706366743
u0913,i363,4,1706367598
u0714,i546,2,1706367888
u1107,i485,5,1706367899
u0171,i243,2,1706368290
u0570,i159,5,1706368645
u1886,i245,3,1706368874
u0273,i004,4,1706371579
u1389,i529,4,1706372371
u1994,i419,5,1706372782
u0292,i539,4,1706372862
u0788,i568,2,1706373246
u0432,i483,5,1706374649
u0535,i337,1,1706374720
u0915,i049,5,1706374759
u1968,i100,5,1706376144
u0797,i352,5,1706376423
u0720,i424,5,1706376472
u1227,i398,5,1706376931
u0780,i370,4,1706377200
u0894,i376,4,1706377632
u1783,i507,5,1706378815
u1533,i002,5,1706378972
u1171,i255,4,1706379326
u1217,i336,5,1706379825
u0316,i191,4,1706380572
u0030,i243,4,1706382173
u1878,i024,5,1706383071
u0101,i377,5,1706383656
u0271,i089,1,1706383919
u0073,i070,1,1706383940
u0731,i582,5,1706384442
u0383,i264,5,1706384908
u0615,i023,5,1706385004
u0912,i268,3,1706386384
u0510,i274,2,1706386902
u0879,i372,5,1706387140
u1050,i472,5,1706387176
u0963,i432,4,1706387729
u1638,i461,5,1706388248
u0345,i062,5,1706388619
u1148,i254,5,1706389908
u0848,i177,4,1706390171
u0677,i113,5,1706390827
u0137,i106,2,1706390860
u1475,i504,4,1706390955
u0967,i332,4,1706391346
u1751,i370,4,1706391815
u1516,i511,4,1706391945
u0065,i187,5,1706392539
u0098,i266,4,1706393609
u0477,i037,4,1706393784
u0270,i470,2,1706394039
u1581,i470,5,1706394384
u0164,i332,3,1706395011
u1579,i055,4,1706395033
u0941,i574,5,1706395064
u1738,i529,2,1706395603
u1348,i557,5,1706396087
u1181,i446,4,1706396103
u1551,i077,5,1706397543
u1106,i566,4,1706397856
u1666,i051,4,1706398175
u0839,i484,5,1706399236
u1298,i023,5,1706399306
u0208,i588,4,1706399647
u1696,i111,4,1706399848
u1076,i243,2,1706400054
u1847,i113,2,1706400324
u1492,i399,4,1706400614
u0403,i419,5,1706400838
u0930,i038,5,1706400924
u1874,i162,4,1706401242
u1304,i443,4,1706402112
u0276,i256,5,1706402283
u1016,i357,4,1706402490
u1197,i498,4,1706402567
u0121,i022,5,1706402798
u0718,i174,5,1706403347
u0437,i233,5,1706403350
u0882,i274,4,1706404594
u0191,i423,4,1706405151
u1513,i109,4,1706405222
u0559,i448,1,1706405728
u1921,i055,4,1706405886
u0770,i172,5,1706405982
u0780,i265,5,1706406026
u0728,i582,4,1706406702
u0596,i251,1,1706406885
u0473,i524,4,1706406930
u0747,i283,5,1706407974
u1327,i205,2,1706411041
u1491,i459,4,1706412359
u0559,i243,1,1706412592
u1573,i410,4,1706412604
u0037,i155,3,1706412899
u0209,i559,5,1706413205
u0376,i438,4,1706414107
u1257,i504,4,1706414531
u0299,i555,4,1706414597
u1775,i510,5,1706415288
u1996,i061,4,1706416082
u0124,i012,4,1706416290
u1737,i409,4,1706417783
u1286,i521,4,1706417960
u0481,i044,4,1706418829
u0949,i275,2,1706418940
u0906,i054,4,1706419406
u1808,i519,4,1706419997
u0419,i164,4,1706420397
u0974,i463,5,1706421872
u0444,i539,2,1706421918
u0518,i515,4,1706423068
u0618,i292,5,1706423317
u1342,i363,5,1706423699
u1896,i417,5,1706423874
u1353,i039,5,1706424038
u1357,i055,5,1706425279
u1532,i419,5,1706425299
u1226,i126,1,1706425491
u0126,i062,4,1706425833
u1191,i344,5,1706425940
u0828,i387,5,1706426047
u0505,i361,4,1706427597
u0433,i261,4,1706427646
u0259,i368,4,1706427821
u1173,i128,5,1706428783
u0614,i277,4,1706429485
u1648,i075,4,1706430898
u0640,i352,4,1706431332
u1276,i129,4,1706432108
u0820,i595,4,1706432999
u0620,i337,4,1706433105
u0326,i414,5,1706433314
u1478,i035,4,1706433449
u0724,i077,3,1706434290
u1267,i457,4,1706434321
u1761,i411,5,1706434356
u1812,i388,4,1706434806
u0517,i363,1,1706435015
u0902,i251,2,1706435999
u1095,i106,3,1706436124
u0628,i411,1,1706436368
u1096,i097,5,1706436958
u0830,i398,3,1706437154
u1785,i334,3,1706437393
u0316,i363,4,1706438003
u0964,i050,5,1706438289
u1957,i583,5,1706438422
u1508,i118,5,1706438847
u1603,i262,5,1706438919
u0239,i097,1,1706439326
u1294,i349,4,1706439347
u1779,i365,5,1706439351
u1753,i498,1,1706439434
u1866,i268,1,1706439497
u0695,i526,1,1706439730
u1097,i016,1,1706439995
u1820,i217,3,1706440188
u0466,i256,1,1706440316
u1470,i032,5,1706440319
u1966,i552,5,1706440468
u0223,i254,4,1706440483
u0654,i140,5,1706440571
u1164,i153,4,1706441516
u0363,i154,1,1706441724
u0829,i227,5,1706441799
u1346,i448,4,1706443532
u1228,i547,5,1706443836
u1151,i549,1,1706444739
u0265,i417,1,1706445069
u0635,i245,4,1706445249
u0854,i019,5,1706445402
u0877,i116,5,1706446161
u0885,i234,2,1706446461
u0545,i117,3,1706446983
u1780,i279,4,1706447033
u1190,i268,4,1706448481
u0519,i048,1,1706449253
u0248,i163,5,1706449972
u0747,i220,4,1706450290
u1704,i090,5,1706450733
u0542,i304,5,1706450957
u1457,i449,3,1706451067
u0034,i387,4,1706451386
u1357,i227,4,1706451479
u1637,i277,4,1706451491
u0091,i204,5,1706451972
u1966,i048,4,1706452510
u1611,i140,5,1706452558
u1952,i286,4,1706453090
u1214,i363,3,1706453113
u1173,i387,4,1706453183
u0058,i447,4,1706453635
u0093,i106,4,1706453917
u0358,i154,4,1706454076
u1532,i349,5,1706454524
u0907,i234,5,1706455489
u1522,i204,5,1706455609
u0351,i564,1,1706455728
u0165,i062,4,1706455804
u1591,i331,4,1706455817
u1109,i051,4,1706456159
u0726,i409,5,1706456735
u1525,i548,4,1706458061
u1741,i013,4,1706458692
u0672,i463,5,1706458704
u0617,i568,5,1706458889
u0980,i211,5,1706459139
u0983,i519,2,1706459509
u0104,i377,4,1706459561
u0869,i066,5,1706459803
u0791,i116,5,1706461589
u1248,i453,1,1706462017
u0787,i204,2,1706462788
u1080,i340,4,1706463415
u1641,i291,3,1706463655
u1388,i361,2,1706463663
u0209,i594,4,1706465162
u0788,i022,4,1706465176
u0057,i485,4,1706465517
u0302,i286,5,1706465725
u0800,i128,3,1706466766
u1399,i374,4,1706467708
u1431,i084,1,1706467891
u0193,i063,4,1706469561
u0063,i417,5,1706469848
u1832,i166,5,1706470223
u1489,i291,5,1706470705
u0774,i007,5,1706470845
u0846,i329,5,1706471320
u0750,i507,4,1706471503
u0410,i006,4,1706472170
u1827,i266,5,1706472673
u1711,i261,4,1706472713
u0238,i471,5,1706472999
u0125,i341,5,1706473011
u1848,i340,4,1706473219
u0117,i333,1,1706473269
u1942,i006,4,1706473595
u0742,i340,5,1706473715
u0113,i593,4,1706474083
u1258,i291,4,1706474110
u0496,i568,4,1706474344
u0084,i361,3,1706475414
u1048,i568,5,1706475481
u1815,i531,5,1706476462
u1939,i243,2,1706477019
u1799,i312,4,1706477061
u1831,i038,4,1706479026
u1159,i440,4,1706479209
u1780,i083,5,1706480094
u0785,i194,2,1706481392
u0347,i334,5,1706481935
u0517,i085,4,1706481941
u0211,i062,5,1706482104
u0207,i292,4,1706483503
u0803,i009,4,1706483567
u1696,i117,1,1706485287
u1624,i540,5,1706485672
u0675,i341,4,1706486329
u1820,i129,1,1706488087
u1684,i006,3,1706488495
u0407,i551,5,1706489045
u1892,i510,5,1706489534
u0791,i557,2,1706489568
u1093,i381,4,1706490351
u1294,i174,5,1706491335
u0991,i097,3,1706492137
u0116,i467,4,1706492204
u1644,i329,2,1706492397
u1329,i324,4,1706492512
u0286,i459,3,1706492643
u0376,i559,4,1706492863
u0280,i143,1,1706493411
u1287,i415,2,1706494255
u0312,i333,5,1706494306
u0375,i585,5,1706494672
u1640,i273,1,1706494953
u0853,i117,5,1706495460
u1467,i102,5,1706495846
u1779,i480,5,1706496456
u1076,i593,4,1706497274
u0968,i243,2,1706498392
u0272,i188,4,1706498569
u1166,i545,5,1706499872
u0532,i304,4,1706500825
u1387,i519,4,1706500945
u1583,i136,5,1706500980
u0384,i599,4,1706501274
u0312,i235,3,1706501605
u0998,i312,4,1706502488
u1928,i527,4,1706503458
u0001,i334,5,1706503717
u1093,i222,1,1706503817
u1148,i407,2,1706504847
u0694,i468,5,1706505499
u1248,i251,5,1706505524
u1930,i268,5,1706505756
u0632,i097,4,1706505823
u0819,i084,5,1706506845
u1413,i212,4,1706507109
u1642,i018,4,1706507738
u0708,i275,5,1706507858
u0764,i578,4,1706508155
u0556,i526,4,1706508556
u0312,i116,5,1706508754
u0695,i109,5,1706508771
u1658,i421,1,1706509249
u0323,i110,5,1706509434
u0979,i440,5,1706509857
u1448,i243,2,1706510275
u0400,i424,4,1706510893
u1966,i237,4,1706511091
u0227,i368,4,1706511307
u1050,i237,5,1706512267
u1180,i266,4,1706513009
u1740,i117,2,1706513287
u1860,i183,4,1706514398
u0978,i266,4,1706514509
u0544,i205,4,1706515769
u1123,i125,2,1706515783
u1308,i116,2,1706515789
u0505,i254,5,1706515842
u0238,i493,1,1706516017
u1595,i258,1,1706516130
u0782,i120,5,1706516372
u1466,i550,4,1706517236
u1120,i529,3,1706517499
u0027,i595,4,1706518217
u0097,i445,4,1706518283
u0134,i000,4,1706518393
u1837,i273,5,1706520085
u0196,i333,5,1706520602
u0671,i106,5,1706520915
u0607,i136,4,1706522360
u0422,i497,4,1706522553
u0719,i408,5,1706522793
u0929,i472,1,1706523804
u1785,i495,5,1706523811
u0489,i444,5,1706524148
u0467,i304,5,1706524163
u1551,i172,3,1706524337
u1365,i256,4,1706525035
u1942,i026,2,1706525451
u1677,i080,5,1706525677
u0627,i541,5,1706526995
u1244,i060,3,1706527216
u1952,i366,4,1706528018
u0620,i521,3,1706528250
u0134,i414,1,1706528551
u1720,i478,1,1706528783
u1281,i521,2,1706529063
u0990,i089,4,1706529168
u0541,i363,5,1706529558
u1309,i056,4,1706530234
u0370,i219,4,1706530804
u0956,i402,4,1706531790
u0723,i220,4,1706532838
u1197,i097,5,1706533202
u1061,i333,5,1706533394
u1777,i364,1,1706534252
u0472,i586,4,1706534603
u0690,i192,4,1706535354
u1734,i373,3,1706536375
u1787,i268,2,1706536391
u0059,i517,5,1706536541
u1792,i097,3,1706536659
u1547,i337,2,1706536697
u0791,i220,5,1706537031
u1049,i363,1,1706537153
u1374,i485,4,1706538001
u0895,i424,1,1706538082
u0405,i540,5,1706538616
u0031,i294,5,1706539369
u0335,i282,4,1706539933
u1102,i048,5,1706539948
u1148,i484,4,1706540256
u1516,i351,5,1706540318
u1327,i376,5,1706540645
u0556,i097,4,1706540656
u1148,i286,5,1706540711
u1474,i102,5,1706540731
u0677,i011,4,1706541367
u0383,i511,1,1706541607
u0749,i527,5,1706542585
u0444,i363,1,1706542696
u1731,i120,4,1706543447
u0882,i428,5,1706543449
u0673,i036,4,1706544283
u0733,i526,5,1706544495
u1713,i241,4,1706544619
u0722,i582,5,1706545567
u0016,i461,4,1706545730
u0432,i009,5,1706546024
u1291,i168,5,1706546189
u1209,i243,1,1706546487
u0419,i372,4,1706546815
u0619,i470,5,1706548061
u0750,i529,4,1706548139
u1680,i503,5,1706548300
u0473,i369,5,1706548426
u1358,i410,4,1706548684
u1019,i259,5,1706549113
u1875,i117,5,1706549247
u0689,i479,5,1706549582
u0330,i501,4,1706549586
u1854,i530,5,1706550147
u0163,i093,2,1706550301
u0087,i308,4,1706551031
u1970,i484,5,1706551470
u1204,i105,4,1706552524
u1156,i089,5,1706552833
u0187,i234,5,1706552852
u0841,i286,4,1706553103
u0712,i496,5,1706554298
u1782,i214,3,1706554376
u0658,i279,5,1706554471
u0035,i457,4,1706555150
u0130,i291,5,1706555283
u0127,i074,5,1706556285
u0947,i233,4,1706557094
u1426,i546,4,1706558275
u0332,i268,4,1706559564
u1205,i056,5,1706559725
u1903,i358,4,1706559997
u1353,i254,5,1706560792
u1204,i390,5,1706560988
u0113,i480,4,1706561171
u1795,i250,4,1706561223
u0351,i299,2,1706561551
u1088,i294,1,1706562310
u1610,i396,4,1706562470
u1956,i243,3,1706562958
u1042,i092,4,1706564130
u1472,i012,4,1706564595
u1451,i388,3,1706565468
u1799,i370,4,1706566029
u1492,i449,5,1706566418
u1265,i254,4,1706566638
u1847,i093,5,1706567836
u0141,i301,4,1706568554
u0788,i562,5,1706568952
u0517,i059,5,1706569247
u1345,i248,4,1706569688
u1229,i353,5,1706569840
u0394,i483,4,1706569949
u1298,i150,3,1706570462
u1032,i364,4,1706570781
u1413,i377,1,1706571025
u1555,i230,5,1706571190
u0009,i317,4,1706571210
u0019,i329,4,1706571356
u0141,i480,1,1706572371
u0144,i291,4,1706573285
u0832,i314,3,1706573501
u0742,i150,5,1706574224
u1623,i388,5,1706575781
u1338,i226,5,1706576260
u0656,i330,5,1706576261
u0189,i587,5,1706576836
u0426,i507,4,1706577292
u1733,i419,5,1706577614
u1941,i387,5,1706577786
u0113,i299,4,1706577824
u0599,i062,1,1706578368
u0552,i480,4,1706579509
u0487,i480,4,1706579806
u0178,i542,4,1706579807
u0040,i357,4,1706580112
u0832,i447,5,1706580308
u1111,i373,3,1706580849
u1286,i375,4,1706581791
u0873,i001,5,1706582593
u1198,i333,5,1706582733
u1891,i361,5,1706583193
u0366,i568,1,1706584828
u0841,i176,5,1706584959
u0402,i374,4,1706585216
u0027,i077,5,1706585731
u1099,i573,5,1706586292
u1997,i007,3,1706586849
u0525,i292,5,1706587066
u1318,i409,5,1706588677
u0356,i102,4,1706590021
u1817,i413,4,1706590303
u1648,i140,5,1706591072
u1432,i048,5,1706591368
u1004,i492,4,1706591817
u1586,i450,3,1706593313
u0717,i283,4,1706594598
u0319,i448,5,1706594974
u0802,i227,4,1706595790
u0852,i593,5,1706595810
u1022,i461,5,1706596465
u1256,i393,4,1706597861
u0926,i533,5,1706598090
u0530,i208,4,1706598646
u0223,i117,4,1706599496
u1454,i334,1,1706600020
u1494,i054,4,1706600848
u1777,i159,2,1706600897
u1358,i351,5,1706600913
u1255,i007,5,1706601383
u0342,i461,5,1706602641
u0344,i355,3,1706603416
u0493,i047,5,1706604542
u0968,i405,1,1706604926
u0322,i055,4,1706605278
u0359,i591,4,1706605757
u1967,i364,3,1706605795
u0743,i055,5,1706607148
u1724,i544,5,1706607367
u1146,i541,3,1706607389
u1846,i299,4,1706607676
u0743,i397,4,1706607712
u0070,i243,2,1706608509
u1023,i593,5,1706608942
u0805,i106,4,1706609238
u0171,i168,5,1706609511
u1394,i135,4,1706610343
u1233,i028,2,1706610616
u1253,i424,4,1706611098
u1059,i248,5,1706613286
u1276,i074,4,1706613630
u1799,i431,4,1706613701
u1778,i597,4,1706614516
u0260,i470,5,1706614538
u0674,i007,4,1706614901
u1349,i152,3,1706616072
u0059,i575,4,1706616309
u1537,i042,4,1706617061
u1787,i434,4,1706617332
u1798,i438,4,1706617546
u0912,i143,5,1706618491
u0565,i274,3,1706619158
u1477,i243,2,1706619273
u1019,i504,5,1706620534
u1969,i548,4,1706621017
u1975,i211,2,1706621269
u1935,i526,3,1706621453
u1352,i285,4,1706622026
u1374,i568,1,1706622298
u0891,i204,4,1706622466
u1855,i574,5,1706623855
u0271,i254,3,1706624023
u1806,i194,4,1706624536
u0385,i007,5,1706624759
u1842,i377,1,1706625007
u0195,i237,5,1706625048
u1958,i216,5,1706626236
u1645,i243,4,1706626272
u1700,i470,4,1706626954
u1993,i517,4,1706627623
u0847,i122,5,1706628197
u0878,i219,5,1706628233
u0200,i049,4,1706628487
u0047,i373,4,1706628543
u0919,i436,4,1706628953
u1322,i126,4,1706629878
u0323,i507,4,1706630500
u1115,i377,5,1706630825
u1216,i536,4,1706630926
u0379,i565,5,1706631225
u0960,i549,5,1706631967
u0286,i055,5,1706632001
u1115,i572,5,1706632532
u0050,i417,5,1706632602
u0376,i209,5,1706632837
u1776,i568,5,1706632879
u1336,i278,4,1706633723
u0711,i341,4,1706633894
u0831,i492,4,1706634175
u1020,i406,5,1706634428
u1224,i252,4,1706635378
u1978,i057,4,1706635706
u0212,i243,2,1706636041
u0820,i099,4,1706636189
u1515,i387,4,1706636398
u1880,i541,5,1706636763
u1007,i516,5,1706636940
u1080,i440,4,1706637170
u1658,i357,4,1706637193
u0579,i565,4,1706637505
u1507,i132,5,1706638675
u1143,i129,5,1706639570
u0805,i243,5,1706640361
u0805,i438,2,1706641021
u1276,i019,4,1706641247
u0376,i586,1,1706641563
u0347,i205,5,1706641819
u1839,i116,5,1706641900
u0870,i568,5,1706642419
u1958,i243,3,1706642899
u1744,i372,2,1706644108
u0055,i361,3,1706644264
u1528,i110,4,1706645366
u1503,i363,5,1706645440
u0539,i089,5,1706645753
u0495,i055,3,1706646043
u0765,i234,4,1706646802
u0921,i364,1,1706646931
u1483,i397,4,1706646962
u0805,i048,3,1706647091
u1867,i526,1,1706647978
u1890,i571,5,1706648234
u1334,i297,2,1706650951
u1650,i373,5,1706651018
u0052,i129,5,1706651297
u0050,i176,1,1706651488
u0804,i506,4,1706652382
u0098,i412,5,1706652894
u0448,i193,5,1706652914
u1467,i234,4,1706653206
u0847,i115,5,1706653799
u1011,i243,3,1706653983
u1080,i507,2,1706654120
u0425,i470,5,1706654205
u1197,i015,1,1706654517
u1619,i579,4,1706655121
u0586,i482,4,1706655751
u0697,i245,5,1706656114
u0635,i597,4,1706656237
u0046,i334,4,1706656508
u0659,i113,5,1706656568
u0312,i157,4,1706656691
u0230,i108,5,1706657775
u0444,i360,1,1706657895
u1674,i160,4,1706658565
u0889,i097,4,1706659175
u1961,i274,4,1706659327
u1358,i261,3,1706659532
u0668,i100,4,1706659581
u0086,i102,1,1706660193
u1368,i511,4,1706660491
u1878,i204,4,1706661027
u0985,i463,4,1706661072
u1199,i243,1,1706661159
u1306,i361,5,1706661670
u1688,i253,5,1706661690
u1197,i526,4,1706661809
u1058,i554,5,1706662031
u0584,i013,5,1706663637
u1761,i359,4,1706663695
u0229,i439,4,1706663771
u0112,i333,3,1706664954
u0639,i464,4,1706665195
u1978,i305,4,1706665326
u1105,i060,5,1706665759
u0210,i136,5,1706665761
u1705,i526,2,1706666552
u1481,i463,5,1706666742
u1870,i176,5,1706667128
u0186,i445,5,1706667163
u1951,i122,5,1706667366
u0039,i568,3,1706667653
u1768,i004,4,1706667752
u1879,i186,4,1706667816
u0445,i379,4,1706668332
u0348,i447,2,1706668502
u1549,i243,3,1706668741
u0284,i218,5,1706669078
u0422,i007,1,1706671364
u1009,i268,2,1706671607
u0052,i061,5,1706671875
u1177,i385,4,1706672310
u1502,i093,4,1706672514
u0675,i271,4,1706673113
u0198,i464,4,1706673373
u0505,i261,5,1706673608
u1678,i444,5,1706673700
u0646,i265,4,1706674132
u0465,i528,4,1706674694
u1534,i097,5,1706674730
u0573,i566,4,1706675372
u0891,i088,5,1706677424
u1650,i419,4,1706680156
u1703,i476,5,1706680602
u1321,i055,2,1706680603
u0935,i051,4,1706680684
u0184,i352,1,1706681280
u1444,i036,4,1706681300
u1458,i331,4,1706682103
u1849,i529,4,1706683246
u0269,i362,4,1706683312
u1530,i245,4,1706683576
u0540,i093,5,1706683799
u1154,i187,4,1706684081
u1876,i453,5,1706684147
u0172,i015,4,1706684212
u0819,i404,4,1706684366
u1827,i566,4,1706685564
u0738,i118,5,1706685566
u0500,i372,2,1706686200
u1292,i162,4,1706686427
u0618,i393,5,1706686624
u0641,i357,2,1706686686
u1104,i009,4,1706686851
u1977,i008,5,1706686976
u0740,i365,4,1706687089
u0082,i366,5,1706687899
u0332,i375,4,1706689160
u1435,i399,2,1706689372
u1679,i505,4,1706689440
u1063,i255,5,1706689621
u0415,i129,5,1706689625
u0943,i254,4,1706689903
u1932,i256,5,1706689939
u1598,i447,4,1706689940
u0501,i331,4,1706690275
u0481,i134,5,1706691219
u0176,i334,2,1706691225
u0506,i586,4,1706691382
u1114,i099,5,1706691620
u1098,i117,3,1706691674
u0367,i505,3,1706692212
u1878,i307,4,1706693792
u1622,i097,4,1706694278
u1689,i048,4,1706694485
u1370,i265,4,1706694989
u1933,i373,2,1706695257
u0516,i237,4,1706695471
u1774,i148,4,1706695870
u1927,i361,4,1706697843
u1471,i243,1,1706698265
u1553,i178,5,1706698357
u0860,i013,3,1706698682
u0999,i236,4,1706700198
u0516,i472,5,1706700738
u0762,i057,4,1706700739
u0618,i565,4,1706700747
u1041,i332,4,1706700911
u0751,i205,5,1706701133
u1807,i484,3,1706701245
u0432,i025,4,1706701691
u0704,i236,4,1706702174
u0309,i364,4,1706702839
u0324,i022,4,1706702978
u0690,i104,4,1706704898
u0800,i365,4,1706706007
u1376,i108,5,1706707689
u1787,i133,4,1706708328
u0442,i334,5,1706708689
u1758,i048,4,1706708691
u0913,i368,4,1706708817
u0988,i362,5,1706709482
u1695,i351,5,1706709676
u1342,i242,4,1706710674
u1437,i417,5,1706710703
u1778,i017,4,1706711090
u0102,i177,5,1706711129
u0033,i243,1,1706711135
u1394,i411,4,1706711247
u0443,i087,4,1706712196
u1588,i015,5,1706712218
u1142,i333,2,1706712892
u1526,i285,5,1706713454
u1842,i261,4,1706713531
u1722,i261,2,1706713930
u1209,i095,5,1706715111
u0471,i358,5,1706715180
u0739,i178,2,1706715748
u1359,i568,4,1706716256
u0412,i268,2,1706716600
u1102,i351,4,1706716945
u0943,i480,5,1706717038
u1134,i370,5,1706717698
u1792,i391,4,1706719364
u1532,i553,5,1706719392
u0431,i054,4,1706721771
u0070,i120,4,1706722231
u1727,i100,4,1706722546
u0545,i400,2,1706722724
u0738,i351,5,1706722814
u1326,i252,5,1706722954
u0459,i243,5,1706722969
u1272,i125,5,1706723133
u0060,i320,5,1706723269
u0402,i028,5,1706723382
u0379,i561,2,1706724604
u1974,i537,5,1706725298
u0656,i227,5,1706725333
u1041,i576,4,1706726235
u0638,i395,5,1706726466
u0757,i471,5,1706726919
u0208,i407,5,1706727951
u0286,i568,5,1706728020
u0913,i463,1,1706728741
u0417,i052,2,1706728828
u1255,i296,4,1706729298
u1924,i546,4,1706729720
u0911,i367,4,1706730059
u1267,i363,4,1706730436
u1476,i393,5,1706730458
u0545,i314,5,1706730565
u0739,i336,3,1706730732
u0482,i117,4,1706731006
u1218,i129,4,1706731845
u0642,i039,4,1706732049
u0096,i132,1,1706732333
u0885,i541,1,1706733661
u0407,i091,4,1706733726
u1046,i037,5,1706734164
u1217,i040,5,1706734505
u0159,i243,5,1706734807
u0011,i447,4,1706735354
u0868,i424,5,1706735510
u1756,i034,5,1706735925
u0918,i504,5,1706736417
u1075,i178,5,1706736556
u1902,i568,5,1706736591
u1420,i204,5,1706736802
u1208,i298,3,1706737007
u1698,i004,4,1706737276
u0623,i514,2,1706737465
u1795,i269,2,1706739044
u1515,i116,4,1706739244
u0746,i531,1,1706739773
u0957,i464,5,1706740057
u0030,i069,5,1706740322
u0728,i291,4,1706740386
u0383,i083,5,1706741160
u1910,i460,4,1706741829
u1773,i572,5,1706742857
u0864,i599,2,1706743014
u0539,i403,4,1706743121
u1432,i599,5,1706743423
u0797,i462,4,1706743770
u0288,i584,5,1706746359
u1815,i359,4,1706746854
u1154,i140,3,1706747247
u1935,i529,3,1706748089
u1907,i093,4,1706748668
u0483,i092,4,1706750088
u1266,i108,5,1706750215
u0680,i018,5,1706750378
u1770,i479,3,1706752101
u1420,i592,5,1706752483
u0912,i461,4,1706752524
u0247,i268,3,1706752571
u1806,i362,4,1706752604
u0714,i575,1,1706752769
u1785,i343,4,1706753037
u1996,i344,5,1706753238
u0571,i361,5,1706753311
u1930,i462,5,1706753539
u0657,i124,5,1706754615
u1192,i571,5,1706755050
u0641,i202,5,1706755351
u1642,i595,2,1706756004
u0213,i545,5,1706756096
u1926,i363,1,1706756550
u0962,i188,5,1706756661
u1652,i125,5,1706756872
u0406,i234,5,1706756932
u0437,i113,5,1706757132
u1027,i301,1,1706757665
u0495,i038,3,1706757882
u0362,i214,4,1706758343
u0005,i338,4,1706759035
u1012,i219,5,1706759111
u1989,i092,4,1706759816
u0796,i109,5,1706760196
u1072,i217,4,1706760503
u0222,i504,4,1706761295
u0769,i446,4,1706761505
u0736,i576,4,1706762847
u0957,i038,5,1706763143
u0630,i038,5,1706763419
u1637,i113,1,1706764261
u1831,i464,5,1706764868
u1061,i076,4,1706765378
u1058,i232,5,1706766845
u1029,i004,4,1706767836
u0354,i282,4,1706768379
u0358,i526,5,1706768851
u1282,i526,4,1706769049
u1312,i273,4,1706770565
u1662,i025,4,1706772057
u1553,i253,5,1706772773
u1206,i073,3,1706773145
u0448,i035,1,1706775506
u1386,i023,4,1706775835
u1259,i333,5,1706776013
u1565,i568,3,1706776179
u0087,i063,5,1706776447
u0961,i160,5,1706776876
u0319,i423,4,1706777650
u0374,i580,1,1706778113
u1148,i261,5,1706778202
u0424,i526,5,1706778386
u0071,i192,2,1706778886
u0662,i498,4,1706778901
u1986,i032,2,1706780059
u0059,i333,5,1706780920
u0382,i174,2,1706781112
u1799,i535,5,1706781298
u1168,i333,1,1706781855
u0508,i210,4,1706782480
u0615,i260,5,1706782959
u1480,i022,4,1706783352
u1292,i020,5,1706783706
u0326,i136,4,1706784436
u0311,i060,5,1706784996
u1126,i516,5,1706785420
u1061,i230,5,1706786738
u1659,i065,4,1706787373
u0207,i390,4,1706787398
u0426,i381,4,1706788399
u0499,i261,5,1706788493
u0973,i292,5,1706789452
u0898,i555,3,1706790389
u0848,i529,2,1706791039
u0908,i515,2,1706792120
u0774,i013,3,1706792617
u1701,i333,3,1706792965
u0160,i268,4,1706793421
u1039,i157,2,1706794154
u1358,i188,4,1706794718
u0554,i484,5,1706795023
u0113,i568,4,1706795140
u1525,i233,4,1706795185
u1033,i217,5,1706796335
u1754,i094,4,1706796588
u1153,i443,4,1706797626
u1660,i585,5,1706798372
u1075,i571,4,1706798731
u0978,i507,5,1706799088
u1360,i097,5,1706799426
u0640,i027,1,1706799500
u0594,i397,3,1706799530
u0464,i178,3,1706799596
u0594,i135,3,1706799611
u0345,i374,5,1706799992
u1434,i333,3,1706800766
u1571,i267,5,1706801429
u1480,i267,4,1706802311
u1683,i254,4,1706802761
u0962,i014,5,1706803018
u1220,i568,1,1706803032
u1355,i357,4,1706803606
u1359,i356,5,1706804100
u0506,i061,4,1706804770
u1732,i460,3,1706805704
u1554,i559,5,1706805778
u0988,i474,4,1706806237
u0155,i399,4,1706806710
u0917,i268,5,1706807550
u1610,i428,3,1706808459
u1782,i291,5,1706808918
u0760,i526,5,1706809637
u0334,i267,4,1706810204
u0026,i299,4,1706810393
u1974,i013,1,1706810559
u0264,i007,4,1706810724
u0162,i333,3,1706810885
u1528,i243,2,1706810886
u0465,i440,4,1706811433
u1332,i268,4,1706811690
u1990,i108,4,1706811788
u1792,i204,5,1706811887
u0921,i486,4,1706812389
u1980,i461,1,1706813087
u1969,i103,3,1706813204
u1790,i554,5,1706813383
u1939,i013,4,1706813522
u1246,i417,4,1706813637
u1102,i112,4,1706813903
u1679,i324,1,1706814841
u0601,i243,3,1706815002
u1110,i497,4,1706815955
u1108,i362,4,1706815962
u0741,i257,5,1706816095
u0325,i003,5,1706816198
u0672,i243,4,1706816829
u1286,i541,3,1706818059
u1585,i271,4,1706818130
u1724,i268,5,1706818191
u1608,i478,5,1706818883
u0454,i463,4,1706819686
u1932,i396,2,1706820202
u0861,i442,5,1706821325
u0118,i373,4,1706821520
u0210,i472,5,1706821740
u1517,i344,4,1706822727
u1091,i420,4,1706822858
u0079,i268,4,1706822940
u0842,i492,4,1706823022
u0905,i326,5,1706823036
u0256,i333,1,1706823129
u1243,i436,4,1706823174
u1950,i576,4,1706823445
u1532,i359,4,1706825037
u0273,i116,5,1706825469
u0311,i483,5,1706826729
u0407,i564,4,1706826851
u0598,i142,4,1706827015
u0604,i377,4,1706827584
u1497,i409,5,1706827683
u1880,i588,2,1706828893
u1326,i372,4,1706829338
u0617,i261,5,1706830251
u0316,i140,1,1706830516
u0680,i193,4,1706831105
u0935,i541,5,1706831651
u1716,i293,4,1706832036
u0059,i387,5,1706832282
u1640,i292,4,1706832575
u1655,i256,4,1706832600
u0514,i447,5,1706832967
u1239,i498,5,1706833442
u1715,i393,4,1706835072
u1957,i268,1,1706835122
u1199,i593,3,1706835492
u0666,i511,4,1706836075
u0322,i467,4,1706837777
u0279,i345,5,1706838031
u0472,i048,4,1706838297
u1650,i142,4,1706838301
u1846,i507,2,1706838309
u1831,i217,5,1706838328
u1760,i051,1,1706838619
u0274,i575,4,1706838725
u1322,i246,5,1706838817
u1126,i099,4,1706841070
u1029,i333,5,1706841659
u0459,i036,5,1706842110
u0240,i340,5,1706842380
u0765,i203,5,1706842661
u0494,i396,5,1706843800
u1083,i097,4,1706845628
u1187,i479,4,1706845722
u1674,i220,4,1706845853
u0844,i445,4,1706846126
u1043,i519,4,1706846316
u1634,i372,5,1706846490
u0698,i064,3,1706847340
u1926,i008,5,1706848008
u0214,i550,5,1706848176
u0697,i001,2,1706848552
u1935,i113,4,1706848556
u0384,i136,5,1706849996
u1103,i354,5,1706850369
u0566,i023,5,1706851282
u1654,i539,5,1706851881
u1875,i568,4,1706853162
u0428,i363,5,1706853179
u0734,i381,4,1706854004
u0487,i568,5,1706854011
u1308,i155,5,1706856743
u1953,i297,5,1706857198
u1063,i023,4,1706857696
u0889,i476,3,1706857733
u0070,i221,3,1706857754
u0935,i157,5,1706858118
u1096,i333,4,1706858692
u1853,i309,2,1706859415
u0958,i492,5,1706860054
u1607,i564,5,1706860215
u0513,i037,4,1706860495
u0239,i448,4,1706860516
u0337,i555,4,1706861949
u1465,i578,4,1706862208
u0410,i595,5,1706862903
u0771,i437,4,1706862936
u1922,i566,4,1706862994
u1770,i048,4,1706863315
u0717,i560,2,1706863451
u1540,i169,4,1706864095
u0755,i118,4,1706865019
u1545,i496,5,1706865102
u1367,i384,3,1706865230
u1183,i567,1,1706866522
u0643,i463,4,1706866625
u0701,i296,4,1706867292
u1281,i444,4,1706867430
u0580,i268,2,1706867730
u1176,i411,5,1706867902
u0482,i286,4,1706868218
u0535,i333,5,1706869389
u1058,i002,5,1706869697
u0351,i047,4,1706870619
u1109,i387,5,1706871117
u1591,i048,4,1706872332
u1904,i170,5,1706872751
u0024,i259,4,1706872814
u0021,i217,4,1706872825
u0108,i211,4,1706872990
u1880,i409,5,1706873267
u0239,i430,4,1706873280
u1257,i550,5,1706874157
u1176,i193,4,1706874198
u1641,i260,5,1706874275
u0422,i595,5,1706875669
u1928,i534,1,1706876426
u1004,i417,5,1706876893
u1137,i048,5,1706877604
u1472,i360,5,1706879335
u0193,i347,5,1706879872
u1894,i007,4,1706880132
u1337,i411,4,1706880238
u1824,i112,5,1706881284
u0538,i544,4,1706882014
u1479,i467,5,1706883191
u1382,i562,4,1706883223
u0598,i075,5,1706883546
u0324,i386,5,1706883843
u1936,i160,5,1706884174
u0755,i552,5,1706885000
u0040,i564,4,1706886430
u0148,i120,5,1706886577
u0427,i584,4,1706887406
u1816,i201,5,1706887756
u0544,i590,4,1706888130
u1123,i397,2,1706888228
u0913,i510,5,1706888284
u1207,i150,4,1706888820
u0833,i097,4,1706889213
u0485,i333,2,1706889625
u1141,i268,5,1706890316
u0443,i417,5,1706891081
u1242,i052,1,1706891190
u0221,i268,5,1706891474
u0986,i473,4,1706891773
u0312,i405,5,1706892282
u0587,i287,5,1706892357
u1248,i347,5,1706892618
u1824,i320,4,1706893162
u0708,i526,4,1706894836
u0007,i409,4,1706894988
u1568,i211,4,1706896164
u0464,i297,5,1706896638
u0198,i376,4,1706896999
u0094,i426,4,1706897270
u0312,i444,4,1706897281
u0124,i254,4,1706897760
u0556,i405,5,1706897764
u0631,i447,5,1706897785
u0911,i526,4,1706898773
u1844,i571,5,1706900826
u0719,i106,3,1706902377
u0975,i349,5,1706903087
u1581,i081,4,1706904031
u0041,i244,5,1706904885
u0239,i563,5,1706905243
u1739,i091,4,1706905294
u0635,i408,4,1706905384
u0265,i334,1,1706906069
u0783,i480,5,1706906326
u1493,i157,2,1706906579
u0942,i552,5,1706906675
u1039,i243,4,1706907473
u1477,i492,5,1706908598
u0600,i255,4,1706908765
u0967,i482,4,1706909585
u0465,i253,2,1706910660
u1565,i204,1,1706910800
u1711,i177,2,1706911007
u1281,i333,4,1706911258
u1890,i507,4,1706911697
u1292,i377,2,1706911762
u0229,i097,2,1706912598
u0284,i568,5,1706913095
u0871,i580,5,1706913110
u0885,i188,4,1706914014
u0918,i448,5,1706914073
u0234,i132,4,1706914865
u1128,i355,5,1706915055
u1932,i199,5,1706915950
u0402,i227,2,1706917443
u1182,i288,4,1706917897
u0974,i215,4,1706917984
u1922,i428,5,1706918403
u1784,i422,5,1706918625
u1342,i459,4,1706919184
u0576,i048,4,1706919317
u1078,i504,5,1706919666
u0296,i239,5,1706920192
u1275,i227,5,1706920710
u1541,i268,4,1706921128
u1231,i426,4,1706921868
u1529,i578,3,1706922832
u0494,i213,5,1706923190
u0998,i337,4,1706923628
u0948,i107,5,1706923819
u1898,i279,3,1706923873
u1035,i511,3,1706924452
u1921,i261,4,1706924618
u0090,i055,4,1706925214
u1215,i243,1,1706926641
u1279,i435,4,1706926862
u1353,i291,5,1706927024
u0073,i540,4,1706928141
u1723,i390,5,1706928327
u0550,i149,5,1706928726
u1885,i504,1,1706928769
u0511,i340,4,1706929035
u0978,i149,5,1706929462
u1547,i387,5,1706929598
u0070,i114,5,1706929620
u0439,i077,4,1706929788
u1157,i225,5,1706930315
u0545,i116,5,1706931166
u1644,i334,5,1706931242
u0168,i566,5,1706933292
u1222,i437,2,1706933929
u0697,i595,4,1706934647
u1861,i436,4,1706934670
u0091,i551,5,1706935369
u1438,i540,5,1706935382
u1415,i234,5,1706935523
u1058,i297,1,1706935580
u0901,i455,4,1706936589
u0877,i128,4,1706937787
u0685,i001,4,1706938442
u0477,i297,5,1706938954
u1959,i233,5,1706939305
u1050,i062,5,1706940870
u0685,i400,5,1706941171
u1328,i229,2,1706941319
u0733,i169,2,1706942109
u1210,i454,4,1706942780
u1009,i023,4,1706943113
u0201,i243,3,1706943964
u1810,i566,4,1706944091
u0217,i164,5,1706944181
u1790,i096,5,1706944337
u0325,i264,4,1706944836
u0675,i053,5,1706944912
u0576,i499,5,1706945242
u1565,i150,5,1706945370
u0640,i471,4,1706945849
u1540,i264,5,1706946429
u0916,i550,4,1706947249
u1248,i117,1,1706947881
u1962,i158,4,1706949132
u0421,i194,4,1706950939
u1674,i076,5,1706951097
u1420,i125,5,1706952072
u1573,i499,4,1706952369
u0771,i084,4,1706952515
u0943,i311,5,1706953038
u0905,i243,2,1706953110
u1525,i560,5,1706953126
u0787,i113,4,1706953264
u0034,i045,5,1706953410
u1824,i599,5,1706953584
u1140,i142,5,1706953967
u1901,i499,5,1706954379
u1528,i371,1,1706954612
u1420,i357,4,1706955064
u1903,i340,4,1706956058
u0126,i414,5,1706956679
u1561,i462,5,1706956679
u1017,i385,3,1706957873
u0478,i261,5,1706957892
u1152,i230,4,1706959768
u1110,i006,4,1706961435
u1837,i254,4,1706961697
u1928,i428,4,1706962216
u0960,i402,4,1706962402
u1712,i062,4,1706962742
u1753,i013,2,1706962867
u1298,i158,5,1706964230
u1500,i341,4,1706964284
u1475,i362,1,1706964984
u1049,i333,4,1706965273
u1898,i507,2,1706965294
u0216,i334,5,1706965357
u0579,i419,4,1706965941
u0767,i216,5,1706966608
u1353,i183,5,1706966962
u0310,i027,5,1706967126
u0995,i529,5,1706968659
u1303,i177,5,1706970195
u0554,i568,4,1706972031
u0660,i268,5,1706972706
u1652,i364,5,1706972717
u0238,i063,3,1706972916
u0198,i470,5,1706973947
u0232,i048,4,1706974718
u1182,i423,4,1706974796
u1028,i224,4,1706975748
u0015,i229,5,1706976231
u0710,i528,4,1706977268
u0999,i254,1,1706978028
u1013,i339,3,1706978073
u1524,i409,5,1706978387
u1966,i177,4,1706978802
u1140,i359,5,1706979658
u1629,i132,5,1706979792
u0180,i372,3,1706979844
u1031,i462,5,1706980386
u0038,i227,5,1706980458
u1813,i504,5,1706980983
u1222,i191,5,1706981313
u0038,i234,3,1706981621
u1898,i558,5,1706982441
u1586,i377,4,1706982521
u1785,i243,5,1706982685
u1702,i357,2,1706983714
u0272,i334,4,1706984349
u1941,i230,5,1706984441
u0524,i388,4,1706984948
u1017,i507,4,1706985159
u0101,i285,2,1706986205
u0109,i243,5,1706987228
u0379,i292,5,1706987505
u1477,i358,5,1706988029
u0720,i390,3,1706988498
u0337,i204,5,1706988855
u0228,i431,1,1706989155
u0063,i233,5,1706989307
u1694,i517,4,1706989651
u1495,i185,5,1706989839
u1361,i181,5,1706990156
u1778,i134,5,1706990872
u0960,i190,4,1706990911
u1716,i048,3,1706991306
u1323,i364,3,1706992634
u1714,i436,5,1706992655
u0306,i363,3,1706992688
u0639,i337,4,1706992703
u1467,i362,4,1706993719
u0888,i023,5,1706993792
u0530,i394,5,1706993796
u1012,i333,5,1706994270
u0339,i237,3,1706994776
u0851,i341,4,1706995838
u0964,i042,1,1706996337
u1371,i447,5,1706996631
u1863,i261,4,1706996925
u0349,i155,4,1706997187
u0815,i330,5,1706997297
u1360,i282,5,1707000685
u0302,i064,4,1707000967
u1970,i269,4,1707001407
u0266,i187,4,1707001540
u0594,i535,5,1707001624
u1318,i154,5,1707001920
u0641,i046,4,1707002250
u0939,i196,2,1707002632
u0896,i385,5,1707002672
u0943,i127,3,1707002842
u1402,i034,4,1707002926
u1061,i219,4,1707003547
u0986,i069,5,1707003764
u1552,i440,1,1707004189
u0410,i182,1,1707004532
u0839,i541,1,1707004950
u1866,i122,5,1707005074
u1371,i106,5,1707005132
u1788,i145,4,1707006501
u0953,i297,5,1707007246
u1956,i081,5,1707007290
u0645,i595,4,1707007660
u0611,i117,4,1707008249
u1273,i280,2,1707008398
u0228,i116,5,1707008514
u1941,i399,5,1707008854
u1068,i595,5,1707008907
u1547,i220,5,1707008931
u1178,i564,5,1707009043
u0935,i568,2,1707009338
u0460,i064,4,1707010059
u0132,i074,3,1707010193
u1485,i291,5,1707010287
u1179,i427,2,1707011390
u0642,i254,4,1707011701
u1607,i506,4,1707012135
u1948,i315,5,1707012224
u0008,i469,5,1707012513
u0868,i041,4,1707012748
u0266,i333,5,1707013167
u1673,i143,4,1707013581
u0948,i268,2,1707013738
u1278,i212,5,1707014447
u0354,i011,2,1707014458
u0780,i377,5,1707014816
u1924,i428,5,1707015261
u1141,i461,1,1707016078
u0728,i239,1,1707016983
u0221,i507,3,1707017514
u0506,i599,4,1707018577
u1543,i255,5,1707018871
u0162,i419,3,1707018971
u0359,i356,5,1707019483
u1738,i097,5,1707019758
u0406,i113,2,1707019989
u1741,i471,4,1707020461
u1186,i134,5,1707021469
u0494,i128,5,1707021649
u1211,i102,4,1707021687
u1790,i268,3,1707022481
u0057,i048,5,1707023856
u0473,i568,5,1707023903
u1589,i087,4,1707023978
u0773,i470,5,1707024395
u1412,i486,1,1707024395
u0340,i568,4,1707025048
u1903,i333,1,1707025644
u0889,i477,4,1707026069
u1364,i332,4,1707028413
u1394,i419,5,1707029083
u1660,i417,5,1707029438
u1345,i584,4,1707029952
u1815,i319,5,1707030509
u0039,i232,5,1707030522
u0003,i266,4,1707030600
u1285,i524,4,1707031145
u1854,i357,5,1707031174
u1039,i205,1,1707031724
u1063,i448,5,1707031823
u1599,i390,5,1707032563
u0017,i034,5,1707032936
u0386,i060,4,1707033254
u1515,i213,4,1707033662
u1497,i037,5,1707033876
u0358,i420,4,1707034028
u0480,i461,5,1707034652
u1441,i588,5,1707034941
u0812,i340,5,1707035550
u1481,i243,5,1707036525
u0475,i014,4,1707037551
u0955,i242,4,1707038022
u1761,i385,4,1707038095
u1485,i334,3,1707038208
u0389,i209,5,1707038225
u0860,i507,5,1707039112
u0812,i359,3,1707039155
u0067,i566,4,1707039178
u1012,i085,5,1707039571
u1643,i323,5,1707039980
u0374,i549,4,1707040711
u0729,i417,5,1707041015
u0039,i564,5,1707041391
u1961,i428,4,1707041782
u1233,i189,5,1707042550
u0316,i005,4,1707042851
u0297,i287,4,1707043180
u0562,i220,4,1707043207
u0707,i071,4,1707043232
u1284,i243,1,1707043338
u0926,i261,5,1707043574
u0535,i274,1,1707044111
u0385,i384,5,1707044392
u1720,i588,5,1707045666
u0907,i578,4,1707045675
u0262,i153,4,1707045872
u1802,i598,5,1707046024
u0452,i361,3,1707046155
u0790,i519,5,1707046652
u0769,i599,4,1707048149
u0759,i484,3,1707048223
u0741,i117,1,1707048770
u0772,i305,4,1707048958
u0723,i409,5,1707049078
u1995,i002,5,1707049084
u1492,i526,4,1707049407
u1400,i036,5,1707049989
u1058,i507,2,1707050369
u1754,i381,4,1707051048
u0325,i582,4,1707051563
u1962,i089,1,1707051815
u0155,i275,5,1707052197
u1552,i357,5,1707052361
u1777,i294,2,1707053155
u0038,i568,5,1707053753
u0207,i388,4,1707054136
u0699,i028,4,1707054190
u0926,i419,2,1707054905
u0983,i204,5,1707055066
u1799,i461,4,1707055389
u1309,i440,4,1707057799
u0169,i109,4,1707058495
u1435,i335,4,1707058778
u0707,i571,4,1707059229
u1912,i386,4,1707059841
u0178,i261,2,1707061179
u1541,i274,2,1707061254
u0472,i289,5,1707061400
u0336,i561,4,1707062153
u1437,i579,2,1707062428
u1949,i507,5,1707063710
u1278,i090,4,1707063915
u0257,i274,4,1707064328
u0618,i454,4,1707064949
u1098,i566,5,1707065035
u0440,i046,5,1707065786
u0429,i293,4,1707066261
u0222,i130,5,1707066397
u0996,i330,5,1707066535
u0320,i105,4,1707067184
u1840,i039,4,1707067397
u1024,i296,5,1707067604
u0868,i456,3,1707067806
u0585,i436,5,1707068063
u1589,i363,4,1707069166
u0879,i384,4,1707069229
u0532,i364,5,1707069495
u1109,i085,5,1707069967
u1641,i448,5,1707070240
u0796,i423,4,1707070275
u0681,i333,4,1707071264
u0655,i241,4,1707071519
u0182,i159,4,1707071793
u1364,i566,4,1707072118
u1340,i106,4,1707072338
u1569,i268,1,1707072463
u1632,i355,4,1707072609
u0473,i564,3,1707072874
u1951,i268,3,1707073017
u1192,i508,5,1707073199
u0688,i511,5,1707074134
u0379,i093,4,1707074694
u0330,i562,4,1707074744
u0497,i010,4,1707075521
u0815,i467,4,1707075578
u1811,i365,4,1707075609
u0699,i040,5,1707075719
u0628,i092,4,1707076163
u1637,i051,5,1707076303
u0822,i367,5,1707077246
u1698,i085,5,1707077637
u0341,i364,5,1707078513
u1634,i228,2,1707078830
u1338,i019,5,1707078834
u1669,i194,4,1707079066
u1665,i117,5,1707079578
u0878,i097,5,1707079739
u1048,i023,2,1707079844
u0148,i015,2,1707081924
u0641,i166,5,1707082067
u0955,i284,4,1707083532
u0611,i568,4,1707083743
u1024,i372,4,1707083948
u0298,i220,5,1707083997
u1695,i101,3,1707084783
u1369,i597,4,1707085359
u1790,i125,4,1707085449
u1895,i570,4,1707086092
u1085,i268,4,1707086344
u1311,i357,5,1707087267
u0929,i577,5,1707087438
u1422,i413,4,1707087952
u0565,i229,4,1707088218
u1274,i529,5,1707088251
u1654,i134,5,1707088276
u0293,i099,5,1707088689
u1474,i057,5,1707088709
u1345,i084,2,1707089492
u1677,i097,4,1707089533
u1308,i287,4,1707090038
u1104,i377,4,1707090067
u0442,i351,5,1707090204
u1105,i217,5,1707092489
u0042,i480,1,1707092846
u0542,i106,5,1707093075
u0722,i023,3,1707093225
u0410,i597,4,1707093336
u0348,i349,4,1707094040
u0395,i424,5,1707094137
u0579,i292,5,1707094809
u1951,i074,4,1707095043
u0732,i194,2,1707095323
u1915,i387,4,1707095618
u0519,i078,1,1707096284
u0724,i472,4,1707096307
u1441,i043,4,1707096559
u1826,i357,2,1707096585
u1669,i564,5,1707096653
u1853,i414,5,1707096757
u0882,i084,4,1707097078
u1839,i220,5,1707097582
u0552,i548,3,1707098032
u0384,i120,4,1707098176
u0162,i487,4,1707099012
u1017,i243,3,1707099566
u0689,i176,5,1707100161
u0587,i463,1,1707100824
u0768,i378,5,1707101250
u0942,i122,5,1707102052
u1449,i461,4,1707102232
u0210,i341,4,1707102408
u0022,i283,5,1707102714
u1191,i041,3,1707105270
u0448,i146,5,1707105382
u1096,i568,1,1707105465
u0924,i347,4,1707105529
u0080,i375,5,1707105832
u0967,i404,4,1707105917
u1806,i564,5,1707106042
u1973,i566,1,1707106098
u1861,i448,4,1707106100
u1937,i562,2,1707106345
u0806,i364,5,1707106606
u1315,i268,5,1707106695
u0705,i500,4,1707106740
u1178,i069,4,1707107845
u0714,i278,4,1707108454
u0059,i297,5,1707109469
u0220,i108,5,1707109482
u1377,i319,5,1707109492
u0755,i331,4,1707109529
u1981,i566,1,1707109797
u1023,i170,4,1707110056
u0056,i097,5,1707110058
u0170,i334,3,1707110334
u1079,i397,4,1707110912
u0952,i172,4,1707112413
u0598,i243,1,1707112579
u1611,i492,2,1707112664
u1170,i291,5,1707112744
u0818,i334,4,1707113835
u0189,i350,5,1707114436
u0887,i268,5,1707115827
u0132,i425,4,1707116039
u1998,i102,2,1707116121
u0422,i134,5,1707116663
u0319,i029,1,1707116674
u1435,i564,4,1707116908
u1132,i510,4,1707117336
u1286,i268,4,1707117591
u0546,i396,3,1707117815
u1110,i594,5,1707118116
u1934,i376,3,1707119920
u1338,i540,5,1707120748
u0261,i113,4,1707121465
u0335,i275,4,1707121796
u0659,i006,5,1707121887
u0312,i526,4,1707122554
u1441,i055,2,1707122883
u1861,i470,4,1707123193
u1615,i220,1,1707123484
u1762,i529,2,1707123552
u1286,i553,4,1707124408
u1810,i571,4,1707125032
u1688,i562,3,1707125312
u1941,i116,5,1707125569
u1511,i163,4,1707125612
u1093,i363,1,1707125882
u1920,i166,5,1707125896
u1063,i363,3,1707126101
u1210,i146,5,1707127005
u0643,i381,2,1707127261
u1655,i293,5,1707127891
u1225,i571,5,1707128224
u0406,i335,4,1707129659
u1831,i572,5,1707129909
u0222,i430,5,1707130078
u0132,i018,5,1707130460
u1308,i591,5,1707130822
u0632,i333,4,1707130996
u0686,i376,4,1707131044
u0830,i312,1,1707131714
u0413,i507,4,1707131778
u0657,i333,4,1707132244
u0807,i488,2,1707133765
u1440,i052,5,1707133892
u1655,i371,4,1707134647
u0866,i566,5,1707135676
u0610,i453,3,1707136982
u1895,i398,4,1707137011
u0525,i046,5,1707137114
u1922,i529,5,1707137218
u1804,i038,2,1707137397
u1394,i166,4,1707137434
u0670,i119,5,1707137678
u1321,i054,5,1707138469
u1295,i420,4,1707138496
u1862,i504,5,1707138548
u1727,i348,5,1707138598
u1764,i291,5,1707138687
u1069,i414,4,1707139138
u0950,i243,2,1707139139
u1925,i268,5,1707139623
u1563,i134,2,1707140099
u0953,i174,1,1707140416
u1238,i290,4,1707141175
u1734,i207,5,1707141312
u1220,i492,5,1707141539
u1464,i553,2,1707142022
u0184,i483,1,1707143723
u0057,i060,1,1707143759
u1293,i292,5,1707144060
u1434,i417,5,1707144607
u1929,i363,4,1707144833
u0237,i511,3,1707144958
u1624,i048,4,1707145650
u0926,i227,4,1707145748
u1698,i550,3,1707146189
u0962,i466,4,1707146307
u1784,i597,5,1707146687
u1963,i387,1,1707147585
u1536,i125,2,1707147649
u0671,i364,4,1707147722
u0725,i447,5,1707148086
u1081,i450,4,1707148159
u1752,i158,4,1707148392
u1149,i048,5,1707148992
u0861,i205,5,1707149728
u0040,i391,5,1707149929
u1995,i117,3,1707150155
u0402,i511,4,1707150994
u1822,i324,4,1707151036
u1828,i597,2,1707151685
u1786,i528,5,1707152126
u0022,i051,4,1707152175
u0555,i140,3,1707152530
u1103,i577,4,1707153132
u0243,i291,5,1707153605
u0468,i116,4,1707154438
u0353,i297,4,1707154651
u1333,i483,4,1707154824
u0774,i361,3,1707154982
u0561,i113,5,1707155315
u0602,i330,5,1707155727
u0546,i116,2,1707155735
u0525,i521,4,1707155783
u0803,i504,5,1707155960
u1080,i113,5,1707156665
u1151,i333,4,1707157437
u0694,i494,4,1707157648
u0861,i552,5,1707157918
u0944,i529,1,1707158438
u1945,i291,1,1707158530
u1906,i586,4,1707158711
u0353,i097,5,1707161285
u0594,i500,4,1707162023
u1055,i293,5,1707163022
u1145,i523,4,1707163167
u0588,i204,2,1707163647
u0616,i141,1,1707164147
u1485,i261,4,1707164806
u1666,i367,5,1707165261
u1636,i363,4,1707165646
u0030,i458,5,1707166218
u1329,i398,5,1707166521
u0411,i254,1,1707167691
u1716,i513,5,1707167950
u0697,i239,4,1707168150
u1336,i176,5,1707168834
u1125,i038,5,1707170208
u0339,i424,5,1707170307
u0324,i447,3,1707170602
u0096,i037,2,1707170901
u0845,i215,4,1707171689
u0507,i514,4,1707172124
u1700,i562,5,1707172870
u1531,i413,4,1707173472
u1420,i478,5,1707173869
u1043,i260,4,1707175457
u0191,i572,4,1707175580
u1360,i213,5,1707175821
u0652,i593,2,1707175999
u1738,i095,4,1707176759
u1057,i564,4,1707177808
u1917,i593,4,1707178156
u0847,i470,2,1707178734
u0379,i104,5,1707178937
u0416,i230,2,1707179756
u1737,i154,5,1707179840
u0842,i363,4,1707180297
u0698,i495,5,1707180913
u0411,i147,4,1707180951
u1443,i241,4,1707181026
u1330,i055,5,1707181690
u0258,i595,5,1707182963
u1273,i462,5,1707183461
u0146,i271,4,1707183878
u1681,i413,1,1707183952
u0636,i426,4,1707184985
u0678,i329,4,1707185090
u1074,i013,4,1707185586
u1123,i255,5,1707185631
u0105,i363,1,1707186035
u1343,i000,2,1707186037
u1410,i274,5,1707186711
u1050,i466,4,1707187421
u0598,i597,3,1707188202
u0371,i535,4,1707188721
u1666,i124,5,1707188757
u0322,i582,4,1707189449
u1223,i193,4,1707189869
u0917,i397,2,1707189927
u1324,i428,3,1707189989
u1983,i131,5,1707190085
u0557,i287,5,1707190328
u0034,i031,5,1707190467
u0902,i022,5,1707191264
u0710,i325,5,1707191609
u0939,i289,5,1707191675
u1688,i297,3,1707191684
u1854,i364,5,1707191771
u1515,i363,1,1707192247
u0239,i357,3,1707192303
u1027,i333,4,1707192610
u0572,i145,3,1707193480
u0131,i525,5,1707194673
u0012,i115,5,1707195084
u0210,i107,5,1707195254
u1329,i492,4,1707195694
u1067,i568,4,1707195972
u1081,i236,5,1707196793
u1954,i206,5,1707197878
u0778,i243,2,1707198217
u0020,i056,4,1707198791
u0805,i378,5,1707199076
u0064,i134,4,1707199611
u1893,i101,3,1707199856
u1473,i261,2,1707200115
u0401,i150,4,1707200178
u1224,i050,5,1707200426
u1515,i567,5,1707200586
u1565,i355,4,1707200811
u0051,i268,4,1707201031
u0622,i333,2,1707201086
u0287,i256,4,1707201685
u1825,i169,5,1707203119
u0724,i129,4,1707203423
u0164,i491,4,1707203661
u0907,i534,4,1707204220
u1817,i568,3,1707205171
u1672,i277,4,1707205364
u0585,i461,5,1707205404
u1295,i004,4,1707205671
u0036,i480,4,1707206027
u1500,i472,4,1707206231
u1188,i351,2,1707207290
u0852,i480,5,1707207732
u1876,i089,5,1707208161
u1837,i004,1,1707209766
u0856,i566,5,1707210672
u1996,i540,4,1707212416
u0404,i425,4,1707212523
u1776,i415,5,1707213096
u0408,i445,4,1707213137
u1816,i241,1,1707214799
u0374,i268,1,1707214857
u0453,i268,5,1707214923
u1753,i591,3,1707215224
u1080,i417,5,1707215600
u0236,i112,4,1707217670
u1839,i526,5,1707218134
u0057,i092,5,1707218303
u1425,i529,4,1707218311
u1207,i523,4,1707218917
u1710,i040,5,1707221981
u0766,i328,2,1707222084
u0460,i170,4,1707222753
u0746,i004,5,1707222944
u1329,i099,5,1707223463
u1147,i291,1,1707223913
u1593,i215,5,1707223978
u0250,i068,5,1707224681
u1199,i023,5,1707225665
u1206,i368,5,1707226220
u0389,i417,5,1707226247
u0115,i341,4,1707226335
u0890,i535,4,1707226335
u1209,i541,5,1707226404
u0935,i575,4,1707226550
u1022,i211,5,1707226556
u0454,i362,4,1707227704
u0341,i268,2,1707228174
u0022,i119,5,1707228801
u1287,i115,4,1707228940
u0299,i532,5,1707229181
u1963,i246,5,1707229992
u0759,i428,4,1707230161
u0584,i283,2,1707233656
u1759,i371,4,1707233681
u0797,i049,4,1707234482
u1802,i037,4,1707234500
u1603,i363,4,1707235140
u0812,i104,2,1707238174
u0631,i578,4,1707238872
u1549,i143,4,1707239330
u0226,i333,5,1707240149
u1341,i542,2,1707241444
u0383,i416,4,1707241588
u0689,i291,4,1707241650
u0918,i470,5,1707241897
u1035,i125,5,1707242046
u0375,i465,5,1707242493
u0160,i375,5,1707242671
u0616,i239,5,1707243056
u0630,i535,4,1707243231
u0330,i460,5,1707243408
u0125,i334,4,1707243702
u0859,i166,4,1707243969
u1779,i183,5,1707244121
u1142,i321,5,1707244130
u1308,i039,4,1707244149
u1623,i526,3,1707244555
u0761,i214,5,1707244735
u1718,i507,1,1707244910
u1499,i291,4,1707245130
u0950,i595,4,1707245221
u1592,i566,1,1707245625
u0837,i358,3,1707245841
u1038,i386,5,1707246569
u1198,i409,5,1707246802
u1278,i419,4,1707247262
u1855,i106,5,1707247362
u0682,i217,5,1707248468
u1364,i529,4,1707248541
u1230,i109,5,1707249383
u0159,i568,3,1707249408
u1319,i470,5,1707249733
u1258,i012,4,1707250087
u1352,i129,5,1707250183
u0946,i333,1,1707250216
u0779,i392,4,1707250310
u1564,i405,5,1707250908
u1406,i526,5,1707251127
u1557,i333,1,1707251472
u0137,i568,4,1707252575
u0814,i374,4,1707252673
u1165,i489,4,1707254396
u1051,i254,5,1707255056
u0249,i428,5,1707255107
u1849,i493,5,1707255257
u1547,i256,2,1707255314
u0777,i544,3,1707257491
u1326,i250,4,1707257636
u0283,i193,4,1707257896
u0641,i411,5,1707258210
u1071,i413,4,1707258400
u1510,i105,4,1707258719
u0294,i268,4,1707258944
u1196,i494,5,1707259329
u0102,i097,2,1707259931
u1151,i230,4,1707260694
u1273,i100,1,1707260737
u1575,i027,2,1707260748
u0234,i241,5,1707261248
u0228,i108,4,1707262286
u1371,i364,5,1707262807
u0953,i575,5,1707263720
u1223,i065,5,1707263920
u1531,i595,5,1707264134
u1203,i084,5,1707264394
u1880,i199,2,1707264450
u0006,i562,5,1707264888
u0264,i529,5,1707265029
u0326,i599,4,1707265240
u1415,i551,5,1707265637
u1944,i515,1,1707265662
u1483,i261,4,1707265992
u1198,i541,4,1707266521
u1920,i462,5,1707268201
u0049,i073,5,1707270639
u0150,i428,3,1707271475
u0605,i129,4,1707271573
u0281,i171,2,1707271707
u0251,i018,1,1707271734
u1496,i258,3,1707271949
u0430,i497,5,1707272127
u0688,i204,2,1707272239
u1900,i265,4,1707272494
u0316,i417,4,1707273593
u0113,i356,4,1707273764
u1785,i194,5,1707274071
u1413,i411,5,1707274105
u0418,i593,2,1707274523
u0700,i264,5,1707274596
u0309,i314,2,1707274931
u0093,i447,4,1707275506
u1062,i243,5,1707275647
u1183,i287,5,1707275654
u1089,i424,3,1707276344
u0712,i106,5,1707277086
u1477,i113,4,1707277225
u0519,i101,4,1707277368
u1086,i155,4,1707277455
u0222,i507,1,1707278037
u1568,i243,1,1707278170
u0965,i261,2,1707278490
u0214,i376,5,1707278679
u0017,i597,5,1707278798
u0337,i361,2,1707279393
u0287,i333,1,1707279800
u0076,i363,3,1707279853
u0155,i541,5,1707279928
u0724,i491,5,1707280052
u0439,i324,5,1707280259
u1253,i520,4,1707280292
u1192,i334,2,1707280750
u1582,i586,4,1707281007
u1394,i256,5,1707281799
u1484,i519,4,1707282357
u0658,i117,5,1707283406
u0342,i550,4,1707283601
u1291,i014,4,1707283983
u1011,i217,4,1707284480
u1508,i107,5,1707284576
u1078,i117,3,1707284847
u1386,i191,3,1707286672
u1018,i009,4,1707286856
u1386,i259,5,1707286950
u0647,i004,4,1707287406
u1087,i451,1,1707287416
u1089,i019,5,1707287755
u0736,i507,5,1707288496
u1110,i054,4,1707288996
u0078,i363,2,1707289070
u1540,i399,3,1707290064
u0636,i562,5,1707290205
u1101,i586,4,1707290208
u1529,i220,5,1707290273
u0960,i268,3,1707291131
u0952,i097,4,1707291360
u1741,i293,4,1707291538
u0116,i261,5,1707291903
u1468,i113,5,1707292346
u0097,i097,5,1707292450
u1974,i038,4,1707292615
u0265,i117,5,1707292724
u0300,i243,1,1707292811
u1322,i097,2,1707292840
u0761,i060,4,1707294730
u0317,i243,3,1707294918
u0546,i400,1,1707294957
u0357,i204,5,1707294999
u1339,i334,4,1707295189
u0577,i587,4,1707295781
u1101,i134,3,1707297388
u1794,i529,2,1707297456
u0413,i063,4,1707298194
u0201,i055,3,1707298223
u0872,i376,5,1707300512
u0629,i293,5,1707300605
u1742,i328,5,1707300677
u0732,i046,5,1707300770
u0542,i532,5,1707301038
u0121,i073,5,1707301147
u0450,i449,5,1707301857
u0031,i253,5,1707301968
u0459,i309,4,1707302731
u1562,i260,4,1707303638
u0762,i362,5,1707303917
u1263,i333,5,1707303925
u0384,i394,4,1707304711
u1549,i060,5,1707305608
u1286,i425,5,1707307681
u0363,i489,5,1707307699
u0458,i573,5,1707308220
u1805,i363,4,1707309562
u1660,i528,4,1707309826
u0606,i428,5,1707312916
u1407,i291,5,1707312987
u0959,i162,5,1707313672
u0198,i423,5,1707313970
u1148,i371,2,1707313979
u1977,i080,1,1707314852
u1209,i486,1,1707314978
u0867,i305,4,1707315104
u1097,i495,2,1707315122
u1419,i243,5,1707315581
u1186,i595,5,1707315851
u0240,i324,5,1707316211
u1812,i256,5,1707316673
u1291,i188,5,1707316680
u0394,i189,4,1707318244
u0864,i261,2,1707318520
u0611,i141,2,1707318605
u0779,i352,4,1707319266
u0431,i539,5,1707319567
u0504,i252,4,1707319908
u1594,i158,4,1707320983
u1033,i301,5,1707321290
u0980,i572,4,1707321826
u1520,i261,5,1707322108
u1159,i056,4,1707322183
u0602,i593,5,1707322386
u1561,i202,4,1707323109
u1345,i046,5,1707323440
u1052,i145,4,1707324176
u0225,i243,3,1707324310
u1174,i335,5,1707325846
u0821,i168,4,1707326880
u1347,i415,5,1707327192
u1269,i596,5,1707327511
u0143,i287,5,1707330182
u1315,i241,4,1707330273
u0153,i480,2,1707332731
u0726,i333,5,1707332971
u0723,i283,5,1707333141
u0819,i508,4,1707333225
u1214,i419,4,1707333272
u0165,i341,4,1707333601
u1476,i292,4,1707333856
u1037,i162,4,1707333997
u1751,i519,5,1707334009
u0800,i377,3,1707334127
u0460,i549,1,1707334358
u1784,i160,2,1707334451
u0751,i237,4,1707334454
u1659,i097,1,1707334588
u0342,i572,5,1707334657
u1119,i066,4,1707334974
u1848,i377,1,1707336180
u0773,i109,4,1707336348
u1870,i333,1,1707337356
u1317,i009,5,1707338205
u0972,i526,5,1707338432
u0343,i450,4,1707338584
u1231,i101,4,1707338804
u1478,i515,4,1707340038
u1422,i005,4,1707340408
u1095,i211,4,1707341119
u0745,i337,5,1707341376
u1530,i244,3,1707341897
u1761,i013,4,1707342166
u1480,i460,5,1707344013
u0724,i118,5,1707344466
u0747,i333,5,1707345381
u1150,i470,5,1707345713
u1426,i381,4,1707346396
u0694,i134,3,1707346681
u1544,i243,1,1707347235
u0860,i163,3,1707347422
u1393,i291,2,1707348032
u1583,i295,4,1707348381
u0246,i261,5,1707348402
u1569,i243,1,1707349111
u1573,i136,5,1707349378
u1175,i431,4,1707349951
u1596,i293,4,1707350513
u0931,i136,4,1707350858
u0401,i034,5,1707351385
u0035,i044,5,1707352110
u1839,i004,5,1707352167
u1710,i334,4,1707352202
u0968,i084,4,1707352666
u0710,i270,3,1707352854
u0310,i175,5,1707354183
u0818,i170,2,1707354197
u1172,i420,5,1707355517
u1739,i002,5,1707355982
u0055,i206,4,1707356043
u1589,i417,5,1707356556
u0999,i243,1,1707356664
u0661,i058,5,1707356891
u0446,i241,5,1707357694
u1251,i491,4,1707358169
u0884,i541,5,1707358183
u0839,i333,2,1707358382
u1708,i318,3,1707359595
u0635,i425,1,1707359723
u0979,i093,3,1707360999
u1655,i142,5,1707361385
u0575,i102,5,1707363131
u0329,i110,5,1707363731
u0778,i104,5,1707363761
u0065,i333,5,1707364093
u1976,i074,5,1707364273
u1208,i429,4,1707365177
u0854,i549,5,1707365974
u0320,i565,5,1707366073
u1197,i488,5,1707366301
u0857,i217,5,1707366505
u1397,i255,1,1707366557
u0385,i117,3,1707366752
u1871,i311,5,1707366756
u1460,i268,4,1707367146
u1035,i293,2,1707367480
u0184,i188,5,1707367880
u0014,i140,4,1707368215
u1628,i375,2,1707368955
u0885,i120,4,1707371448
u1806,i555,4,1707371472
u1368,i285,5,1707371607
u0680,i013,5,1707371661
u0198,i217,4,1707371792
u0520,i412,5,1707371969
u1544,i167,4,1707372060
u1326,i424,5,1707372664
u0533,i384,3,1707372703
u0152,i582,2,1707372901
u0047,i333,1,1707373105
u1549,i483,4,1707373741
u0731,i361,5,1707373912
u1409,i529,2,1707373932
u1354,i006,5,1707374208
u0430,i368,4,1707376604
u0829,i000,4,1707377099
u1651,i364,5,1707377400
u0576,i526,2,1707377749
u1669,i243,5,1707377823
u1554,i302,5,1707378548
u0747,i100,3,1707378707
u0157,i427,4,1707379077
u0485,i352,3,1707379263
u1989,i048,4,1707379459
u1942,i439,4,1707379468
u1689,i446,4,1707379549
u1391,i216,4,1707379966
u1039,i125,4,1707380277
u0640,i425,4,1707380429
u0779,i565,4,1707380771
u1417,i591,4,1707380934
u0645,i429,4,1707381325
u1965,i117,3,1707381445
u1035,i243,5,1707381964
u0718,i352,4,1707382280
u1658,i194,5,1707382439
u1277,i425,4,1707382640
u1648,i243,1,1707382891
u0455,i345,1,1707382970
u1600,i066,5,1707383726
u0700,i377,1,1707383849
u1118,i088,4,1707384380
u1476,i498,2,1707384452
u1532,i212,4,1707384474
u1023,i169,4,1707384483
u1276,i599,5,1707384873
u0473,i480,4,1707385286
u0198,i377,5,1707385833
u0768,i506,4,1707386445
u0417,i097,3,1707387205
u0871,i333,4,1707387611
u1183,i003,4,1707388642
u1785,i002,4,1707389029
u0322,i026,4,1707390157
u0564,i265,4,1707390262
u0394,i268,1,1707390892
u1153,i122,3,1707390971
u1574,i559,4,1707391253
u1317,i265,4,1707392500
u0349,i254,4,1707393252
u1575,i460,5,1707393430
u1437,i113,5,1707393814
u1371,i204,4,1707393938
u0422,i191,4,1707394292
u1215,i497,4,1707394587
u1001,i299,5,1707395375
u1210,i565,4,1707395769
u0023,i545,5,1707396481
u0753,i470,5,1707396717
u0516,i194,3,1707396854
u0577,i140,1,1707396999
u0703,i404,5,1707397096
u1575,i550,5,1707397723
u1280,i205,4,1707398445
u1799,i195,5,1707399491
u1238,i453,5,1707399513
u0740,i273,4,1707400250
u0394,i550,4,1707400561
u0718,i419,5,1707401023
u1367,i062,4,1707401055
u1298,i535,4,1707401179
u1392,i243,3,1707401513
u0740,i461,1,1707401641
u1411,i180,4,1707401877
u0995,i048,1,1707401942
u1638,i021,5,1707402079
u0792,i400,4,1707403443
u0148,i175,5,1707403910
u0605,i028,4,1707404927
u0086,i191,5,1707405185
u0982,i529,4,1707405600
u0000,i355,5,1707405655
u0475,i019,5,1707406177
u0137,i486,5,1707406200
u0693,i282,4,1707407085
u1813,i501,5,1707407199
u0965,i384,5,1707407826
u1462,i333,5,1707408916
u0334,i038,5,1707409075
u1813,i460,4,1707409398
u1961,i164,4,1707409660
u1463,i243,5,1707410022
u0363,i065,4,1707410216
u0772,i106,4,1707410246
u1715,i008,4,1707410510
u0055,i375,5,1707410911
u1221,i362,4,1707411337
u1608,i561,4,1707411585
u0852,i279,5,1707411650
u0944,i449,5,1707412552
u0475,i044,2,1707412624
u1915,i085,4,1707412667
u1001,i268,3,1707413260
u0594,i377,4,1707413528
u1568,i386,4,1707413665
u1557,i317,5,1707414207
u0878,i567,4,1707414380
u1594,i535,4,1707414619
u1484,i449,2,1707414988
u1132,i150,4,1707414997
u0409,i373,5,1707415403
u0978,i566,4,1707416894
u0872,i470,4,1707417275
u1636,i408,4,1707418153
u0685,i243,4,1707418279
u1583,i004,2,1707419463
u0240,i113,4,1707419951
u1666,i097,5,1707420135
u0036,i227,4,1707420689
u0757,i104,5,1707420712
u1301,i352,4,1707420719
u0790,i436,5,1707420839
u0432,i306,4,1707421672
u0290,i562,4,1707421948
u1362,i504,4,1707422342
u0836,i436,5,1707422937
u0477,i434,3,1707423447
u0687,i469,5,1707423543
u0019,i243,1,1707423931
u0793,i229,5,1707423961
u0726,i219,4,1707424479
u0555,i060,5,1707424570
u1585,i027,5,1707424705
u0859,i428,1,1707424928
u0155,i108,4,1707425137
u1334,i046,4,1707425230
u1217,i230,1,1707425410
u0250,i108,1,1707425952
u1062,i108,2,1707425953
u1551,i417,4,1707426078
u0451,i252,5,1707426994
u0242,i387,4,1707427154
u0531,i198,5,1707427363
u0310,i255,3,1707427508
u0751,i048,4,1707427691
u1625,i472,5,1707429151
u0361,i243,2,1707430366
u1301,i199,4,1707431211
u1702,i261,4,1707431384
u0533,i116,4,1707431899
u1487,i516,5,1707432429
u0062,i167,4,1707432860
u0468,i155,3,1707433404
u1284,i435,5,1707434096
u1764,i000,5,1707434740
u1440,i553,2,1707435398
u1790,i335,5,1707436039
u0931,i481,4,1707436187
u1611,i292,4,1707436231
u0138,i113,5,1707436242
u1646,i516,5,1707436865
u0764,i473,4,1707437036
u0941,i069,4,1707437337
u0359,i416,4,1707437654
u1344,i268,2,1707437722
u1901,i481,5,1707437976
u0637,i187,4,1707439226
u1593,i123,5,1707439568
u1175,i237,2,1707439657
u0910,i291,4,1707440354
u0993,i157,4,1707440488
u0707,i363,3,1707441036
u0554,i055,4,1707441337
u0098,i571,5,1707441774
u0034,i449,5,1707441889
u1663,i456,5,1707442661
u0049,i526,1,1707442985
u0621,i350,4,1707443538
u1485,i568,4,1707443980
u1479,i227,4,1707444073
u0263,i363,1,1707444197
u1282,i116,4,1707444607
u1465,i102,5,1707445001
u0751,i019,5,1707446702
u1430,i205,4,1707447078
u1106,i332,5,1707447119
u1622,i333,5,1707447135
u1220,i145,4,1707447235
u0872,i255,4,1707447893
u1511,i055,5,1707448121
u1471,i087,4,1707448956
u1762,i138,5,1707449278
u0936,i268,1,1707449392
u1342,i516,5,1707449596
u1133,i220,5,1707450011
u1724,i419,4,1707450223
u1567,i019,5,1707450427
u0288,i268,4,1707450653
u1689,i244,5,1707451059
u0492,i225,1,1707451149
u1015,i215,4,1707451330
u1340,i357,4,1707451764
u1648,i352,5,1707453824
u0862,i537,5,1707455538
u0977,i189,4,1707455717
u1547,i455,3,1707456464
u0192,i035,4,1707456643
u1872,i093,3,1707456915
u0876,i170,4,1707457123
u1283,i334,5,1707458885
u1789,i297,4,1707459189
u1741,i292,4,1707460127
u1722,i595,4,1707460210
u0335,i399,4,1707460535
u0638,i023,4,1707460632
u1103,i511,3,1707461154
u1911,i361,3,1707461931
u0957,i470,4,1707462042
u1389,i507,4,1707462669
u0690,i440,3,1707462810
u0647,i568,2,1707463493
u1137,i243,2,1707463810
u0692,i268,3,1707463878
u0145,i254,1,1707464321
u1120,i595,5,1707464341
u0529,i120,4,1707464791
u1572,i169,5,1707465349
u0159,i530,5,1707465892
u1985,i568,4,1707468047
u1114,i243,3,1707468260
u0187,i243,4,1707468595
u0726,i160,5,1707469519
u1006,i363,3,1707469705
u0491,i550,4,1707470028
u1779,i114,2,1707470172
u1351,i357,2,1707470734
u0416,i353,4,1707470858
u1441,i016,5,1707471028
u0637,i108,4,1707471040
u1420,i210,5,1707471635
u0407,i377,1,1707472463
u1739,i577,5,1707472505
u0886,i237,3,1707472666
u1455,i211,5,1707473197
u1298,i430,5,1707473299
u0151,i480,4,1707474048
u1414,i473,4,1707474628
u1348,i363,4,1707475053
u0180,i140,4,1707475685
u1570,i268,5,1707475828
u0291,i472,4,1707475840
u1101,i133,5,1707476026
u0003,i443,4,1707476058
u0119,i340,5,1707477035
u1839,i490,5,1707477342
u1647,i023,5,1707477608
u0373,i377,2,1707477784
u0312,i230,5,1707478439
u0246,i547,5,1707478585
u1238,i243,4,1707479373
u1981,i259,3,1707480304
u1058,i473,4,1707480886
u1240,i334,4,1707480953
u1634,i428,5,1707481074
u0922,i423,3,1707481389
u0326,i211,1,1707481576
u1609,i553,4,1707481709
u0517,i282,4,1707482743
u1741,i166,5,1707482770
u0098,i257,4,1707484023
u0393,i191,1,1707484060
u1257,i460,5,1707484460
u0826,i074,4,1707484475
u0694,i257,4,1707485198
u1560,i417,1,1707485316
u1695,i129,5,1707485749
u0552,i283,3,1707486186
u0542,i292,2,1707486325
u1636,i433,5,1707487314
u0013,i395,2,1707488141
u1486,i524,4,1707488246
u1062,i432,5,1707488634
u0897,i268,5,1707488683
u1731,i213,2,1707488983
u1494,i245,5,1707489212
u1832,i219,2,1707489947
u1908,i421,5,1707490056
u0130,i013,1,1707490254
u1039,i354,5,1707490947
u0960,i341,4,1707491208
u1417,i397,4,1707491323
u1880,i207,4,1707492150
u0056,i399,5,1707492240
u1654,i492,4,1707492321
u1756,i479,3,1707492761
u0807,i253,5,1707493000
u1549,i270,1,1707493625
u1548,i378,4,1707493995
u0583,i034,5,1707494291
u0602,i117,5,1707494394
u0384,i112,5,1707494590
u1334,i104,5,1707494993
u0449,i136,5,1707495359
u0134,i547,4,1707495404
u0998,i572,5,1707496113
u1476,i243,2,1707496285
u1502,i462,4,1707496662
u1634,i406,4,1707497075
u1844,i505,5,1707498238
u1011,i483,4,1707498279
u0700,i117,5,1707499148
u1240,i237,4,1707500311
u1320,i105,5,1707500390
u1496,i137,4,1707502207
u0031,i274,4,1707502364
u1943,i243,1,1707502424
u0312,i363,1,1707502974
u1216,i134,4,1707503062
u1382,i060,4,1707503187
u0220,i420,5,1707503281
u1944,i477,4,1707504488
u0492,i368,5,1707504678
u0859,i293,4,1707506321
u0986,i387,2,1707506393
u1144,i025,4,1707506627
u1177,i293,4,1707506783
u1390,i429,3,1707506795
u0441,i377,5,1707506821
u0453,i425,5,1707507260
u0504,i576,5,1707507334
u1059,i352,4,1707507459
u0835,i383,5,1707507581
u0337,i372,1,1707507638
u0630,i220,2,1707507697
u0014,i565,5,1707507910
u1048,i507,1,1707508107
u0290,i470,4,1707508226
u0854,i568,1,1707508228
u1867,i068,4,1707508341
u0719,i422,5,1707509527
u1691,i231,4,1707510319
u0446,i146,4,1707510824
u1762,i067,1,1707511638
u1545,i364,4,1707511852
u0411,i587,4,1707512335
u0489,i333,5,1707512641
u0153,i470,4,1707512978
u1952,i526,2,1707513477
u0451,i469,4,1707515112
u1309,i355,4,1707515655
u1993,i157,4,1707515803
u1708,i288,5,1707515875
u1956,i108,2,1707516325
u0067,i219,3,1707516754
u1680,i124,5,1707516944
u0714,i175,3,1707516956
u0458,i268,3,1707517349
u1106,i252,4,1707517767
u1652,i130,3,1707518103
u0684,i291,4,1707518431
u0279,i249,4,1707520557
u1038,i096,2,1707520612
u0715,i555,4,1707520972
u1110,i433,4,1707521008
u1223,i268,4,1707521023
u1264,i507,1,1707521461
u0374,i540,5,1707521769
u1646,i440,5,1707521809
u1701,i057,4,1707521876
u1000,i535,3,1707523848
u1627,i560,4,1707524209
u1339,i185,4,1707525900
u1018,i113,2,1707526345
u1550,i019,4,1707527859
u0185,i238,5,1707528615
u1336,i223,4,1707528827
u1508,i402,4,1707529090
u0999,i262,4,1707529782
u0065,i517,4,1707530138
u1219,i485,4,1707530654
u0156,i052,5,1707530875
u0357,i424,3,1707530902
u1575,i305,1,1707531274
u1590,i243,3,1707531573
u1382,i293,1,1707532812
u0212,i188,4,1707532944
u0741,i539,1,1707533177
u0349,i153,4,1707533356
u0459,i194,4,1707534190
u1629,i411,4,1707534492
u0399,i332,5,1707535081
u1041,i428,5,1707535148
u1081,i355,4,1707535232
u1137,i188,4,1707535931
u1928,i167,4,1707537099
u1358,i599,4,1707537468
u0622,i265,2,1707537893
u0915,i293,5,1707537919
u1855,i447,5,1707539584
u0591,i411,4,1707539857
u1525,i363,5,1707540956
u1180,i507,4,1707541807
u0575,i530,5,1707542134
u0986,i364,4,1707542567
u1283,i566,1,1707544483
u1554,i363,5,1707545623
u0668,i097,3,1707545744
u0501,i344,4,1707546129
u1613,i461,4,1707547658
u1935,i594,5,1707548498
u0300,i275,5,1707548630
u0300,i333,4,1707549177
u0771,i050,4,1707549275
u1915,i297,5,1707549290
u0770,i297,4,1707549391
u1245,i220,5,1707549534
u1053,i150,5,1707550937
u1809,i065,5,1707551060
u0825,i368,5,1707551736
u0690,i564,3,1707551760
u1460,i388,5,1707552491
u1100,i568,5,1707552526
u0905,i268,3,1707552681
u1220,i239,5,1707552747
u0743,i291,4,1707553849
u0242,i275,4,1707554912
u0527,i048,5,1707556734
u1591,i185,4,1707557047
u1811,i507,2,1707557074
u0411,i378,4,1707557435
u1204,i013,4,1707558830
u1836,i019,4,1707558968
u0049,i572,4,1707559289
u1474,i348,5,1707559323
u0618,i241,4,1707559680
u0587,i261,4,1707559958
u0227,i413,4,1707560504
u0323,i357,3,1707560633
u1042,i540,5,1707560963
u0460,i291,5,1707560972
u1880,i399,5,1707561001
u1038,i550,5,1707562917
u1625,i092,4,1707563770
u1746,i016,5,1707563899
u0478,i183,5,1707564132
u1613,i509,4,1707564862
u0004,i393,3,1707565146
u0027,i113,4,1707565192
u0186,i108,4,1707565193
u0225,i372,4,1707565485
u1334,i344,1,1707565806
u1857,i419,5,1707566719
u1393,i323,1,1707566896
u1478,i528,4,1707567239
u1570,i373,5,1707567372
u1264,i502,4,1707567739
u1292,i594,4,1707568942
u1521,i333,1,1707568960
u1969,i325,4,1707569127
u0611,i593,5,1707569935
u1482,i097,3,1707569938
u1405,i461,4,1707570365
u1615,i364,1,1707570959
u1628,i408,4,1707570997
u1963,i428,1,1707571032
u0242,i030,4,1707571473
u1006,i341,3,1707572259
u0593,i450,3,1707572584
u0776,i255,3,1707573369
u1491,i233,5,1707574367
u0790,i081,4,1707574466
u1366,i083,4,1707574697
u1879,i013,3,1707574704
u1808,i014,1,1707575061
u0758,i554,4,1707575111
u1725,i057,4,1707575464
u0947,i006,4,1707575896
u1140,i268,5,1707576053
u0268,i532,5,1707576755
u0049,i265,4,1707576933
u1283,i331,4,1707577478
u0687,i252,5,1707579331
u0967,i149,5,1707579665
u0685,i089,4,1707579725
u0943,i261,5,1707580329
u1843,i560,2,1707581245
u0293,i034,4,1707581975
u1531,i363,5,1707582015
u1220,i255,1,1707582208
u1655,i168,3,1707582402
u1532,i013,5,1707582872
u0967,i007,5,1707583185
u1617,i069,5,1707583290
u0574,i333,4,1707583550
u1345,i513,4,1707583710
u0459,i564,5,1707584454
u0807,i529,5,1707584643
u0690,i346,4,1707585158
u1738,i275,4,1707585311
u1353,i361,5,1707585748
u1285,i568,4,1707586045
u0100,i264,5,1707586286
u0070,i295,5,1707586824
u0586,i332,5,1707586889
u1805,i459,5,1707586922
u1510,i047,4,1707587347
u1791,i113,4,1707588461
u0829,i480,4,1707588531
u1950,i131,4,1707589046
u1794,i480,5,1707589931
u1866,i402,4,1707589984
u1915,i037,5,1707590987
u0207,i140,5,1707591397
u1720,i566,5,1707591526
u1727,i333,2,1707591684
u0409,i447,2,1707594068
u1872,i217,5,1707594427
u0191,i461,5,1707594666
u0889,i219,5,1707595023
u1142,i424,4,1707595182
u0622,i571,4,1707595315
u1833,i282,3,1707595347
u1623,i093,4,1707596930
u1835,i367,4,1707597873
u0743,i568,5,1707598345
u1316,i248,5,1707598616
u0321,i140,4,1707598734
u0411,i589,4,1707599428
u0744,i300,4,1707599608
u1917,i254,5,1707600491
u1681,i491,5,1707600622
u0660,i256,5,1707600778
u1963,i117,4,1707601626
u0124,i518,5,1707602188
u0625,i471,5,1707602678
u1764,i299,5,1707603108
u1867,i568,5,1707603483
u1234,i349,4,1707603697
u1458,i334,4,1707604347
u0896,i482,2,1707604538
u0916,i423,4,1707604810
u1247,i015,5,1707604863
u0522,i480,3,1707605006
u1960,i568,4,1707605055
u1039,i194,4,1707605821
u0924,i266,5,1707605951
u1613,i023,5,1707606825
u0688,i014,5,1707609333
u0792,i100,4,1707610519
u0622,i318,5,1707610602
u1530,i363,4,1707610965
u0651,i486,1,1707611446
u0543,i526,4,1707611591
u1304,i243,2,1707612863
u1001,i415,4,1707612865
u1205,i368,4,1707614387
u0861,i477,2,1707616034
u0844,i526,4,1707616249
u0032,i484,4,1707617421
u0431,i363,5,1707617594
u0898,i380,4,1707618149
u0355,i497,4,1707618871
u1506,i268,1,1707619836
u1754,i566,5,1707620596
u0084,i113,5,1707621289
u1272,i243,5,1707621741
u1596,i254,3,1707622341
u0337,i254,1,1707622539
u1161,i427,4,1707622703
u0437,i245,5,1707622798
u0505,i568,4,1707624418
u0817,i204,5,1707624744
u1796,i352,4,1707625596
u0863,i512,4,1707625632
u1387,i507,3,1707626015
u1783,i525,5,1707626109
u1798,i570,4,1707626324
u0219,i261,4,1707627214
u1542,i172,5,1707627606
u1234,i146,5,1707628031
u1442,i372,5,1707629034
u1935,i005,5,1707629139
u1651,i106,4,1707629248
u0791,i282,4,1707629509
u1779,i039,5,1707629553
u0363,i256,5,1707630635
u1644,i599,5,1707630923
u1551,i516,4,1707631579
u1514,i493,4,1707631693
u1663,i273,5,1707631712
u0771,i149,5,1707631888
u0343,i592,3,1707632018
u0521,i006,4,1707632776
u1208,i245,5,1707633039
u0324,i211,4,1707633274
u0494,i558,5,1707633401
u0308,i520,4,1707633928
u1006,i291,5,1707634604
u1655,i093,4,1707634672
u0503,i363,5,1707635491
u1608,i316,5,1707635809
u0568,i093,4,1707636301
u0757,i135,5,1707636337
u0509,i570,4,1707638174
u0409,i521,4,1707638337
u0712,i160,3,1707638337
u0496,i532,2,1707638550
u0367,i552,4,1707638561
u0529,i118,4,1707638739
u0700,i467,4,1707638887
u1982,i292,3,1707640231
u0501,i466,4,1707640477
u1015,i363,1,1707640589
u0607,i014,4,1707641000
u0706,i091,5,1707641073
u1521,i343,5,1707641199
u0962,i237,5,1707642059
u0554,i518,5,1707642359
u0866,i167,4,1707642803
u1232,i055,5,1707643268
u1785,i125,5,1707643631
u0957,i460,4,1707643637
u1422,i056,4,1707644208
u1300,i074,2,1707644294
u1229,i363,4,1707644374
u1964,i027,5,1707644635
u0185,i340,4,1707644929
u1632,i015,5,1707645109
u1100,i323,4,1707645585
u1657,i363,5,1707645700
u0991,i152,5,1707646598
u0414,i138,5,1707647418
u1795,i189,3,1707647440
u1348,i355,4,1707647481
u0661,i120,4,1707647736
u0747,i363,1,1707647741
u1759,i292,5,1707647804
u0558,i129,4,1707648251
u0464,i256,1,1707648568
u1709,i316,4,1707648752
u0980,i270,2,1707649461
u0681,i529,1,1707650282
u0942,i014,4,1707651381
u1790,i447,4,1707651750
u1906,i133,5,1707652077
u0562,i580,4,1707652489
u0200,i377,1,1707652831
u0717,i282,5,1707652952
u1080,i586,2,1707653397
u1140,i425,4,1707654129
u0391,i420,2,1707656696
u0987,i378,4,1707657597
u1648,i117,2,1707657632
u0537,i007,4,1707657639
u0975,i104,4,1707657714
u0026,i291,5,1707657962
u0105,i354,4,1707658859
u0454,i102,4,1707658937
u0856,i405,1,1707659246
u0859,i268,5,1707659335
u1205,i428,3,1707660358
u1564,i490,4,1707660413
u0788,i255,5,1707660459
u1103,i204,5,1707662504
u0113,i083,5,1707662708
u1680,i069,2,1707663494
u0355,i015,4,1707664302
u0179,i057,4,1707664751
u1367,i237,5,1707664917
u0501,i056,1,1707665274
u1874,i363,5,1707666779
u1170,i484,4,1707666781
u0390,i012,4,1707666949
u1498,i575,4,1707667486
u1521,i305,5,1707669193
u0414,i582,5,1707670203
u0902,i470,4,1707670361
u0571,i363,3,1707670596
u0834,i357,5,1707670599
u1170,i243,1,1707671722
u0627,i507,3,1707672198
u1719,i099,5,1707673266
u0497,i524,2,1707673728
u1232,i310,5,1707674058
u0603,i254,4,1707674802
u1111,i591,5,1707675996
u1963,i420,2,1707676089
u1099,i370,5,1707676253
u0406,i458,4,1707676452
u1712,i227,2,1707676530
u0229,i595,5,1707676751
u0991,i107,5,1707677924
u0492,i077,4,1707680580
u0565,i425,5,1707680770
u1096,i541,5,1707681072
u1119,i256,5,1707681586
u0511,i134,4,1707681659
u1925,i256,4,1707681945
u1736,i417,4,1707682056
u0024,i470,5,1707682198
u0694,i507,4,1707682975
u0658,i013,2,1707683351
u0571,i286,4,1707683425
u0760,i160,4,1707684430
u0661,i092,4,1707684963
u1489,i323,5,1707684988
u1662,i461,5,1707686054
u0361,i267,4,1707687086
u1378,i363,4,1707687507
u1789,i314,5,1707687899
u0223,i479,4,1707688147
u1955,i133,4,1707688368
u1628,i504,2,1707688663
u1384,i285,5,1707688687
u0268,i551,4,1707689071
u0612,i489,5,1707689235
u1925,i193,5,1707689324
u0103,i439,5,1707689952
u0179,i357,4,1707690615
u0616,i597,4,1707691244
u1409,i370,4,1707691454
u1783,i526,3,1707691529
u1924,i140,1,1707692214
u0549,i334,1,1707692714
u1078,i477,3,1707693098
u0250,i415,4,1707693434
u0989,i040,5,1707693564
u1146,i155,4,1707694000
u0561,i243,3,1707694340
u0486,i460,4,1707694507
u1732,i373,4,1707694923
u1445,i118,5,1707695491
u1842,i107,3,1707695493
u0105,i495,5,1707695607
u1061,i490,4,1707695926
u0531,i183,5,1707696057
u0274,i283,5,1707696716
u1412,i019,5,1707696900
u1530,i044,5,1707697046
u0067,i428,4,1707697138
u0737,i113,5,1707697618
u0198,i460,4,1707697997
u0185,i333,2,1707698950
u0423,i357,5,1707699502
u1307,i578,4,1707699539
u0657,i205,2,1707699701
u1403,i483,5,1707700258
u0110,i150,5,1707700834
u0578,i251,5,1707701107
u0002,i265,4,1707702836
u1033,i211,4,1707703561
u0166,i113,3,1707703995
u1515,i367,4,1707705523
u0860,i527,4,1707706283
u1234,i135,5,1707707037
u1463,i091,5,1707707060
u1496,i201,5,1707708260
u1182,i535,4,1707708380
u1227,i595,4,1707708647
u1206,i539,4,1707708736
u1015,i089,4,1707708809
u0639,i377,5,1707709104
u1251,i062,4,1707709879
u1320,i553,4,1707709991
u1715,i140,5,1707710045
u1825,i484,5,1707710141
u1963,i176,5,1707710617
u1686,i504,3,1707711108
u1017,i384,5,1707711325
u1907,i471,4,1707711583
u1660,i245,4,1707711982
u1462,i383,5,1707711997
u1354,i129,2,1707712016
u0357,i203,5,1707712121
u1493,i009,4,1707712195
u0807,i008,2,1707712330
u1020,i063,5,1707713040
u0069,i122,4,1707713280
u1721,i446,5,1707714122
u0926,i361,5,1707714298
u0812,i113,5,1707714839
u0531,i291,4,1707714885
u1285,i155,4,1707715076
u0366,i048,1,1707716325
u0669,i019,4,1707716482
u0805,i287,3,1707716592
u0697,i034,4,1707717161
u0699,i472,5,1707717779
u1154,i097,4,1707718526
u1832,i521,5,1707720258
u1206,i221,5,1707720843
u0041,i481,4,1707722280
u1706,i116,2,1707722981
u1238,i564,5,1707723142
u1319,i562,4,1707723315
u0781,i167,5,1707723553
u0980,i021,4,1707723816
u1231,i507,1,1707725065
u0414,i400,3,1707725634
u1160,i385,4,1707725891
u1647,i143,5,1707726313
u0328,i021,5,1707726352
u1790,i364,4,1707726739
u1189,i023,5,1707726897
u0845,i555,4,1707726920
u0697,i333,1,1707727287
u1473,i408,1,1707727965
u0183,i504,4,1707728043
u1959,i254,1,1707728183
u1697,i541,5,1707728484
u0504,i508,5,1707728488
u0063,i145,4,1707728588
u0397,i568,4,1707729302
u0956,i115,5,1707729556
u0951,i227,3,1707729578
u1254,i431,4,1707729740
u1954,i352,4,1707730535
u0077,i526,3,1707730583
u1769,i265,2,1707731796
u1153,i060,1,1707733431
u1715,i419,5,1707733572
u0528,i075,4,1707734441
u1868,i417,4,1707734776
u1701,i097,1,1707734783
u0127,i511,4,1707734835
u1219,i074,4,1707735078
u1556,i097,4,1707737031
u0942,i092,5,1707737055
u0012,i062,5,1707737311
u0843,i146,4,1707737848
u0358,i282,5,1707738179
u0876,i524,5,1707738642
u0633,i243,4,1707739174
u0579,i075,4,1707739728
u1710,i048,5,1707739736
u1083,i124,4,1707739822
u1267,i523,4,1707742153
u1014,i178,5,1707742206
u1289,i424,4,1707742562
u0892,i411,1,1707742571
u0109,i335,4,1707742771
u0671,i400,4,1707742855
u0750,i424,5,1707743737
u0977,i312,4,1707744052
u0924,i529,4,1707744216
u1286,i419,5,1707745275
u0341,i506,5,1707745437
u1014,i526,1,1707745642
u1875,i218,4,1707746841
u1007,i398,5,1707746996
u1102,i074,5,1707747269
u1443,i013,4,1707747974
u0756,i334,4,1707748000
u1093,i526,2,1707748927
u0932,i243,4,1707749071
u1868,i363,5,1707750246
u1206,i340,4,1707750848
u1491,i078,1,1707751597
u0577,i473,4,1707752748
u0338,i575,4,1707753254
u0308,i016,4,1707753437
u0034,i187,4,1707753583
u0999,i015,5,1707753971
u0853,i113,2,1707754097
u0826,i586,5,1707755545
u0126,i237,5,1707755705
u0846,i060,2,1707755986
u1360,i108,4,1707756971
u0115,i074,5,1707756986
u1298,i255,5,1707757715
u0820,i163,2,1707758122
u0141,i076,2,1707759729
u0754,i227,3,1707759812
u1380,i220,4,1707759941
u1408,i314,4,1707760504
u1538,i585,5,1707760879
u0423,i487,4,1707761288
u0959,i054,5,1707761419
u0131,i252,4,1707761794
u1919,i539,4,1707761869
u0309,i243,4,1707762434
u1285,i055,4,1707763765
u0667,i261,3,1707765563
u1530,i087,5,1707766854
u1490,i564,5,1707767201
u1537,i236,5,1707767959
u0813,i243,3,1707768148
u0785,i363,5,1707768399
u1183,i291,5,1707768793
u0721,i261,4,1707769089
u0887,i256,5,1707769793
u0998,i461,4,1707770580
u1808,i023,4,1707770811
u0344,i419,2,1707771033
u1297,i390,5,1707771232
u1681,i237,5,1707772246
u1384,i136,5,1707772432
u1646,i595,5,1707772528
u1114,i559,4,1707772814
u0761,i500,5,1707773419
u1866,i491,4,1707773720
u0545,i097,4,1707774661
u0388,i181,4,1707775092
u0761,i124,2,1707775198
u0602,i490,1,1707776437
u0639,i259,4,1707777510
u1478,i283,2,1707778300
u1618,i317,4,1707778517
u1142,i428,5,1707778563
u1698,i207,4,1707778654
u0386,i288,5,1707779359
u0525,i273,2,1707779889
u0922,i118,4,1707780032
u0866,i564,3,1707780186
u1463,i078,4,1707780521
u1583,i130,3,1707780683
u1758,i115,4,1707781090
u0849,i464,5,1707781288
u1764,i547,4,1707781302
u0570,i546,4,1707781972
u0532,i194,5,1707782738
u1224,i588,4,1707782953
u1225,i529,5,1707783099
u0494,i271,1,1707783505
u1037,i005,4,1707783558
u0560,i056,4,1707783622
u1787,i237,5,1707783635
u1647,i572,5,1707783893
u0516,i334,4,1707784297
u0302,i170,5,1707784944
u1233,i026,1,1707785520
u1924,i407,4,1707785747
u1411,i089,4,1707785778
u0073,i237,4,1707786720
u0201,i529,5,1707787225
u1251,i080,2,1707787305
u0391,i363,4,1707787337
u1298,i426,5,1707787714
u0701,i543,4,1707788089
u1126,i222,5,1707788339
u0694,i159,5,1707788495
u0304,i568,5,1707788611
u0174,i555,5,1707788811
u0098,i003,1,1707789829
u1740,i574,2,1707790125
u1873,i080,4,1707790688
u1919,i066,2,1707791482
u0476,i118,5,1707791520
u0252,i048,4,1707792339
u1628,i113,4,1707792452
u0320,i521,5,1707792726
u0257,i347,4,1707793786
u0515,i595,2,1707793946
u0334,i021,4,1707794251
u0478,i273,5,1707794661
u1290,i333,1,1707794698
u1098,i381,4,1707795367
u1502,i013,4,1707795529
u1266,i333,4,1707795694
u0781,i268,1,1707798088
u0601,i256,4,1707798624
u1284,i363,5,1707798777
u1122,i117,4,1707798872
u0825,i162,4,1707799186
u1712,i040,4,1707799374
u0605,i351,5,1707799799
u1981,i065,4,1707800128
u0417,i152,5,1707800444
u0954,i493,4,1707800515
u0083,i516,4,1707800561
u1276,i092,5,1707800792
u0188,i143,4,1707801038
u1081,i291,2,1707801581
u0836,i214,5,1707801901
u1769,i023,1,1707802191
u0721,i070,4,1707802328
u0155,i333,4,1707803481
u1262,i273,4,1707803738
u1978,i578,4,1707804631
u0710,i507,2,1707805529
u0041,i208,4,1707805753
u1791,i422,5,1707805897
u0910,i361,5,1707805985
u1809,i357,2,1707806359
u1806,i048,2,1707807144
u0147,i022,2,1707807207
u1375,i024,5,1707807326
u1029,i051,5,1707807651
u1396,i115,5,1707807803
u0268,i335,5,1707808970
u1547,i449,5,1707809285
u0970,i419,4,1707809566
u0567,i261,4,1707810042
u1620,i285,4,1707811164
u1037,i363,4,1707811265
u1363,i390,5,1707811411
u1438,i434,4,1707811740
u0768,i551,5,1707811966
u0736,i508,4,1707812639
u1522,i593,2,1707813228
u1124,i243,2,1707813288
u1665,i480,5,1707814290
u1337,i268,5,1707814815
u1515,i498,4,1707814931
u0367,i374,5,1707815376
u1096,i298,4,1707815488
u0234,i205,1,1707816175
u0287,i243,3,1707816334
u0815,i276,5,1707816484
u1718,i521,4,1707817244
u0721,i568,5,1707817551
u0659,i523,4,1707818391
u0689,i223,4,1707818787
u0459,i069,5,1707819036
u1710,i245,2,1707819298
u1719,i162,4,1707819599
u1581,i526,1,1707819797
u1572,i286,4,1707820003
u1597,i453,2,1707820534
u0689,i068,4,1707820570
u1422,i333,3,1707821267
u0820,i034,4,1707821534
u1898,i239,1,1707821555
u1073,i239,5,1707821701
u1495,i334,5,1707821785
u1375,i378,4,1707822162
u1682,i378,5,1707822481
u0132,i082,1,1707822664
u1674,i108,4,1707823119
u1200,i334,5,1707823863
u1395,i401,3,1707824711
u1341,i108,4,1707824860
u0575,i037,1,1707824985
u1557,i424,4,1707826002
u1764,i082,4,1707826658
u1646,i055,3,1707826725
u0469,i507,5,1707826931
u1884,i449,5,1707827050
u0833,i568,3,1707827504
u0657,i297,4,1707827538
u0011,i530,4,1707827877
u1356,i463,5,1707827982
u1676,i569,5,1707828713
u1340,i117,1,1707829385
u1562,i423,5,1707830351
u0217,i499,1,1707830444
u0830,i293,4,1707831242
u0493,i333,3,1707831776
u0069,i175,4,1707831832
u1532,i577,1,1707832745
u1480,i259,4,1707832772
u0540,i327,4,1707833578
u0977,i550,5,1707833751
u1698,i387,5,1707834077
u0338,i148,5,1707834795
u0786,i465,5,1707835402
u1030,i577,5,1707835730
u0227,i523,4,1707836074
u1760,i015,4,1707836442
u0880,i015,5,1707836491
u0542,i353,1,1707837766
u1647,i448,5,1707838912
u0526,i030,4,1707839224
u0987,i364,4,1707840576
u0984,i200,5,1707840636
u0018,i204,5,1707842048
u0604,i023,5,1707842345
u0874,i126,4,1707843094
u1473,i595,2,1707843139
u0880,i413,4,1707843289
u1967,i097,1,1707843354
u1022,i509,4,1707843673
u0979,i417,5,1707843760
u0121,i395,5,1707844088
u0613,i335,1,1707844305
u0431,i433,4,1707844332
u0313,i291,5,1707845326
u1183,i151,3,1707845444
u0309,i058,3,1707846844
u1925,i319,5,1707847041
u1294,i293,4,1707847549
u1760,i243,1,1707847669
u0635,i113,5,1707848732
u0623,i291,5,1707848987
u0228,i541,4,1707849087
u0183,i214,5,1707849639
u0914,i315,5,1707849641
u0620,i025,5,1707849742
u0730,i219,3,1707850539
u0952,i230,4,1707851341
u0036,i039,4,1707851709
u1246,i099,5,1707851995
u0083,i454,2,1707852022
u1110,i034,4,1707852370
u1091,i097,5,1707853286
u1843,i374,5,1707854557
u0049,i069,1,1707854998
u0742,i595,4,1707855314
u1280,i013,1,1707856837
u1060,i412,5,1707857223
u1736,i492,4,1707857693
u0467,i243,5,1707857789
u1647,i337,5,1707857984
u1906,i106,2,1707858140
u0104,i013,3,1707858145
u1453,i575,5,1707860224
u0183,i550,5,1707860330
u0995,i428,4,1707860562
u0940,i529,4,1707861078
u0934,i461,5,1707861246
u1527,i213,4,1707861292
u0916,i313,5,1707861613
u1625,i334,5,1707862088
u0088,i018,4,1707862668
u0696,i048,5,1707862790
u1369,i006,4,1707863734
u0705,i550,4,1707863759
u0004,i377,4,1707863995
u0830,i373,5,1707864060
u0501,i363,1,1707864741
u1005,i454,2,1707865130
u1164,i361,4,1707866308
u0764,i091,5,1707867238
u1477,i417,4,1707867405
u0864,i291,1,1707867531
u1995,i357,4,1707868710
u1967,i334,4,1707869896
u1346,i060,5,1707869974
u1643,i261,5,1707870025
u0005,i529,5,1707870658
u0994,i403,5,1707871220
u0838,i149,5,1707871585
u1711,i299,5,1707871781
u0491,i504,5,1707872848
u0134,i068,5,1707873542
u0291,i205,4,1707873731
u1435,i357,5,1707874039
u1996,i491,4,1707874796
u1435,i036,5,1707875068
u0003,i372,5,1707877708
u0591,i219,1,1707877925
u1262,i360,4,1707878316
u0324,i288,4,1707878422
u1915,i103,5,1707878650
u1667,i268,3,1707878827
u0244,i013,2,1707879183
u0368,i334,1,1707879260
u1660,i236,4,1707879355
u0108,i461,5,1707879526
u1187,i568,5,1707880629
u1851,i428,5,1707882070
u0520,i089,1,1707882223
u0661,i341,4,1707882294
u1716,i454,5,1707882313
u0811,i341,5,1707882679
u0024,i022,5,1707882684
u1114,i015,5,1707882833
u0329,i525,4,1707883283
u0800,i268,1,1707883960
u0229,i150,5,1707884238
u0955,i244,3,1707884239
u1686,i507,4,1707884816
u1579,i524,5,1707885528
u0198,i361,3,1707885570
u0069,i565,3,1707885747
u1388,i296,4,1707885818
u1166,i112,4,1707886905
u1975,i071,4,1707887056
u1666,i512,5,1707887216
u0968,i149,5,1707888058
u0388,i454,5,1707888531
u1210,i268,5,1707888650
u0698,i365,3,1707888698
u0753,i519,4,1707888726
u0500,i215,5,1707889183
u0981,i055,1,1707889513
u1154,i558,4,1707889564
u0944,i059,5,1707890203
u0285,i291,4,1707890306
u1032,i554,4,1707890367
u1892,i303,4,1707890387
u1829,i213,4,1707891216
u0319,i461,5,1707891698
u0331,i113,1,1707892739
u0859,i526,1,1707892748
u0745,i333,3,1707892940
u1065,i309,5,1707893235
u1441,i469,5,1707893916
u0080,i140,4,1707894231
u1761,i135,5,1707895541
u0700,i361,5,1707895793
u1222,i492,5,1707895877
u1210,i375,4,1707895910
u1628,i209,4,1707898449
u0409,i584,4,1707898535
u0441,i568,3,1707899083
u0506,i334,5,1707899221
u0719,i595,4,1707900575
u1158,i092,4,1707901367
u0254,i449,4,1707902622
u0037,i506,5,1707902862
u1211,i473,5,1707902994
u0462,i016,5,1707903086
u0559,i256,4,1707904091
u0549,i519,5,1707904141
u1819,i268,1,1707904209
u0635,i221,5,1707904426
u0604,i060,4,1707904440
u1291,i173,1,1707904702
u1295,i291,2,1707905085
u1516,i133,4,1707905267
u1378,i017,5,1707906878
u0432,i470,4,1707906891
u0098,i525,5,1707907019
u0053,i243,3,1707907135
u0276,i080,1,1707907355
u1533,i243,4,1707907394
u1363,i212,4,1707907578
u1287,i244,4,1707909757
u1052,i429,5,1707909758
u0519,i535,5,1707910289
u0066,i013,5,1707910353
u0317,i239,5,1707910463
u0613,i519,1,1707910533
u0882,i482,5,1707912178
u0116,i140,2,1707912678
u0864,i084,4,1707912951
u0059,i215,2,1707913871
u1359,i291,4,1707915453
u0713,i568,3,1707915495
u1273,i293,4,1707915669
u1546,i417,5,1707916198
u1831,i550,4,1707916399
u1964,i243,2,1707917738
u1288,i333,4,1707918219
u0358,i575,4,1707918429
u1550,i122,5,1707918576
u1825,i229,3,1707919301
u1719,i510,4,1707919582
u1875,i582,5,1707919634
u1206,i465,4,1707919656
u0570,i505,5,1707919819
u1238,i551,5,1707920301
u0252,i237,4,1707920519
u0358,i100,2,1707921263
u0227,i457,5,1707921832
u0245,i004,4,1707922711
u1358,i334,5,1707923009
u0118,i575,1,1707923302
u1815,i104,4,1707924153
u1176,i122,3,1707924459
u1583,i271,4,1707926205
u1358,i492,3,1707926575
u0063,i216,5,1707926657
u1809,i245,2,1707926690
u1015,i564,4,1707927651
u1834,i268,2,1707928389
u0703,i250,5,1707928780
u1720,i364,3,1707928784
u0325,i382,5,1707928837
u1670,i470,5,1707929071
u0707,i404,5,1707929161
u1845,i039,1,1707929489
u1248,i384,5,1707930369
u0324,i156,1,1707930469
u0942,i334,4,1707930579
u0324,i189,5,1707930690
u1151,i005,2,1707930760
u0583,i380,3,1707931791
u0208,i384,4,1707932175
u1114,i005,4,1707933870
u0899,i500,1,1707934317
u1931,i333,4,1707935479
u0313,i254,4,1707936062
u0687,i294,5,1707936810
u1591,i499,5,1707937102
u1623,i553,4,1707937406
u0272,i092,4,1707937411
u0325,i227,4,1707937566
u1680,i517,5,1707938005
u0129,i261,5,1707938677
u0291,i048,4,1707939513
u0063,i595,5,1707939685
u0227,i239,4,1707939793
u1922,i007,4,1707941307
u0436,i113,4,1707941484
u0369,i461,5,1707942090
u0156,i269,4,1707942228
u1902,i117,5,1707942596
u1863,i198,4,1707943053
u1308,i291,5,1707944006
u0804,i194,5,1707944912
u0722,i074,1,1707945968
u0634,i468,4,1707946153
u1788,i536,4,1707946552
u1539,i261,4,1707946836
u1404,i424,4,1707947001
u1684,i540,5,1707947144
u0497,i431,4,1707948141
u0856,i505,5,1707948333
u0391,i417,5,1707948538
u1911,i393,4,1707949651
u0135,i268,1,1707949774
u1596,i093,4,1707949841
u1649,i211,4,1707951178
u0021,i113,1,1707951730
u0285,i356,4,1707952064
u0656,i064,4,1707952264
u1738,i173,5,1707952955
u1478,i595,4,1707953770
u0006,i519,4,1707955460
u0246,i456,4,1707955756
u1208,i570,4,1707956108
u1257,i130,4,1707957158
u1335,i268,4,1707957830
u1059,i256,5,1707958631
u0368,i471,5,1707958705
u1813,i470,5,1707958853
u1051,i286,4,1707959044
u1913,i093,5,1707960442
u0716,i103,4,1707961796
u1917,i456,4,1707962653
u0957,i529,3,1707962890
u0448,i327,4,1707963488
u0483,i481,5,1707964654
u1474,i210,4,1707965070
u1058,i268,1,1707965085
u0838,i381,4,1707965119
u0938,i566,4,1707965499
u0664,i579,2,1707965829
u0557,i002,3,1707966161
u0501,i019,4,1707967874
u0438,i368,4,1707968098
u1121,i243,3,1707968481
u0178,i594,5,1707968872
u1305,i407,4,1707968962
u0940,i296,4,1707969501
u1618,i379,4,1707969660
u0434,i211,4,1707969771
u1582,i446,4,1707970482
u1905,i016,5,1707971015
u0604,i529,2,1707972173
u0684,i273,4,1707972647
u1568,i464,5,1707973753
u0954,i564,1,1707973906
u1537,i365,1,1707974801
u1736,i419,3,1707974987
u0022,i297,5,1707975228
u0796,i211,5,1707975695
u1826,i117,5,1707976460
u1524,i157,5,1707976728
u1411,i447,4,1707976831
u0981,i267,5,1707977561
u1273,i391,3,1707977826
u0452,i529,5,1707978033
u1524,i031,4,1707978615
u1436,i228,1,1707979320
u0784,i106,3,1707979655
u0465,i577,3,1707980016
u1119,i241,5,1707980896
u1146,i291,5,1707980952
u0363,i556,5,1707981029
u0939,i327,1,1707981577
u0521,i523,5,1707982424
u1100,i333,3,1707982555
u0502,i106,4,1707982644
u0257,i384,4,1707984289
u0624,i521,1,1707985274
u1807,i268,5,1707985508
u0251,i115,5,1707985556
u0845,i243,5,1707985667
u1273,i241,5,1707986100
u1084,i167,1,1707986275
u1818,i146,4,1707986684
u1538,i559,4,1707986778
u0113,i261,4,1707987277
u0838,i016,5,1707987819
u1790,i243,4,1707987961
u1994,i089,1,1707988554
u0332,i349,5,1707988702
u0876,i441,5,1707988986
u1385,i530,5,1707989575
u0298,i449,4,1707990043
u0761,i504,5,1707990079
u1016,i411,1,1707990224
u1848,i368,4,1707990593
u0767,i595,4,1707991961
u0066,i268,4,1707992310
u0764,i146,1,1707993120
u0398,i411,4,1707993185
u1032,i194,4,1707994564
u0062,i424,5,1707995208
u1077,i363,4,1707995296
u1922,i161,4,1707995434
u0813,i476,5,1707996111
u1707,i417,1,1707996684
u0970,i425,5,1707996788
u1975,i372,4,1707997413
u0219,i137,5,1707997484
u1666,i297,4,1707997696
u0847,i402,4,1707998344
u0507,i386,4,1707999043
u0807,i007,5,1707999793
u0512,i368,4,1708000725
u1164,i276,5,1708000943
u1185,i377,5,1708001784
u1733,i193,4,1708002062
u0804,i243,4,1708002305
u0251,i268,3,1708002458
u0970,i197,4,1708003112
u1031,i013,4,1708003234
u1617,i100,4,1708003545
u0592,i415,5,1708004424
u1091,i297,5,1708004507
u1976,i175,5,1708004711
u1146,i273,5,1708005709
u0949,i117,5,1708005954
u1729,i472,4,1708006728
u0540,i135,5,1708006805
u1688,i016,4,1708006962
u1681,i061,5,1708006982
u1801,i470,4,1708007655
u1714,i535,5,1708008755
u1552,i091,4,1708009272
u0254,i275,4,1708009777
u1111,i484,5,1708010118
u0688,i372,2,1708010716
u0254,i108,5,1708010720
u0561,i548,4,1708011340
u0039,i219,1,1708011901
u1590,i333,4,1708011984
u1457,i333,3,1708012688
u1112,i009,4,1708013205
u0647,i108,5,1708013946
u1590,i098,5,1708013992
u0898,i279,4,1708014211
u0378,i464,4,1708014298
u1624,i320,4,1708014435
u1852,i595,4,1708015115
u0582,i202,4,1708015457
u0689,i480,4,1708018537
u1759,i454,4,1708018574
u1564,i364,3,1708019033
u1238,i364,5,1708019098
u1935,i595,5,1708019183
u1722,i358,4,1708019310
u1732,i352,4,1708019417
u0818,i062,5,1708019711
u0770,i575,4,1708020243
u0716,i172,5,1708020646
u1151,i172,4,1708023228
u0845,i564,4,1708024536
u1059,i373,4,1708025165
u1712,i334,5,1708025239
u0228,i037,4,1708027182
u0754,i241,4,1708028100
u0966,i145,4,1708028405
u1539,i227,5,1708028710
u1628,i492,4,1708029008
u0505,i291,4,1708029016
u0529,i237,5,1708029054
u0080,i521,4,1708029374
u0864,i428,5,1708029546
u1165,i055,2,1708029647
u0450,i333,4,1708029771
u1987,i572,5,1708030203
u0288,i197,4,1708030686
u0564,i022,4,1708031987
u1489,i593,5,1708032800
u0180,i425,4,1708033644
u0031,i016,5,1708034113
u1437,i134,5,1708034663
u1799,i347,2,1708035476
u0841,i369,4,1708035732
u0219,i291,4,1708036960
u1544,i043,5,1708037226
u0197,i308,4,1708037664
u0491,i431,5,1708038008
u0234,i013,4,1708038625
u1404,i507,5,1708038659
u0479,i082,4,1708038715
u1659,i484,2,1708038731
u0072,i507,4,1708038789
u1095,i195,5,1708038923
u1372,i220,4,1708039380
u1903,i087,4,1708039380
u1249,i221,2,1708039862
u0190,i048,5,1708041289
u1564,i213,4,1708041404
u0519,i322,5,1708041872
u1697,i387,5,1708042640
u0098,i131,5,1708042746
u1148,i268,1,1708042935
u1041,i334,1,1708043615
u0027,i340,5,1708044230
u1536,i011,4,1708044286
u0633,i381,3,1708044569
u1411,i304,4,1708044636
u1222,i011,4,1708044922
u1434,i528,4,1708045317
u0149,i442,5,1708045324
u1388,i372,4,1708045390
u0541,i324,4,1708045643
u0000,i006,4,1708045995
u0408,i526,5,1708046080
u1033,i460,5,1708046717
u0200,i544,4,1708047941
u0863,i031,5,1708048285
u1866,i434,4,1708048314
u1547,i140,2,1708048694
u1555,i097,4,1708048709
u1794,i291,5,1708048978
u0943,i382,4,1708049416
u0595,i586,4,1708049742
u1145,i113,4,1708051364
u1591,i177,5,1708052103
u1165,i243,1,1708053445
u0868,i529,4,1708053867
u1102,i291,2,1708054142
u0459,i106,4,1708054278
u1691,i340,4,1708054614
u0264,i342,4,1708054876
u1878,i180,5,1708055561
u1336,i201,5,1708056359
u1608,i096,5,1708057743
u1443,i425,5,1708057999
u0973,i197,4,1708059101
u1900,i073,4,1708059156
u0569,i291,5,1708060518
u1055,i373,5,1708061328
u0479,i012,5,1708061647
u1534,i157,4,1708061731
u1083,i093,1,1708061913
u1174,i574,4,1708062126
u0622,i406,4,1708062326
u0961,i108,5,1708062413
u0770,i154,4,1708063583
u0541,i100,3,1708064130
u1219,i114,5,1708064642
u0815,i286,4,1708064653
u0525,i008,5,1708066420
u0291,i062,4,1708067275
u1104,i461,5,1708067350
u1344,i408,4,1708067568
u1310,i364,4,1708067938
u1583,i053,5,1708068687
u0589,i274,5,1708069418
u0040,i507,2,1708069424
u1567,i122,5,1708069523
u0747,i329,4,1708070026
u0045,i542,4,1708070084
u0246,i082,4,1708070567
u1491,i084,1,1708070953
u1112,i470,5,1708070981
u0228,i526,5,1708071013
u0387,i528,2,1708071916
u1655,i166,4,1708072082
u1101,i315,5,1708073766
u1510,i104,5,1708075130
u0212,i027,5,1708076043
u0266,i598,5,1708076154
u0944,i108,5,1708076282
u1956,i460,4,1708077167
u1478,i209,5,1708077607
u1718,i031,2,1708077781
u1022,i101,4,1708077934
u0249,i037,3,1708078300
u0095,i308,4,1708078590
u1918,i461,5,1708078862
u1527,i517,4,1708079093
u1197,i219,4,1708079119
u1796,i020,2,1708080213
u0633,i091,4,1708080217
u0462,i294,4,1708081268
u0925,i283,4,1708082415
u0961,i097,4,1708083004
u0651,i084,5,1708083060
u1789,i292,1,1708083388
u1635,i293,4,1708083731
u1608,i106,4,1708084128
u1394,i425,4,1708085215
u0256,i530,4,1708085398
u1101,i336,4,1708085562
u0935,i333,5,1708086254
u0931,i499,5,1708086593
u0123,i073,4,1708086602
u1484,i448,5,1708087013
u0611,i461,1,1708088118
u0216,i185,4,1708090601
u0265,i286,4,1708091458
u0186,i121,4,1708092174
u1786,i595,5,1708092875
u1019,i448,4,1708092908
u0573,i507,4,1708093046
u0067,i149,5,1708093226
u0219,i456,4,1708093430
u1674,i013,1,1708093604
u0602,i568,5,1708093748
u0454,i243,5,1708094492
u1657,i233,5,1708094738
u1537,i280,4,1708095068
u1511,i068,4,1708095167
u0386,i470,5,1708095728
u0336,i291,2,1708097439
u1533,i001,5,1708098103
u0000,i363,4,1708098694
u1826,i223,4,1708098732
u0979,i585,4,1708099876
u0379,i293,5,1708100819
u0883,i104,4,1708100925
u1384,i058,5,1708101191
u1231,i404,3,1708101261
u1112,i501,5,1708102257
u0437,i011,4,1708102331
u0356,i357,5,1708102953
u0722,i456,4,1708103539
u0988,i268,1,1708103765
u1075,i067,5,1708104508
u1498,i409,5,1708104595
u0084,i353,4,1708104758
u0726,i148,5,1708105592
u1209,i117,3,1708106435
u0797,i419,5,1708106577
u1315,i565,4,1708106809
u1799,i565,3,1708106971
u0716,i076,4,1708107386
u0524,i574,3,1708107665
u0378,i042,1,1708107759
u0786,i280,5,1708107768
u0391,i433,4,1708108748
u0968,i266,5,1708108946
u0811,i215,3,1708111416
u1594,i212,1,1708111505
u0146,i472,4,1708112798
u1173,i526,5,1708113065
u0339,i225,4,1708114258
u0245,i333,5,1708114386
u1211,i106,5,1708114666
u1189,i562,4,1708114713
u0455,i092,4,1708115259
u0263,i243,3,1708115734
u0638,i301,5,1708116095
u0590,i428,3,1708116719
u0142,i470,4,1708116920
u0279,i251,2,1708117369
u1298,i268,1,1708117961
u0899,i026,4,1708118346
u1802,i387,5,1708120239
u0570,i253,4,1708120836
u0927,i273,4,1708121023
u0596,i211,5,1708121392
u1000,i332,1,1708121552
u0971,i480,2,1708121907
u1737,i177,1,1708122500
u0857,i313,5,1708122517
u1828,i116,4,1708122597
u0780,i021,4,1708122815
u1438,i112,4,1708124015
u0855,i243,3,1708124341
u1119,i425,5,1708124371
u0444,i421,5,1708124464
u1899,i226,4,1708124492
u0556,i108,5,1708124596
u1821,i119,5,1708124676
u0170,i424,5,1708126077
u0413,i412,4,1708127096
u1835,i119,4,1708127227
u1158,i289,5,1708128254
u1899,i593,3,1708128408
u1629,i545,1,1708128646
u1492,i257,1,1708129444
u1521,i564,5,1708129474
u1890,i286,2,1708129498
u1867,i286,5,1708129971
u1490,i019,1,1708130185
u0952,i124,5,1708130639
u1905,i274,4,1708130766
u1414,i350,4,1708131073
u1361,i388,4,1708131488
u1131,i432,5,1708132147
u1574,i536,5,1708132698
u0872,i430,4,1708133408
u0981,i023,5,1708133877
u0173,i282,5,1708134584
u0865,i470,5,1708135149
u0539,i564,5,1708135271
u0793,i293,5,1708136270
u1151,i157,4,1708136800
u0108,i101,5,1708137366
u0291,i237,5,1708138033
u1700,i038,5,1708139143
u1590,i313,3,1708139430
u0145,i024,2,1708141558
u1235,i106,5,1708142760
u0725,i268,3,1708144341
u0365,i000,4,1708144569
u1203,i428,4,1708144583
u1476,i454,5,1708144666
u0905,i329,5,1708145697
u0020,i077,5,1708145751
u0036,i183,5,1708147638
u1420,i447,4,1708148012
u1986,i332,2,1708148743
u1819,i370,5,1708148893
u1974,i081,4,1708149019
u1388,i527,5,1708149127
u1657,i044,4,1708149262
u0762,i243,5,1708149706
u1962,i195,5,1708150972
u1397,i564,5,1708151303
u1433,i560,4,1708151788
u1448,i526,5,1708152553
u1433,i363,5,1708152795
u1226,i526,4,1708153681
u0036,i291,5,1708154906
u1986,i245,5,1708155092
u1859,i089,5,1708155559
u1998,i333,5,1708156858
u0183,i291,2,1708156869
u0155,i030,4,1708156927
u1747,i360,1,1708157217
u1684,i118,4,1708157818
u1517,i402,5,1708157927
u0796,i195,4,1708158026
u1446,i212,5,1708158720
u1298,i054,2,1708159109
u1439,i011,5,1708159490
u1101,i402,5,1708159904
u1373,i470,4,1708160282
u0189,i089,4,1708160698
u0256,i417,1,1708160769
u0891,i530,4,1708160835
u1476,i371,4,1708160924
u0469,i379,5,1708161330
u0598,i166,4,1708161350
u1462,i420,4,1708161713
u0895,i048,5,1708163753
u0279,i002,4,1708164318
u0369,i448,5,1708164966
u0783,i291,4,1708165136
u1075,i588,4,1708165836
u0272,i118,5,1708165886
u0093,i243,4,1708166778
u0513,i568,3,1708167142
u1995,i564,4,1708169278
u0818,i115,5,1708170225
u0102,i019,4,1708171090
u1295,i255,1,1708171655
u1562,i009,4,1708171997
u0376,i457,5,1708172447
u1132,i459,5,1708172503
u1692,i526,2,1708175619
u0119,i568,3,1708176934
u0595,i158,2,1708177132
u1506,i097,4,1708177893
u1320,i393,4,1708178608
u0022,i230,4,1708178626
u0687,i504,2,1708178829
u0987,i243,4,1708179453
u0828,i243,1,1708179518
u1739,i589,5,1708179789
u0602,i456,5,1708179969
u0883,i090,5,1708181786
u0073,i133,5,1708182144
u1405,i322,5,1708182564
u0765,i354,4,1708182618
u0298,i076,5,1708183019
u0353,i334,2,1708184038
u0459,i072,5,1708184434
u1515,i477,5,1708184721
u0428,i254,3,1708185158
u0799,i418,4,1708185612
u0170,i270,4,1708185752
u0379,i390,5,1708186917
u1013,i268,4,1708187878
u1244,i066,1,1708187898
u0494,i219,4,1708188561
u0062,i529,4,1708188741
u1656,i425,1,1708189342
u1077,i051,3,1708189514
u0764,i069,4,1708189614
u1432,i374,5,1708189727
u1850,i441,4,1708189983
u0044,i381,4,1708190876
u0435,i052,5,1708191359
u0495,i027,4,1708191464
u0796,i158,4,1708191866
u1503,i423,1,1708192066
u0510,i209,4,1708192789
u0564,i504,4,1708193356
u0605,i258,5,1708193731
u1773,i013,3,1708195003
u0835,i363,1,1708195261
u0330,i395,4,1708195405
u0160,i565,5,1708197089
u0872,i421,4,1708197498
u0693,i329,5,1708197764
u1340,i268,2,1708198497
u1816,i480,4,1708198974
u1907,i234,2,1708199030
u0714,i064,4,1708199441
u0795,i447,5,1708200405
u0468,i292,1,1708200473
u0636,i023,5,1708200597
u1990,i396,5,1708200850
u1070,i109,5,1708201374
u1831,i143,4,1708201916
u1376,i503,5,1708202784
u0630,i461,5,1708203274
u1883,i167,4,1708203293
u0308,i372,4,1708204283
u1135,i433,4,1708204723
u1722,i569,5,1708205194
u0804,i587,5,1708205299
u0815,i387,3,1708205473
u0409,i146,5,1708206440
u1542,i598,4,1708207031
u0549,i267,5,1708208649
u0294,i489,5,1708208655
u1882,i243,5,1708208868
u0518,i015,4,1708209360
u0662,i399,5,1708209506
u0874,i456,4,1708210699
u0039,i592,5,1708211641
u1471,i594,4,1708211963
u0355,i297,3,1708212608
u0596,i514,5,1708213344
u1065,i036,5,1708214376
u1842,i198,4,1708214431
u0608,i018,5,1708214667
u0013,i495,4,1708214793
u1599,i140,4,1708215063
u0219,i070,5,1708215118
u0141,i023,4,1708215937
u1567,i168,4,1708215991
u0718,i104,5,1708216183
u0521,i535,1,1708216814
u0472,i402,4,1708216912
u1656,i421,4,1708217150
u0301,i269,5,1708217661
u0509,i417,4,1708218056
u1462,i428,3,1708218179
u1610,i409,4,1708218523
u1255,i529,5,1708219579
u0816,i026,5,1708219681
u1353,i070,4,1708219767
u0593,i211,4,1708219770
u0732,i197,5,1708220237
u1960,i480,5,1708221971
u0187,i578,5,1708221994
u1488,i140,5,1708222070
u1406,i357,1,1708222729
u0893,i364,4,1708222888
u0554,i311,5,1708223022
u1976,i092,4,1708224020
u0690,i419,5,1708224043
u0473,i082,5,1708224398
u0024,i021,4,1708225831
u1565,i054,4,1708226385
u1852,i363,4,1708226862
u1359,i055,5,1708227265
u1583,i107,4,1708228572
u0343,i134,5,1708228603
u0250,i334,2,1708229753
u1956,i193,2,1708230362
u0421,i243,5,1708230722
u0695,i265,4,1708231507
u0859,i521,4,1708232002
u1354,i233,5,1708232058
u0081,i241,2,1708232156
u0095,i289,3,1708232947
u1148,i568,5,1708233632
u0796,i060,4,1708234094
u0780,i337,4,1708234349
u0679,i099,2,1708235038
u1291,i268,1,1708235288
u0409,i256,4,1708235370
u0072,i226,1,1708235381
u0975,i268,4,1708235424
u1214,i140,4,1708235558
u0414,i003,4,1708235614
u0948,i545,4,1708236224
u1309,i497,5,1708237066
u0489,i558,4,1708238019
u1797,i357,4,1708238110
u1629,i066,5,1708238760
u1929,i291,3,1708241062
u0656,i117,4,1708241922
u0676,i243,4,1708241923
u0547,i010,5,1708243053
u1933,i215,5,1708244086
u0392,i015,5,1708244356
u0896,i419,5,1708244687
u1382,i268,1,1708244761
u0960,i122,5,1708244952
u1608,i354,5,1708245246
u0849,i220,2,1708245550
u1269,i135,4,1708245634
u0166,i234,4,1708245947
u1303,i117,1,1708245954
u0697,i145,4,1708246078
u1043,i306,5,1708246368
u0880,i196,5,1708246531
u0689,i264,4,1708246848
u1132,i507,3,1708246879
u0108,i172,1,1708247309
u1952,i117,4,1708247766
u0024,i386,5,1708248987
u1596,i105,5,1708249080
u0876,i261,4,1708249867
u0998,i377,5,1708250006
u1211,i554,4,1708251293
u0429,i013,5,1708251296
u1184,i501,5,1708252082
u1165,i425,4,1708252148
u0051,i293,4,1708252476
u0076,i511,4,1708253758
u1715,i454,4,1708253823
u0062,i084,4,1708254406
u1680,i097,5,1708254642
u0260,i143,4,1708254826
u0391,i117,2,1708255194
u1344,i274,3,1708255479
u1239,i526,5,1708256169
u1945,i352,5,1708258598
u0592,i518,5,1708258792
u1531,i233,4,1708259226
u1356,i089,5,1708259514
u1038,i214,5,1708259854
u0820,i440,5,1708261270
u1053,i340,4,1708261642
u0787,i595,4,1708261660
u0219,i218,5,1708261862
u1022,i303,2,1708262461
u0941,i088,4,1708262666
u1514,i504,2,1708263144
u0028,i516,1,1708263321
u0897,i013,4,1708263706
u0312,i490,4,1708264792
u1002,i152,4,1708264895
u1963,i291,5,1708264959
u1628,i523,4,1708265263
u0393,i033,2,1708265872
u1226,i080,5,1708266322
u1214,i268,4,1708266592
u1180,i529,4,1708266674
u0728,i521,2,1708267039
u1358,i152,5,1708267208
u1659,i388,5,1708267499
u0279,i175,2,1708267831
u0418,i047,5,1708268036
u0229,i145,5,1708268344
u0131,i377,3,1708269269
u0439,i597,5,1708269663
u0059,i357,3,1708270022
u0600,i257,3,1708270441
u1549,i461,5,1708270781
u0362,i504,4,1708271224
u1616,i357,5,1708272020
u1680,i108,4,1708272358
u1708,i009,5,1708273532
u0977,i352,2,1708274725
u0830,i013,4,1708275543
u0506,i555,2,1708276677
u1217,i092,5,1708276884
u1461,i363,4,1708278017
u0509,i113,4,1708279414
u1233,i464,4,1708279435
u0617,i039,5,1708280769
u0635,i243,3,1708281746
u1132,i162,5,1708281853
u1879,i352,1,1708281904
u1972,i290,5,1708282473
u0125,i062,4,1708282785
u1603,i401,5,1708283460
u1095,i337,5,1708283740
u0250,i287,4,1708284495
u1520,i479,4,1708284827
u0329,i469,4,1708285224
u0605,i463,2,1708285516
u1214,i093,5,1708287536
u0407,i507,1,1708288296
u0748,i560,5,1708289070
u1717,i444,4,1708289262
u0352,i113,5,1708289725
u1522,i234,5,1708289973
u1222,i440,4,1708291229
u0545,i333,5,1708291274
u1203,i476,5,1708291938
u0332,i241,5,1708291954
u0502,i243,4,1708292023
u1993,i333,5,1708292135
u0223,i361,4,1708292197
u1545,i204,4,1708292779
u1680,i445,5,1708292975
u0052,i410,4,1708293111
u0549,i023,4,1708293298
u0666,i590,5,1708293557
u0473,i441,5,1708293879
u0769,i014,5,1708294038
u0355,i383,1,1708294252
u1249,i568,5,1708294278
u0549,i421,4,1708294468
u1972,i284,3,1708295526
u0904,i052,3,1708296720
u0984,i341,5,1708297543
u0899,i480,5,1708298158
u0038,i480,5,1708299286
u1943,i288,5,1708299610
u1617,i281,4,1708300631
u0594,i470,4,1708300929
u0528,i593,3,1708301270
u1598,i574,4,1708301601
u1608,i023,1,1708301812
u1220,i510,5,1708303117
u0461,i511,5,1708303223
u0054,i097,4,1708303674
u0750,i110,5,1708303942
u1210,i554,1,1708304085
u1560,i062,4,1708304295
u0357,i309,5,1708305129
u0406,i364,5,1708305827
u0168,i363,2,1708305870
u1050,i334,5,1708306274
u1585,i324,2,1708306447
u1926,i110,2,1708307327
u0828,i004,4,1708308800
u0075,i550,2,1708309434
u1993,i467,1,1708309444
u0106,i519,4,1708309503
u0091,i243,5,1708310770
u1590,i265,3,1708310860
u1345,i241,5,1708311468
u1162,i152,4,1708311521
u1767,i349,5,1708311744
u1269,i013,4,1708312567
u0197,i566,5,1708313238
u0340,i017,2,1708313654
u1889,i268,1,1708314464
u1672,i391,1,1708315125
u1881,i198,4,1708315480
u1321,i056,5,1708316899
u0065,i282,4,1708317077
u0575,i478,5,1708317108
u0710,i408,5,1708318477
u0109,i447,4,1708319356
u1104,i563,5,1708319894
u1672,i032,4,1708320065
u0130,i318,2,1708320075
u1902,i276,5,1708320644
u0525,i238,3,1708320793
u1859,i364,5,1708320913
u0082,i162,1,1708320927
u1726,i599,4,1708321062
u1930,i440,2,1708321158
u1951,i152,4,1708321578
u0776,i013,4,1708321876
u0577,i268,3,1708321900
u0766,i117,4,1708322120
u1262,i507,1,1708323192
u1283,i586,5,1708323226
u0403,i197,5,1708323419
u1655,i319,4,1708323515
u0200,i268,5,1708323907
u0854,i062,5,1708324837
u1032,i504,1,1708324957
u1216,i595,4,1708325227
u0042,i282,5,1708326066
u0927,i201,4,1708326238
u1408,i004,5,1708327062
u1619,i287,5,1708327328
u1108,i243,4,1708327466
u0143,i086,5,1708327523
u0952,i031,4,1708327537
u0364,i521,5,1708328953
u1045,i351,5,1708329134
u1736,i303,5,1708330093
u0538,i101,2,1708330545
u1198,i097,5,1708331514
u0768,i555,5,1708331754
u0054,i498,4,1708332189
u0656,i246,4,1708332722
u1015,i243,5,1708333100
u1757,i440,4,1708333835
u0546,i456,5,1708335120
u1845,i162,4,1708335515
u1260,i476,5,1708336104
u0362,i573,5,1708336226
u0965,i131,4,1708336248
u0023,i122,5,1708336303
u0872,i261,3,1708336489
u0639,i384,2,1708336520
u0517,i219,5,1708336953
u1873,i119,5,1708337544
u0759,i507,5,1708337765
u1047,i204,4,1708338156
u1225,i016,4,1708338386
u1831,i519,4,1708340076
u1426,i084,5,1708341371
u0442,i185,5,1708341392
u0727,i333,4,1708341537
u1081,i334,1,1708342195
u1002,i436,2,1708343472
u0576,i341,4,1708343533
u1416,i428,5,1708346200
u0916,i535,5,1708346414
u0347,i048,4,1708347513
u0731,i155,4,1708347787
u1391,i497,4,1708347952
u1105,i509,4,1708349565
u1840,i261,4,1708349717
u0064,i429,5,1708350073
u0723,i037,5,1708350172
u0995,i384,5,1708350772
u1667,i377,1,1708352741
u0757,i047,4,1708353203
u1890,i384,4,1708353346
u1708,i514,5,1708354070
u1257,i073,4,1708354123
u0422,i034,5,1708356241
u1052,i559,5,1708356711
u1922,i016,5,1708357715
u1094,i243,3,1708357894
u1376,i387,4,1708358110
u0926,i117,5,1708358245
u1746,i424,5,1708358341
u1005,i143,1,1708358476
u1484,i101,4,1708358639
u1824,i545,5,1708360169
u1914,i044,5,1708360205
u1724,i018,4,1708360267
u1795,i274,4,1708360342
u1584,i507,4,1708360498
u0141,i464,5,1708360800
u1670,i211,4,1708362033
u1416,i261,3,1708362935
u1992,i561,5,1708363253
u1387,i436,5,1708363462
u0046,i048,5,1708364117
u1788,i020,4,1708364125
u0705,i062,1,1708364160
u0596,i028,3,1708365458
u0160,i206,4,1708365747
u0519,i109,5,1708366921
u1927,i578,2,1708367139
u0586,i566,4,1708367268
u0243,i362,3,1708367641
u1247,i482,2,1708369359
u0831,i216,5,1708369732
u0940,i428,5,1708370334
u1421,i388,4,1708371491
u1565,i163,3,1708371508
u1708,i217,4,1708371964
u0152,i089,5,1708372091
u0288,i140,4,1708372601
u1791,i510,5,1708372953
u1585,i092,5,1708373042
u1847,i181,5,1708373174
u1691,i492,5,1708373319
u1354,i528,4,1708374001
u0162,i102,4,1708375430
u1924,i474,3,1708375435
u1582,i252,1,1708376142
u0243,i117,5,1708377927
u1837,i480,5,1708378349
u0754,i231,2,1708379310
u0570,i179,5,1708380288
u0337,i333,2,1708380524
u1391,i595,5,1708380648
u1403,i376,5,1708381055
u1660,i429,5,1708381803
u1158,i271,4,1708382061
u1618,i243,2,1708382830
u1095,i255,4,1708382851
u1479,i593,5,1708382877
u1841,i329,5,1708383305
u0381,i334,4,1708383546
u1569,i015,4,1708383694
u0651,i424,5,1708385170
u0368,i292,4,1708385478
u0697,i363,4,1708385533
u0443,i340,5,1708385746
u1586,i097,3,1708385919
u0017,i492,5,1708386257
u0696,i521,3,1708386277
u1375,i364,4,1708386373
u1066,i572,5,1708386563
u0852,i268,1,1708386906
u1556,i274,3,1708387361
u0127,i150,3,1708388321
u0527,i364,2,1708388760
u0002,i322,4,1708389235
u1461,i585,5,1708389990
u0596,i134,1,1708390506
u1880,i575,4,1708390690
u0096,i448,4,1708390697
u0704,i302,5,1708390815
u1985,i117,4,1708390819
u0755,i019,4,1708391488
u1456,i539,4,1708392665
u0311,i535,5,1708393096
u0705,i573,4,1708393267
u1544,i178,5,1708393809
u1050,i112,4,1708393945
u1284,i333,3,1708395064
u1780,i565,2,1708395593
u1411,i357,4,1708395813
u0023,i133,5,1708396151
u1965,i526,4,1708396848
u1845,i243,3,1708397186
u0700,i360,5,1708397456
u0939,i414,4,1708397636
u1661,i268,2,1708398200
u0644,i425,4,1708398248
u0034,i517,4,1708398670
u0735,i029,1,1708398751
u0220,i314,4,1708398910
u0871,i247,4,1708399042
u0968,i338,5,1708399832
u0258,i417,5,1708400038
u0992,i215,5,1708400297
u1465,i048,3,1708400648
u1870,i003,5,1708400656
u0685,i564,4,1708400746
u1289,i332,4,1708400884
u1968,i455,5,1708401016
u0881,i539,4,1708401161
u1981,i364,2,1708402433
u0517,i362,1,1708403159
u0994,i580,3,1708403504
u0252,i315,5,1708403939
u1755,i411,5,1708404011
u0978,i252,4,1708404571
u1574,i539,4,1708404611
u1468,i363,4,1708404810
u1966,i092,5,1708404867
u0389,i433,5,1708405141
u0035,i134,5,1708405465
u0422,i113,4,1708405706
u1467,i564,4,1708407236
u0639,i470,4,1708407973
u0982,i507,4,1708408039
u1138,i362,5,1708408727
u1961,i372,4,1708408977
u1907,i489,5,1708409026
u1347,i311,4,1708409116
u1247,i044,5,1708409155
u0669,i586,4,1708409365
u0751,i446,5,1708409529
u1491,i363,5,1708409950
u1262,i055,4,1708410122
u1438,i129,5,1708410690
u0802,i223,5,1708410975
u1893,i341,4,1708411360
u0511,i423,2,1708411579
u0146,i452,5,1708412721
u0660,i292,4,1708412785
u1203,i079,4,1708413425
u0807,i079,5,1708413700
u0669,i334,5,1708414143
u1481,i147,5,1708414278
u0868,i052,1,1708415038
u1828,i119,4,1708415952
u0380,i336,5,1708418979
u0080,i268,4,1708419395
u1759,i140,5,1708420167
u0863,i074,1,1708420566
u0423,i072,4,1708420600
u1632,i233,5,1708421494
u1229,i145,4,1708422220
u0341,i234,5,1708422473
u0698,i268,3,1708422553
u1152,i449,4,1708422658
u0924,i268,1,1708423892
u1359,i097,1,1708423903
u1415,i574,5,1708424140
u0618,i363,1,1708424505
u0178,i301,3,1708424901
u1045,i483,2,1708425950
u1333,i189,5,1708425974
u1039,i099,1,1708426292
u0961,i568,1,1708427376
u1228,i518,4,1708428114
u0546,i273,4,1708428184
u0097,i268,2,1708428890
u0915,i113,2,1708429065
u0766,i126,5,1708429189
u0512,i595,5,1708429492
u1639,i145,1,1708429625
u0040,i307,5,1708430176
u1451,i055,1,1708430360
u1937,i576,5,1708430771
u1075,i406,5,1708431334
u0191,i377,4,1708431902
u0101,i464,4,1708432110
u1511,i356,4,1708432155
u1106,i424,4,1708432813
u0519,i265,5,1708433264
u1758,i168,5,1708433684
u0389,i560,4,1708433778
u1919,i363,5,1708434315
u1827,i428,5,1708434440
u0771,i230,2,1708434709
u0703,i507,5,1708434803
u1948,i446,4,1708435345
u0625,i202,5,1708435675
u1512,i233,5,1708435916
u0966,i595,4,1708436571
u0762,i102,4,1708437123
u0621,i463,4,1708438105
u0853,i055,4,1708438428
u0373,i048,5,1708439030
u0780,i109,5,1708439370
u0948,i363,3,1708439836
u1708,i023,5,1708439865
u1225,i372,4,1708440303
u0067,i318,4,1708440727
u1287,i118,5,1708441454
u0671,i290,4,1708441505
u1438,i507,1,1708442653
u0514,i316,4,1708442897
u1138,i580,2,1708443279
u0026,i254,4,1708443306
u1027,i425,1,1708443505
u1125,i243,2,1708443637
u0458,i535,4,1708443645
u0073,i205,5,1708444181
u0438,i413,5,1708444608
u0807,i504,1,1708445498
u0814,i271,5,1708445717
u1804,i520,4,1708446668
u1033,i228,4,1708447307
u1330,i311,5,1708447621
u0664,i419,4,1708448550
u0279,i447,5,1708449061
u1746,i118,2,1708450099
u0497,i023,4,1708450126
u1019,i217,4,1708450213
u1428,i156,4,1708451330
u1103,i057,5,1708451432
u1670,i073,5,1708451607
u0708,i580,5,1708451824
u1287,i175,4,1708451835
u1391,i190,3,1708452395
u0852,i486,4,1708452749
u0228,i409,5,1708453013
u0218,i291,5,1708453718
u0092,i244,4,1708453977
u0882,i529,4,1708454313
u0459,i487,4,1708455070
u0361,i377,4,1708455393
u0393,i362,5,1708457385
u1374,i024,1,1708457451
u0206,i379,5,1708457773
u0954,i379,4,1708458010
u1864,i076,4,1708458068
u0247,i488,5,1708459093
u1960,i593,4,1708461498
u0166,i362,5,1708463470
u0608,i425,5,1708464710
u0340,i117,5,1708465350
u0963,i357,5,1708465741
u0422,i597,4,1708466004
u1665,i579,4,1708466379
u1397,i243,4,1708466487
u1272,i194,5,1708467271
u1328,i507,4,1708467287
u0206,i243,1,1708467885
u0731,i182,5,1708468258
u0030,i266,3,1708468886
u1286,i256,5,1708469957
u0367,i341,5,1708470322
u1849,i167,5,1708470420
u1597,i143,4,1708470921
u0509,i439,5,1708471819
u0166,i577,5,1708473175
u0063,i585,5,1708473265
u1419,i364,5,1708473283
u1562,i563,4,1708473474
u1652,i036,4,1708473494
u0932,i268,1,1708473504
u0057,i122,5,1708474104
u1626,i067,1,1708474257
u1686,i583,4,1708474752
u1824,i107,5,1708476468
u1260,i381,5,1708476574
u0423,i106,5,1708478294
u1011,i060,4,1708478402
u1208,i355,4,1708479772
u0820,i435,4,1708480400
u1745,i194,4,1708480674
u1886,i007,5,1708481243
u0505,i243,3,1708481670
u1366,i593,5,1708482084
u1515,i526,5,1708482185
u0725,i364,5,1708483997
u0312,i213,4,1708484041
u0932,i249,5,1708484360
u0494,i230,5,1708484784
u1404,i372,4,1708484805
u0361,i022,4,1708485832
u0081,i270,4,1708486650
u1095,i483,4,1708486757
u0570,i007,4,1708487079
u1448,i314,5,1708487709
u1175,i550,5,1708488126
u1593,i194,4,1708488574
u0678,i397,1,1708489597
u0131,i428,5,1708489689
u0431,i408,5,1708490239
u1058,i364,5,1708490431
u1831,i448,5,1708490524
u0348,i454,4,1708490909
u1646,i042,5,1708491692
u1121,i055,5,1708491876
u1990,i498,4,1708492162
u0617,i366,5,1708492923
u1469,i504,4,1708493159
u1401,i373,5,1708493315
u1697,i526,4,1708493412
u0462,i588,4,1708493809
u0007,i080,5,1708494537
u1558,i113,4,1708494689
u0189,i024,5,1708495680
u0270,i126,5,1708496013
u1204,i447,3,1708498585
u1026,i574,5,1708499276
u0634,i363,1,1708499635
u0264,i097,3,1708499913
u0643,i204,5,1708501988
u0814,i254,3,1708502478
u0090,i254,5,1708503635
u1784,i265,1,1708503750
u0988,i554,4,1708504134
u1608,i463,5,1708505497
u1298,i143,5,1708505531
u1545,i326,3,1708507380
u1212,i539,4,1708507419
u0982,i428,4,1708507611
u1422,i560,5,1708507894
u0668,i091,5,1708508194
u0463,i575,4,1708508241
u1076,i070,4,1708508280
u0672,i072,5,1708508796
u0138,i538,5,1708509173
u0343,i006,4,1708510667
u0541,i594,5,1708511177
u1467,i473,4,1708511571
u1680,i333,5,1708512453
u1796,i425,5,1708513034
u0251,i048,5,1708513234
u0326,i205,4,1708513332
u0415,i341,5,1708513366
u0558,i237,5,1708513446
u0632,i268,1,1708513472
u1561,i454,4,1708514308
u0158,i526,5,1708515408
u0598,i454,4,1708515480
u1417,i291,4,1708515484
u0595,i152,5,1708515496
u1680,i575,4,1708515652
u1039,i089,4,1708515748
u0292,i243,2,1708516222
u0724,i422,1,1708516971
u0769,i152,5,1708516985
u0366,i229,5,1708517021
u1932,i529,1,1708517098
u0123,i470,4,1708517622
u0844,i095,5,1708518102
u0212,i331,4,1708518736
u1418,i551,4,1708518834
u1371,i232,4,1708519026
u1264,i564,5,1708519292
u1163,i274,5,1708519403
u0072,i332,5,1708519528
u0367,i452,4,1708519702
u1032,i333,1,1708520815
u1302,i023,5,1708521462
u0976,i529,4,1708522192
u0828,i425,3,1708522222
u1459,i352,4,1708522227
u0949,i582,5,1708522277
u0915,i013,4,1708522298
u0545,i498,5,1708522790
u0121,i558,2,1708523608
u1091,i219,5,1708523853
u0215,i072,4,1708525401
u0595,i320,5,1708525896
u1643,i082,5,1708526427
u0293,i564,1,1708527520
u1368,i205,5,1708527886
u1339,i237,5,1708528185
u1023,i291,5,1708528325
u0357,i363,2,1708530008
u1679,i507,4,1708530252
u0494,i526,5,1708531238
u0710,i017,4,1708531599
u1695,i499,4,1708531777
u1711,i291,5,1708532222
u0982,i266,5,1708532488
u1841,i363,2,1708533882
u1720,i443,5,1708534045
u1189,i509,4,1708534491
u1243,i189,4,1708534709
u1778,i324,5,1708536462
u0907,i117,2,1708536731
u0697,i538,5,1708536814
u1775,i236,5,1708537971
u0815,i550,1,1708538276
u1887,i072,5,1708538308
u1168,i428,5,1708538342
u1039,i589,5,1708538958
u0355,i353,5,1708539345
u1157,i566,4,1708539868
u1673,i461,5,1708540058
u0096,i129,2,1708540885
u0655,i256,4,1708541340
u0577,i506,4,1708542483
u0494,i172,5,1708542709
u1854,i432,4,1708542782
u0954,i424,4,1708545319
u1616,i145,3,1708546027
u1210,i104,4,1708546828
u1402,i013,2,1708547184
u0308,i428,5,1708547694
u1376,i526,4,1708548183
u1332,i292,4,1708548208
u0252,i200,5,1708548274
u1579,i083,4,1708548760
u0497,i073,5,1708549519
u0852,i254,4,1708552756
u1479,i273,4,1708553628
u0553,i106,4,1708554034
u1955,i374,5,1708554435
u0190,i295,4,1708554643
u0921,i268,2,1708555160
u0812,i243,3,1708556217
u0283,i013,5,1708557561
u1394,i206,4,1708558058
u0396,i201,5,1708558317
u1109,i551,3,1708559402
u1919,i450,4,1708559623
u0732,i268,4,1708560261
u1764,i441,5,1708560583
u1041,i266,5,1708561602
u1581,i426,5,1708561624
u1902,i274,1,1708561675
u1333,i461,5,1708562916
u0495,i552,5,1708566748
u1724,i521,5,1708567151
u1004,i363,4,1708568092
u1629,i565,5,1708568779
u1223,i425,5,1708568812
u1901,i315,5,1708568852
u0593,i140,2,1708569196
u0006,i098,2,1708569662
u0594,i158,4,1708569797
u1442,i067,4,1708570939
u0298,i526,4,1708571282
u1694,i243,3,1708571875
u0793,i256,4,1708572531
u0576,i122,5,1708572699
u0761,i501,5,1708573491
u1468,i108,2,1708573536
u1729,i334,5,1708573851
u1169,i461,4,1708574603
u0005,i013,3,1708574757
u0847,i549,5,1708574946
u0008,i252,4,1708575037
u1286,i471,4,1708575054
u1313,i341,2,1708575405
u0367,i599,5,1708575413
u1764,i361,5,1708575696
u0657,i512,5,1708576155
u1809,i385,4,1708578053
u1999,i152,4,1708578072
u0320,i046,5,1708578141
u1657,i261,1,1708578837
u0805,i002,5,1708579151
u0861,i136,4,1708579202
u1434,i056,5,1708580799
u0120,i448,5,1708581546
u0769,i290,2,1708582175
u1070,i292,1,1708582404
u0297,i291,4,1708584319
u1652,i357,4,1708585346
u1089,i205,4,1708586342
u1962,i081,4,1708586963
u0375,i243,1,1708587017
u0135,i457,2,1708587319
u0291,i097,1,1708588082
u1894,i525,4,1708588491
u0644,i393,4,1708588751
u1104,i291,2,1708589086
u0717,i091,2,1708589612
u0918,i337,5,1708590766
u1557,i527,4,1708591778
u0699,i351,4,1708592377
u1203,i527,5,1708592513
u0194,i360,4,1708593134
u0080,i229,4,1708593145
u1019,i211,4,1708593477
u1832,i454,4,1708594225
u1461,i438,4,1708594618
u1655,i212,4,1708595814
u1427,i521,5,1708596018
u1411,i562,3,1708596038
u0729,i284,4,1708596152
u1158,i053,4,1708596263
u0353,i241,1,1708597138
u0872,i023,5,1708597190
u1470,i108,4,1708599930
u0411,i002,4,1708600843
u0754,i293,4,1708601130
u0332,i352,5,1708602041
u1859,i335,5,1708602085
u1956,i423,5,1708602128
u0665,i407,2,1708602224
u1151,i119,5,1708602577
u0272,i485,5,1708602916
u1927,i026,4,1708607786
u1291,i092,4,1708607865
u0673,i564,5,1708608449
u1966,i168,4,1708608462
u1000,i342,1,1708608762
u0022,i526,4,1708609619
u1192,i117,2,1708610136
u0074,i006,5,1708610162
u1206,i044,4,1708610189
u1920,i544,5,1708610457
u1470,i297,4,1708610515
u1813,i572,4,1708610590
u0771,i529,5,1708610717
u0732,i352,5,1708610846
u0601,i140,4,1708611145
u1629,i371,4,1708612050
u1026,i474,5,1708613132
u0558,i244,5,1708613246
u0771,i007,4,1708613731
u1681,i062,4,1708614027
u0815,i470,1,1708614934
u1452,i386,5,1708615586
u1386,i470,5,1708616007
u1683,i372,3,1708617749
u0956,i200,4,1708617812
u1129,i291,5,1708618112
u1625,i243,3,1708618659
u0954,i332,5,1708619656
u0345,i341,4,1708619729
u0242,i541,4,1708619839
u0329,i243,2,1708620490
u0720,i507,4,1708620668
u0461,i062,5,1708620753
u0824,i578,1,1708620956
u0546,i480,5,1708621306
u1403,i073,4,1708622272
u1261,i256,5,1708622790
u1502,i427,2,1708622807
u0934,i312,4,1708622924
u1845,i245,4,1708623849
u1910,i470,4,1708625638
u0573,i469,5,1708625703
u1002,i285,4,1708625959
u0823,i254,4,1708626409
u0379,i584,4,1708626527
u0736,i372,4,1708626575
u0575,i243,5,1708627800
u0625,i181,5,1708628139
u1509,i470,4,1708628184
u0338,i059,5,1708630511
u1907,i539,3,1708631069
u0714,i169,4,1708631792
u0712,i350,4,1708631843
u0228,i374,1,1708631897
u1897,i273,3,1708632176
u1983,i158,3,1708632794
u0444,i021,4,1708632830
u1840,i352,2,1708633233
u0330,i261,1,1708633557
u0520,i406,5,1708633844
u0555,i550,5,1708633890
u0277,i573,4,1708634289
u1665,i153,4,1708634395
u0779,i291,3,1708634525
u0055,i105,4,1708634565
u1098,i149,4,1708634996
u0020,i011,4,1708635140
u0841,i268,1,1708635223
u1495,i019,5,1708635232
u1575,i337,5,1708637199
u0184,i586,4,1708637251
u0020,i355,5,1708637446
u1487,i216,4,1708638231
u0900,i250,1,1708638627
u0073,i364,2,1708639895
u0427,i268,4,1708640352
u1144,i461,5,1708641121
u0294,i018,4,1708642153
u0440,i268,5,1708642984
u1728,i097,5,1708643218
u1894,i529,5,1708643382
u1774,i076,5,1708643612
u1842,i547,4,1708644477
u0233,i266,5,1708645000
u1469,i550,5,1708645788
u1385,i316,5,1708646553
u1502,i526,1,1708647039
u1275,i149,3,1708647045
u1521,i203,5,1708647278
u0250,i550,2,1708647900
u0978,i372,5,1708648584
u1099,i021,5,1708649043
u1665,i397,5,1708649772
u1423,i096,4,1708650186
u1208,i465,4,1708651425
u0620,i143,4,1708652062
u1684,i334,5,1708653698
u0212,i092,4,1708653922
u0597,i541,3,1708653944
u0044,i167,5,1708654477
u1113,i177,5,1708654883
u1648,i206,4,1708655474
u1446,i142,4,1708656046
u0661,i140,2,1708656950
u1777,i515,5,1708657643
u0821,i545,5,1708658658
u1883,i043,5,1708658820
u0710,i363,5,1708658852
u0953,i526,4,1708659192
u0109,i171,4,1708660082
u0207,i352,4,1708660464
u1832,i352,4,1708661010
u1655,i495,1,1708661402
u1101,i185,5,1708661805
u0758,i361,2,1708662029
u1636,i243,3,1708662155
u0539,i102,4,1708662200
u1203,i271,2,1708662655
u1866,i590,4,1708663195
u0854,i129,4,1708664095
u0723,i134,1,1708664888
u0155,i405,5,1708665125
u1436,i167,5,1708665725
u0065,i542,1,1708666544
u1285,i474,3,1708667308
u0058,i147,4,1708667939
u1170,i311,4,1708668038
u0005,i111,5,1708668054
u0310,i485,5,1708668093
u0688,i092,4,1708668561
u1777,i242,4,1708668702
u0393,i300,5,1708668813
u0045,i042,4,1708668983
u0891,i309,5,1708669097
u1443,i291,1,1708669456
u1441,i381,5,1708670205
u1344,i005,5,1708671894
u1098,i407,4,1708672099
u1606,i595,5,1708672295
u0610,i333,3,1708672490
u1662,i535,4,1708672629
u0967,i079,5,1708673017
u1621,i507,4,1708673344
u1705,i129,5,1708674250
u1642,i596,5,1708674621
u0089,i532,5,1708674932
u0179,i463,5,1708675420
u1071,i585,5,1708675420
u1640,i254,2,1708676706
u1309,i034,4,1708676751
u1170,i416,4,1708677133
u1492,i186,2,1708677335
u1208,i162,5,1708677496
u1808,i504,4,1708678025
u0300,i297,4,1708680903
u0483,i122,4,1708681349
u0568,i529,2,1708682228
u0568,i419,5,1708683326
u0309,i305,4,1708683467
u0926,i243,3,1708684229
u1371,i551,4,1708686649
u1463,i234,4,1708687239
u0993,i498,4,1708687371
u1589,i413,5,1708687412
u0251,i144,5,1708687938
u0020,i497,4,1708688026
u1049,i023,3,1708688179
u0912,i337,5,1708689090
u1099,i117,1,1708689487
u1545,i447,4,1708690209
u0432,i364,1,1708690388
u0584,i142,5,1708692207
u1304,i529,5,1708694873
u1817,i119,1,1708694991
u0426,i050,4,1708695186
u0017,i595,5,1708695387
u1741,i393,4,1708695390
u0369,i487,2,1708695738
u0863,i282,5,1708695811
u1877,i573,5,1708695948
u0817,i116,2,1708696102
u1063,i461,5,1708697799
u1174,i307,4,1708699125
u1444,i357,4,1708700014
u1948,i205,5,1708700494
u1706,i204,5,1708700938
u1741,i148,3,1708701554
u1364,i274,5,1708702613
u0523,i147,5,1708702859
u1515,i297,5,1708702916
u0379,i346,4,1708703335
u0240,i284,4,1708703447
u0385,i342,4,1708703887
u0460,i218,4,1708703917
u1562,i470,4,1708704517
u1660,i595,5,1708704825
u0337,i089,5,1708705227
u1730,i050,4,1708705941
u0352,i243,2,1708705970
u1583,i152,4,1708706109
u1906,i092,5,1708706179
u0807,i469,4,1708706378
u1911,i047,5,1708707226
u1884,i498,4,1708707807
u1630,i504,4,1708708082
u1100,i356,4,1708708372
u0316,i113,5,1708708709
u1950,i448,3,1708708869
u0654,i349,4,1708709305
u0011,i534,5,1708709641
u1944,i243,1,1708709666
u0271,i563,4,1708710314
u0427,i352,5,1708710438
u1132,i284,5,1708711412
u0933,i023,4,1708711470
u0769,i062,4,1708711653
u0018,i014,3,1708712143
u0386,i073,4,1708712270
u0490,i186,4,1708712681
u0165,i434,4,1708712849
u1555,i503,5,1708713088
u0332,i327,4,1708714113
u0342,i381,2,1708714959
u0628,i177,4,1708717498
u1951,i333,3,1708717626
u1019,i233,1,1708717635
u1862,i212,1,1708718040
u0363,i392,5,1708718158
u1547,i097,4,1708718360
u1029,i282,4,1708718381
u0608,i292,4,1708718795
u0204,i097,5,1708718852
u0406,i091,5,1708719023
u1980,i392,4,1708719356
u0110,i363,4,1708721189
u0504,i007,4,1708721421
u0415,i358,3,1708721598
u0664,i292,4,1708721782
u1957,i084,5,1708722158
u1101,i289,4,1708722487
u1450,i019,5,1708722584
u1899,i334,4,1708723707
u1105,i430,5,1708723916
u1572,i380,4,1708724088
u0794,i288,3,1708724626
u0686,i519,4,1708725735
u0379,i419,4,1708725757
u1583,i048,4,1708725867
u1040,i568,4,1708726255
u1746,i023,3,1708726342
u1964,i177,5,1708726739
u0621,i532,5,1708727231
u0855,i540,4,1708727916
u1761,i379,3,1708727947
u0287,i104,4,1708728379
u0329,i317,5,1708729304
u0620,i395,4,1708729701
u1873,i526,4,1708729733
u1535,i419,5,1708730498
u1152,i411,3,1708731026
u0864,i372,4,1708731482
u0518,i538,5,1708731668
u0861,i481,4,1708731681
u0842,i568,3,1708732075
u0766,i311,4,1708732098
u0180,i489,5,1708732294
u0362,i263,3,1708732493
u1509,i350,3,1708732693
u1256,i292,4,1708732830
u1212,i364,3,1708733341
u0479,i039,5,1708733566
u1192,i007,5,1708733717
u0495,i144,4,1708734515
u1386,i119,3,1708734554
u1125,i023,5,1708734637
u0515,i074,4,1708734965
u1777,i539,5,1708735241
u0237,i143,5,1708735550
u1813,i386,5,1708735866
u0271,i483,4,1708736311
u0389,i528,5,1708736695
u0444,i081,4,1708737039
u0335,i420,4,1708737292
u0330,i189,5,1708737487
u1981,i531,4,1708737876
u0406,i564,5,1708738393
u1551,i042,4,1708739165
u0056,i117,1,1708739442
u1602,i311,4,1708739445
u1831,i333,3,1708739765
u0869,i471,5,1708740175
u0929,i458,5,1708741054
u1746,i266,5,1708741148
u1081,i417,4,1708741208
u0876,i169,4,1708742570
u1581,i044,2,1708742952
u1183,i356,5,1708743440
u1481,i364,5,1708743710
u1881,i356,5,1708743925
u0109,i378,5,1708744623
u0204,i108,5,1708744678
u0240,i233,5,1708744921
u1799,i268,3,1708745024
u0200,i018,4,1708745176
u0927,i356,5,1708745325
u1866,i507,3,1708745444
u1418,i291,1,1708745515
u1713,i142,5,1708745785
u0748,i363,4,1708746053
u1345,i424,1,1708747188
u1931,i488,4,1708748063
u1909,i175,5,1708748084
u1844,i108,2,1708748819
u0708,i119,5,1708749463
u1579,i169,5,1708750068
u0647,i256,1,1708750069
u0889,i004,5,1708750236
u1012,i490,5,1708750374
u1557,i372,4,1708750732
u1227,i433,4,1708750783
u0931,i177,5,1708752061
u0162,i555,4,1708752194
u1263,i409,5,1708752749
u1709,i002,5,1708753004
u0051,i287,3,1708753544
u0084,i268,3,1708754992
u1693,i529,5,1708755190
u0967,i507,4,1708756032
u0631,i281,4,1708756905
u1968,i083,2,1708757233
u1617,i345,5,1708757935
u0961,i526,4,1708758051
u1103,i391,5,1708758934
u0629,i404,3,1708760241
u0355,i463,3,1708760843
u0907,i268,2,1708761056
u1795,i342,4,1708761140
u0789,i395,5,1708761593
u1444,i254,2,1708762232
u1602,i529,3,1708762404
u0540,i429,2,1708763292
u1414,i574,4,1708764066
u0358,i116,5,1708765185
u1222,i262,4,1708766244
u0133,i566,4,1708766292
u1209,i488,4,1708766470
u1167,i023,3,1708766603
u0509,i236,4,1708766687
u0504,i493,5,1708766851
u1373,i472,1,1708767404
u0348,i067,3,1708767482
u1034,i428,1,1708767655
u0935,i205,3,1708767774
u1978,i204,5,1708769026
u0853,i025,1,1708769102
u1179,i319,5,1708769636
u1345,i392,5,1708770080
u1731,i141,3,1708770327
u0414,i264,5,1708770983
u0097,i234,3,1708771229
u0246,i243,1,1708771286
u0784,i444,4,1708771500
u0886,i256,3,1708772188
u0235,i419,4,1708772275
u1217,i526,2,1708774030
u1654,i597,4,1708774311
u0401,i597,4,1708776896
u0028,i587,5,1708777140
u0928,i032,5,1708777264
u1009,i217,4,1708777359
u0287,i411,4,1708777542
u1453,i097,4,1708777572
u0109,i564,4,1708777866
u1527,i247,5,1708778301
u0906,i529,3,1708778908
u0392,i539,4,1708778954
u1224,i179,4,1708780284
u1561,i393,5,1708781617
u0025,i438,4,1708781803
u0048,i013,4,1708782003
u0094,i504,4,1708782403
u0480,i421,5,1708782454
u1594,i436,4,1708783659
u0715,i243,4,1708784110
u0395,i384,4,1708784454
u1654,i042,5,1708784718
u1921,i361,4,1708784980
u0056,i124,4,1708785100
u1527,i219,4,1708785104
u0412,i461,4,1708785901
u0184,i511,5,1708786381
u0278,i039,5,1708786469
u0852,i003,5,1708786796
u0124,i198,4,1708786891
u1520,i371,1,1708787538
u0389,i044,5,1708787737
u1545,i273,3,1708788096
u0994,i383,3,1708788195
u0851,i129,4,1708789804
u0448,i333,2,1708790573
u1238,i357,5,1708791433
u0776,i292,5,1708791749
u0040,i243,4,1708792466
u0815,i254,5,1708792820
u1462,i357,3,1708792835
u1951,i511,4,1708792895
u0067,i529,5,1708793703
u0002,i228,4,1708793841
u1103,i526,3,1708794820
u0238,i268,4,1708795292
u1291,i511,4,1708795849
u0635,i595,5,1708796656
u0540,i521,5,1708797204
u1336,i261,5,1708797617
u1227,i492,4,1708797782
u0685,i478,4,1708798400
u1081,i113,5,1708799303
u0766,i356,5,1708800481
u1536,i117,1,1708801150
u1259,i512,5,1708801465
u0408,i230,4,1708801948
u1844,i372,4,1708801962
u1179,i140,4,1708801994
u1404,i261,3,1708802131
u1792,i364,5,1708802263
u0309,i203,5,1708802615
u1868,i510,5,1708802956
u1239,i326,5,1708803226
u0681,i453,1,1708803971
u1582,i019,5,1708804003
u1952,i375,3,1708804712
u0979,i340,4,1708805045
u0614,i128,5,1708805607
u0224,i212,5,1708805864
u1544,i332,4,1708809254
u0840,i140,4,1708809403
u1149,i271,5,1708811157
u0644,i093,4,1708811206
u0661,i576,3,1708812344
u1151,i097,4,1708812898
u1555,i031,4,1708813446
u0831,i455,1,1708813727
u1193,i391,4,1708814782
u1427,i390,4,1708814812
u1223,i349,5,1708815306
u0958,i363,4,1708815585
u1491,i422,4,1708816631
u0158,i541,4,1708816690
u1488,i268,4,1708816843
u0178,i309,3,1708816869
u0622,i428,5,1708817720
u0704,i113,4,1708818167
u0888,i010,5,1708818856
u0145,i352,3,1708819856
u1501,i243,5,1708820002
u0121,i504,5,1708820265
u1820,i113,4,1708820410
u0714,i291,5,1708820485
u0357,i194,5,1708820612
u0136,i363,5,1708821495
u0073,i334,4,1708821573
u1070,i143,5,1708821782
u1043,i195,5,1708821995
u0712,i403,4,1708822120
u1276,i511,5,1708822902
u1475,i500,4,1708823005
u0504,i459,2,1708823675
u0319,i268,1,1708823762
u0552,i540,2,1708824073
u0243,i070,5,1708824451
u0489,i526,4,1708824660
u0392,i340,5,1708825482
u1855,i273,2,1708825870
u1194,i568,5,1708826301
u1344,i216,5,1708826505
u1305,i274,4,1708826887
u0518,i417,4,1708827796
u0877,i443,1,1708828679
u1591,i511,4,1708828812
u0434,i377,5,1708829570
u0975,i566,2,1708830949
u0131,i211,3,1708831662
u0094,i470,5,1708832696
u1696,i384,5,1708833030
u0073,i140,3,1708833465
u1121,i286,5,1708833501
u0433,i167,1,1708833710
u0099,i023,4,1708833724
u1775,i329,2,1708833951
u0677,i015,5,1708834260
u0219,i177,1,1708834755
u1722,i523,4,1708835589
u0675,i334,5,1708836646
u1174,i400,5,1708837257
u0407,i141,4,1708837951
u1335,i584,4,1708839123
u0669,i341,5,1708839877
u1278,i521,4,1708840717
u1690,i391,2,1708840737
u1991,i275,5,1708841549
u0309,i357,5,1708843392
u1672,i073,3,1708843500
u0219,i568,4,1708843561
u1778,i413,4,1708843706
u1992,i495,4,1708844183
u0104,i292,3,1708844863
u1704,i097,1,1708845498
u0718,i192,4,1708846164
u1556,i298,5,1708846617
u0713,i498,4,1708846975
u0056,i029,4,1708847399
u1058,i362,5,1708847504
u1049,i242,1,1708848962
u0178,i557,5,1708849641
u0921,i083,4,1708850327
u1050,i491,5,1708851133
u1128,i516,4,1708851318
u0122,i268,1,1708851555
u0410,i358,5,1708851739
u0715,i564,5,1708851953
u0042,i449,5,1708852713
u0312,i148,4,1708853008
u1696,i588,5,1708853102
u1613,i131,1,1708853107
u0962,i161,1,1708853118
u1831,i023,5,1708853124
u1784,i151,4,1708853350
u1413,i292,4,1708855372
u0877,i263,5,1708855400
u0712,i530,5,1708855559
u1111,i480,5,1708855707
u0294,i568,1,1708855723
u0504,i571,4,1708855927
u1033,i461,5,1708856073
u1714,i217,4,1708856540
u1777,i363,4,1708857479
u0677,i363,4,1708857819
u1007,i231,5,1708858280
u0740,i356,5,1708859480
u0360,i116,5,1708860070
u1527,i333,4,1708860282
u0769,i429,3,1708860780
u1649,i470,4,1708861619
u0131,i250,5,1708861748
u0674,i235,4,1708862195
u0195,i205,5,1708862908
u0171,i244,5,1708864230
u0800,i264,4,1708864554
u0876,i447,1,1708864579
u0351,i018,4,1708866827
u1683,i291,5,1708867082
u1989,i113,1,1708867115
u1134,i526,1,1708867615
u1731,i599,5,1708867729
u1026,i551,5,1708867860
u0856,i371,1,1708868122
u0655,i193,5,1708868241
u1144,i470,4,1708869743
u1596,i268,4,1708870401
u0583,i539,5,1708870789
u1376,i535,2,1708871124
u0656,i369,5,1708871281
u1804,i505,5,1708871529
u1262,i227,5,1708872325
u0598,i193,5,1708873723
u0999,i597,4,1708874940
u1381,i097,5,1708875339
u0367,i122,5,1708875356
u1502,i419,5,1708875878
u0669,i237,4,1708875934
u0809,i566,4,1708876058
u1996,i136,4,1708876139
u1517,i061,5,1708876207
u0694,i194,2,1708876380
u0959,i243,2,1708876498
u1272,i341,2,1708876812
u1433,i151,5,1708877240
u0336,i564,5,1708877423
u1220,i233,4,1708878179
u0194,i170,5,1708878222
u1725,i194,5,1708878923
u1294,i241,4,1708879243
u0365,i291,5,1708879890
u0056,i160,4,1708880761
u0832,i502,4,1708880834
u0603,i000,5,1708881568
u0729,i297,1,1708881713
u1767,i419,5,1708881810
u1523,i007,4,1708882403
u1075,i374,1,1708882712
u0923,i363,5,1708884581
u1173,i541,5,1708884777
u1069,i074,4,1708885647
u0292,i595,4,1708886720
u1064,i540,4,1708887248
u1689,i351,5,1708888336
u0796,i510,2,1708888921
u0508,i473,4,1708889387
u0617,i182,4,1708890152
u0962,i434,5,1708890495
u1255,i234,3,1708891404
u1889,i237,5,1708892416
u0354,i580,4,1708892736
u1022,i526,3,1708892994
u1828,i352,3,1708893890
u1454,i568,5,1708894165
u0052,i205,4,1708894328
u1030,i106,5,1708894620
u1920,i293,5,1708895114
u1012,i387,4,1708895229
u0364,i419,4,1708895612
u0380,i168,4,1708896943
u1920,i140,5,1708897080
u0054,i029,4,1708898569
u1141,i526,3,1708898773
u0154,i057,4,1708899359
u0946,i290,5,1708899397
u1705,i540,4,1708899905
u0437,i015,4,1708899918
u1842,i484,4,1708900713
u1596,i256,4,1708901260
u1416,i266,5,1708901419
u0262,i026,5,1708901644
u0224,i388,4,1708902152
u1960,i363,2,1708902755
u1810,i424,4,1708903866
u0912,i243,3,1708904149
u1365,i556,5,1708904434
u1447,i470,2,1708904552
u0537,i266,5,1708905082
u0990,i218,1,1708905269
u0025,i358,5,1708905393
u0132,i144,3,1708906161
u0978,i261,3,1708906232
u0350,i504,5,1708906404
u0584,i292,5,1708906886
u1446,i352,5,1708907937
u0600,i148,1,1708908539
u0748,i595,5,1708908896
u1813,i265,5,1708908962
u0500,i495,4,1708908973
u0844,i297,4,1708909017
u0379,i463,3,1708909198
u1262,i297,2,1708910959
u1641,i504,4,1708911203
u0931,i363,2,1708911483
u1959,i363,5,1708911707
u0587,i377,3,1708912073
u0316,i233,5,1708912677
u1910,i295,3,1708913246
u0112,i071,5,1708913789
u0695,i461,4,1708913916
u1926,i293,4,1708914317
u0214,i060,5,1708914340
u0495,i402,5,1708915311
u1771,i428,4,1708915318
u1983,i261,3,1708915728
u0321,i425,4,1708915772
u0985,i036,5,1708915998
u1880,i030,4,1708917200
u1496,i516,2,1708917802
u0724,i188,4,1708918355
u0284,i361,5,1708918515
u0927,i568,4,1708918636
u0147,i216,5,1708919865
u0216,i048,4,1708920568
u0812,i542,5,1708921680
u0799,i197,5,1708921714
u0270,i225,1,1708921778
u0435,i518,4,1708921789
u1159,i507,2,1708922914
u0623,i361,5,1708922941
u1992,i362,4,1708923651
u1391,i415,2,1708924554
u0213,i107,4,1708924966
u0991,i599,5,1708925093
u0747,i054,2,1708925148
u0995,i507,5,1708925219
u1137,i364,3,1708925379
u0910,i568,4,1708926644
u0709,i372,5,1708927584
u0834,i089,5,1708927749
u1881,i593,5,1708929777
u1789,i275,5,1708929858
u0576,i466,5,1708930162
u0685,i084,3,1708931091
u1287,i511,4,1708931234
u0055,i018,4,1708931871
u0131,i443,5,1708931897
u0989,i333,1,1708932346
u0715,i425,2,1708932373
u0147,i035,5,1708932520
u0527,i374,4,1708932898
u0242,i379,1,1708932938
u0667,i428,5,1708932948
u1410,i478,2,1708932949
u0287,i319,5,1708933252
u1971,i268,3,1708935169
u0737,i221,5,1708935249
u0788,i010,5,1708935911
u1264,i364,4,1708936021
u0467,i345,5,1708936398
u0343,i020,5,1708937183
u1198,i092,3,1708937683
u1179,i132,4,1708937785
u1532,i268,5,1708938391
u1269,i454,4,1708938699
u1655,i521,4,1708938781
u1252,i073,4,1708938877
u0723,i498,4,1708938940
u0470,i463,5,1708939768
u1616,i260,2,1708940123
u0252,i074,4,1708940198
u0757,i349,4,1708941556
u1963,i000,5,1708941662
u0491,i352,2,1708942241
u0266,i387,5,1708942264
u0179,i345,4,1708942280
u0781,i108,3,1708942868
u0900,i285,5,1708943241
u1500,i295,4,1708943635
u1846,i291,4,1708943954
u1176,i104,5,1708944140
u1055,i352,5,1708944322
u0141,i500,4,1708945050
u0257,i564,2,1708945965
u0740,i480,5,1708947232
u0935,i108,4,1708947725
u1404,i381,5,1708948802
u1510,i471,5,1708948901
u1300,i108,5,1708949278
u0600,i461,4,1708949576
u1110,i333,1,1708949998
u0497,i504,5,1708950925
u0074,i077,4,1708951056
u1687,i118,5,1708951207
u1570,i140,4,1708951318
u1142,i359,2,1708951343
u0828,i220,5,1708951527
u0676,i592,4,1708951836
u0056,i243,3,1708951838
u0602,i397,5,1708951878
u1992,i378,4,1708952027
u1040,i039,4,1708952350
u0360,i291,2,1708952457
u1348,i408,4,1708952596
u1122,i097,1,1708952648
u0265,i526,2,1708952658
u0109,i506,5,1708952731
u0222,i547,1,1708952822
u1022,i500,5,1708953101
u0134,i568,4,1708953166
u1989,i258,4,1708953624
u1814,i549,4,1708953834
u0969,i502,4,1708954069
u0904,i304,5,1708954790
u0494,i088,3,1708954869
u0549,i268,2,1708955273
u0763,i507,5,1708956191
u1727,i568,2,1708956233
u0409,i372,2,1708956605
u1982,i588,5,1708957062
u0948,i374,4,1708957766
u0359,i361,5,1708957904
u1765,i500,3,1708958322
u1499,i261,4,1708959730
u0750,i159,5,1708960923
u1724,i202,4,1708961632
u0597,i432,5,1708962561
u0368,i202,5,1708963707
u1114,i233,4,1708963906
u0593,i421,4,1708964194
u1347,i273,5,1708964247
u0570,i294,5,1708964622
u0047,i241,5,1708965250
u1617,i439,2,1708965553
u1543,i094,1,1708965762
u1837,i117,5,1708965948
u1913,i292,5,1708966634
u1201,i164,1,1708967010
u1611,i093,4,1708968011
u0677,i559,5,1708968026
u0828,i498,5,1708968497
u0455,i043,3,1708970995
u0694,i243,1,1708971202
u0753,i288,5,1708971898
u1708,i550,4,1708972169
u1786,i597,5,1708972471
u1099,i361,3,1708973013
u0063,i139,3,1708973923
u1777,i324,4,1708974898
u0896,i212,5,1708975127
u1981,i248,4,1708975616
u0612,i396,1,1708976096
u1919,i597,5,1708976350
u0127,i434,4,1708976643
u0290,i021,5,1708977499
u1537,i358,4,1708977701
u1660,i363,5,1708977890
u1183,i092,2,1708978352
u0551,i084,4,1708979165
u0301,i152,3,1708979515
u0913,i302,5,1708979953
u1581,i268,2,1708981232
u0403,i352,5,1708982535
u0183,i036,2,1708982884
u1114,i245,5,1708982911
u1173,i097,5,1708982924
u1759,i093,4,1708983376
u0537,i476,5,1708983405
u1665,i261,4,1708983843
u0093,i322,1,1708983870
u0482,i240,5,1708984429
u1631,i364,4,1708984768
u0725,i577,4,1708985094
u1303,i122,4,1708985216
u0007,i004,4,1708985827
u1103,i461,3,1708985906
u1812,i454,4,1708986179
u0597,i203,4,1708986276
u1678,i097,5,1708986352
u1982,i505,4,1708987365
u1089,i446,4,1708987941
u1423,i555,5,1708989037
u1410,i529,5,1708989150
u1690,i357,1,1708989236
u0582,i582,1,1708989486
u1440,i291,5,1708989804
u0141,i573,4,1708990195
u0131,i522,4,1708990870
u0623,i397,5,1708990884
u1491,i113,5,1708990905
u1983,i505,4,1708991142
u1926,i544,4,1708992651
u1887,i378,5,1708992848
u1241,i429,5,1708993533
u1830,i251,5,1708993697
u1557,i332,4,1708994313
u1454,i524,5,1708995510
u1687,i237,4,1708995540
u1312,i291,4,1708995662
u0247,i420,4,1708996009
u1572,i287,4,1708996547
u1297,i454,5,1708996668
u1636,i417,4,1708997958
u1165,i429,1,1708998448
u1382,i507,1,1708998708
u1556,i297,5,1708999295
u0211,i341,4,1708999476
u0455,i048,5,1709000016
u0484,i260,2,1709001074
u1474,i307,5,1709001410
u1077,i221,4,1709001608
u0418,i166,4,1709002908
u0298,i119,5,1709003428
u0279,i234,5,1709004278
u0499,i269,4,1709005218
u0681,i387,5,1709006264
u0387,i257,4,1709006534
u1209,i532,2,1709007111
u0931,i019,4,1709008038
u0673,i204,5,1709009076
u1154,i022,3,1709009341
u0787,i150,5,1709009711
u1230,i274,2,1709010145
u0710,i044,4,1709010440
u0658,i176,5,1709010605
u0099,i470,5,1709010827
u0464,i220,5,1709010994
u1670,i550,4,1709011319
u1963,i254,4,1709012321
u0415,i336,5,1709012548
u1043,i038,4,1709013095
u0003,i568,1,1709013526
u0873,i564,5,1709013540
u1051,i153,5,1709013633
u0752,i002,4,1709013743
u1188,i199,4,1709013790
u1496,i243,3,1709013903
u0293,i113,4,1709014118
u1114,i280,5,1709014455
u1287,i237,4,1709014862
u1772,i526,5,1709014878
u0404,i013,4,1709014880
u0736,i318,5,1709015001
u1199,i470,5,1709015224
u0805,i363,3,1709016088
u0296,i363,5,1709016094
u1827,i493,4,1709016861
u1575,i119,3,1709016906
u0819,i296,4,1709017003
u0544,i402,4,1709017105
u1243,i504,4,1709017138
u1661,i417,4,1709017165
u0105,i447,5,1709017300
u1476,i419,5,1709017723
u0971,i270,1,1709017963
u1368,i473,3,1709018850
u0806,i574,4,1709019032
u0831,i363,5,1709019611
u1473,i108,5,1709020231
u0300,i526,4,1709020321
u0537,i557,2,1709020526
u0932,i305,5,1709020683
u1536,i054,4,1709020884
u0059,i037,5,1709021028
u0892,i334,4,1709022930
u1648,i018,4,1709023683
u1854,i564,4,1709024796
u0004,i489,2,1709025001
u0783,i568,5,1709025391
u1957,i333,3,1709025601
u1436,i195,3,1709025934
u1391,i550,1,1709026106
u0943,i291,5,1709026631
u1955,i064,2,1709027225
u1724,i489,5,1709027356
u0914,i590,4,1709027961
u0486,i023,5,1709028864
u0119,i492,4,1709029641
u0170,i428,5,1709029795
u1652,i194,4,1709030317
u1248,i412,5,1709030361
u1519,i349,5,1709031311
u0995,i225,4,1709031359
u0909,i048,4,1709031824
u0880,i077,5,1709032437
u1916,i216,4,1709033021
u1420,i589,5,1709033590
u1944,i116,4,1709033896
u0269,i349,3,1709033989
u1735,i173,1,1709034324
u1434,i435,5,1709034908
u1764,i278,5,1709035474
u1035,i113,1,1709036477
u0912,i237,2,1709036712
u0379,i305,2,1709038670
u0345,i466,4,1709039098
u1549,i159,1,1709039206
u1480,i376,4,1709039219
u1514,i566,4,1709039488
u1331,i212,5,1709041020
u0506,i295,4,1709041107
u0879,i482,5,1709041207
u1781,i580,4,1709042573
u0631,i357,4,1709042954
u0396,i243,1,1709043360
u1589,i077,5,1709043376
u1924,i467,2,1709043648
u0950,i413,4,1709043769
u0504,i332,4,1709044613
u1775,i597,4,1709044903
u0490,i365,1,1709046427
u0681,i394,3,1709047312
u0823,i369,4,1709047837
u0040,i309,4,1709047994
u0889,i213,4,1709048092
u1515,i334,2,1709048540
u1568,i483,5,1709049005
u1796,i293,4,1709049376
u1787,i511,4,1709049517
u0336,i473,4,1709050284
u0809,i364,2,1709051315
u0607,i336,4,1709051328
u0824,i293,5,1709051529
u1949,i131,5,1709052840
u1111,i117,5,1709053406
u1565,i162,4,1709053431
u0097,i333,4,1709053958
u0894,i493,2,1709054237
u1034,i352,2,1709054359
u1483,i223,4,1709054747
u0171,i215,1,1709055387
u0575,i362,5,1709055402
u0189,i578,5,1709055680
u1717,i333,5,1709055967
u1590,i498,5,1709056578
u0590,i483,2,1709057029
u1106,i179,4,1709057150
u0845,i078,5,1709057907
u0818,i452,5,1709058278
u0424,i490,5,1709058557
u1700,i573,5,1709058897
u0374,i480,1,1709058901
u1610,i266,3,1709059065
u0657,i283,5,1709059244
u1179,i256,5,1709059605
u0475,i590,5,1709060834
u0308,i384,4,1709060966
u0049,i081,4,1709061451
u0030,i364,4,1709062085
u1285,i547,4,1709062132
u1963,i206,3,1709062639
u1520,i582,5,1709063281
u0553,i391,5,1709063330
u0178,i510,4,1709063340
u1133,i230,5,1709064678
u0397,i356,5,1709065053
u1411,i472,3,1709065114
u1264,i309,5,1709065570
u0012,i177,4,1709066104
u0236,i107,5,1709066700
u0174,i391,4,1709067212
u1867,i223,4,1709067893
u0958,i233,4,1709067939
u0756,i226,5,1709069280
u1051,i361,5,1709069395
u0786,i568,3,1709069513
u1385,i215,5,1709069684
u1156,i057,5,1709069733
u1073,i243,2,1709070059
u0389,i398,5,1709070527
u0685,i554,4,1709070660
u0804,i473,5,1709070800
u1195,i304,4,1709070986
u1942,i015,5,1709071072
u0018,i096,5,1709072624
u1414,i122,3,1709073675
u0031,i529,5,1709074079
u0978,i527,5,1709074218
u0961,i333,4,1709075040
u0596,i337,5,1709075754
u0137,i176,4,1709076978
u1654,i023,1,1709077350
u1448,i230,4,1709077376
u1952,i013,1,1709077814
u1717,i420,5,1709078609
u1877,i550,5,1709080437
u0258,i221,4,1709080898
u0721,i254,4,1709081795
u1072,i526,3,1709081913
u0688,i237,5,1709082661
u0858,i292,4,1709082962
u1669,i089,5,1709083741
u0496,i052,4,1709084738
u0090,i169,5,1709084827
u0577,i204,5,1709085267
u0910,i254,5,1709085274
u0745,i568,1,1709085745
u1881,i268,1,1709085757
u1542,i173,5,1709086661
u1507,i090,5,1709086974
u0567,i369,5,1709087143
u1954,i450,3,1709087922
u1941,i108,5,1709088376
u0307,i005,1,1709088882
u0292,i118,2,1709089094
u1034,i377,5,1709089102
u0906,i595,4,1709089186
u0562,i402,3,1709089695
u0854,i291,1,1709089864
u0479,i591,4,1709089972
u0982,i448,2,1709090946
u1275,i286,5,1709091207
u0904,i204,4,1709091324
u0268,i463,5,1709091858
u1866,i456,1,1709091887
u0089,i363,2,1709092806
u1020,i380,1,1709094861
u1785,i078,4,1709094867
u0612,i349,4,1709095055
u0675,i568,2,1709095694
u0337,i261,1,1709095769
u0985,i442,1,1709096297
u1998,i526,5,1709096380
u1501,i524,3,1709096627
u1112,i217,4,1709096857
u1179,i229,5,1709098086
u0812,i429,5,1709098719
u1243,i333,1,1709098731
u0150,i515,5,1709100069
u0406,i300,5,1709100581
u1502,i046,4,1709100705
u0074,i333,2,1709100870
u0539,i357,4,1709101244
u1285,i261,4,1709101606
u1514,i381,4,1709101744
u0287,i359,4,1709102829
u1187,i070,4,1709102944
u1779,i299,5,1709103049
u0667,i007,4,1709103484
u1382,i509,4,1709103739
u1367,i258,4,1709103822
u1187,i243,2,1709103978
u0078,i273,4,1709104672
u0835,i333,4,1709105341
u1657,i196,4,1709106130
u1728,i526,4,1709107027
u0366,i293,4,1709107707
u0038,i333,3,1709107758
u1688,i424,4,1709108389
u1680,i126,3,1709109497
u1936,i396,4,1709109721
u1944,i108,4,1709110444
u1572,i055,4,1709111699
u1870,i299,4,1709112781
u1194,i176,5,1709113408
u0723,i213,5,1709114158
u0662,i045,5,1709114174
u0401,i209,5,1709114491
u1633,i162,5,1709115309
u0902,i337,4,1709115577
u1961,i566,4,1709115620
u0087,i094,4,1709116701
u0723,i076,5,1709117775
u1638,i370,4,1709118054
u1297,i514,1,1709118488
u1093,i127,4,1709118772
u0948,i526,3,1709119156
u1229,i162,5,1709119251
u1851,i507,4,1709119320
u1766,i287,2,1709119392
u0562,i103,4,1709119517
u0852,i416,4,1709119579
u0402,i320,4,1709119985
u1460,i373,4,1709120195
u0209,i363,5,1709120606
u1038,i021,4,1709122864
u1546,i597,5,1709122907
u0073,i402,4,1709122994
u1863,i286,5,1709123207
u1933,i096,5,1709123743
u1638,i489,1,1709124192
u1006,i083,4,1709124745
u1899,i092,4,1709125122
u1665,i036,3,1709125382
u0713,i541,5,1709125484
u0576,i133,5,1709126448
u0185,i233,4,1709126605
u1111,i245,1,1709126739
u0242,i095,4,1709127017
u1269,i287,2,1709127156
u1934,i487,5,1709127308
u0375,i145,4,1709127416
u1161,i478,5,1709127511
u0091,i102,5,1709128421
u0134,i117,5,1709128545
u0022,i213,5,1709129074
u0668,i290,4,1709129150
u1043,i301,4,1709129914
u1624,i126,1,1709129968
u0067,i067,4,1709131046
u1027,i097,5,1709131322
u1041,i588,4,1709131908
u1400,i354,4,1709132448
u0549,i376,5,1709132747
u1170,i287,5,1709132830
u0920,i363,4,1709132847
u1978,i252,1,1709133199
u1260,i390,1,1709133210
u1462,i103,4,1709133806
u1920,i375,4,1709134101
u0718,i268,5,1709134113
u0904,i309,4,1709134924
u0140,i294,4,1709134993
u0360,i508,3,1709135740
u0365,i568,5,1709136239
u0216,i410,4,1709136934
u1966,i061,5,1709137071
u1379,i254,1,1709137126
u1239,i399,5,1709137147
u1542,i507,2,1709137626
u1814,i351,5,1709137845
u1688,i111,5,1709138305
u1286,i352,5,1709138512
u0600,i081,5,1709138726
u1621,i016,4,1709139391
u1735,i564,1,1709139838
u1590,i263,4,1709140122
u1176,i212,4,1709140291
u1427,i181,4,1709140596
u1730,i334,1,1709142658
u1736,i113,4,1709142896
u1020,i235,4,1709142925
u0278,i529,2,1709143314
u1738,i526,5,1709143526
u1911,i075,4,1709143992
u0497,i377,5,1709144104
u0880,i597,4,1709144413
u1284,i113,4,1709145154
u1770,i515,1,1709146123
u1758,i268,2,1709146140
u0581,i283,4,1709146347
u0674,i507,5,1709146356
u1679,i377,3,1709149552
u1941,i297,5,1709152042
u0332,i256,5,1709152588
u1081,i006,5,1709152645
u0580,i042,4,1709153339
u1936,i282,5,1709154115
u0699,i334,5,1709154411
u0943,i198,5,1709154859
u1859,i146,1,1709155387
u1837,i268,2,1709155801
u1988,i522,5,1709156035
u1342,i433,5,1709156321
u0265,i428,2,1709156490
u0423,i350,5,1709156880
u0949,i480,4,1709156940
u1190,i243,1,1709157028
u0393,i504,1,1709157209
u1969,i013,2,1709157461
u1425,i084,5,1709157991
u1607,i447,5,1709158304
u1393,i428,4,1709159290
u0190,i188,5,1709159340
u0426,i278,3,1709159713
u0853,i268,1,1709160594
u0889,i283,5,1709161291
u0042,i333,5,1709161490
u1742,i243,4,1709161948
u0166,i333,1,1709162759
u1135,i536,5,1709163330
u1848,i034,4,1709163848
u1546,i473,2,1709163898
u1711,i170,5,1709165146
u1260,i527,4,1709166411
u0064,i422,4,1709166626
u1401,i387,2,1709166970
u0111,i540,4,1709168387
u1329,i417,4,1709168674
u0338,i526,4,1709169046
u0591,i442,1,1709169209
u0676,i364,5,1709169272
u0797,i206,4,1709170027
u0503,i233,4,1709170410
u1878,i057,5,1709170535
u1724,i013,4,1709170985
u0637,i263,4,1709171462
u0536,i243,4,1709171476
u0655,i055,1,1709171597
u0142,i550,5,1709171814
u0860,i250,4,1709172451
u1527,i498,5,1709172864
u0890,i563,4,1709174218
u0748,i302,5,1709174826
u0051,i544,4,1709176320
u1892,i134,5,1709176325
u0380,i599,4,1709178689
u1128,i284,4,1709179294
u1252,i009,5,1709179704
u0166,i305,4,1709181008
u0585,i097,2,1709182576
u0285,i535,2,1709182780
u0462,i251,4,1709182900
u1142,i084,4,1709183393
u0101,i519,4,1709183670
u0228,i119,4,1709184019
u1731,i027,5,1709184306
u0934,i126,1,1709186969
u0144,i310,4,1709187508
u0055,i419,5,1709187556
u0067,i475,4,1709187798
u0124,i261,5,1709188238
u1428,i117,5,1709188369
u1064,i243,2,1709188672
u0374,i271,5,1709188722
u0036,i261,4,1709188764
u1552,i296,3,1709188809
u0239,i519,5,1709188850
u0078,i291,4,1709188920
u1540,i254,5,1709189660
u0596,i025,5,1709189967
u0806,i507,2,1709190236
u0166,i057,4,1709190427
u1544,i097,2,1709190704
u1792,i551,4,1709191600
u1168,i252,5,1709192208
u1808,i214,4,1709192340
u0431,i570,5,1709192504
u0675,i092,5,1709193170
u0373,i244,4,1709193660
u1862,i143,4,1709194532
u1920,i202,5,1709194830
u0544,i048,4,1709194894
u1978,i564,4,1709194984
u0087,i131,4,1709195656
u0131,i342,5,1709196089
u1689,i292,3,1709197153
u0520,i428,5,1709197277
u1145,i529,3,1709198143
u1830,i529,4,1709199723
u1883,i546,5,1709199940
u0030,i309,4,1709200031
u1218,i499,4,1709201483
u0497,i593,1,1709201557
u0133,i342,4,1709201669
u0330,i377,4,1709202108
u1596,i243,3,1709202859
u1855,i305,5,1709203376
u1785,i300,4,1709204811
u1915,i173,4,1709204827
u1602,i117,5,1709205052
u0512,i015,5,1709205224
u1962,i130,5,1709205551
u1695,i243,1,1709205583
u0622,i493,5,1709205667
u1784,i516,5,1709206751
u1978,i350,5,1709207104
u0216,i013,3,1709207200
u0967,i016,5,1709207316
u1722,i368,4,1709207382
u0665,i312,4,1709207541
u0528,i013,4,1709207948
u0882,i249,1,1709209141
u1230,i113,2,1709209583
u0745,i501,4,1709209621
u1229,i062,2,1709209801
u0233,i412,5,1709209905
u1017,i131,4,1709210151
u1278,i140,4,1709210396
u1765,i178,1,1709210833
u1603,i301,2,1709211581
u0398,i287,2,1709212709
u0338,i219,5,1709213466
u1867,i117,4,1709215551
u0000,i040,3,1709216625
u0019,i062,1,1709216850
u0077,i483,4,1709217278
u1802,i283,5,1709218087
u1523,i379,4,1709218173
u1659,i419,4,1709218278
u0353,i541,5,1709218292
u0216,i374,5,1709218840
u1911,i346,4,1709218986
u1978,i194,5,1709219278
u0596,i470,4,1709219516
u0745,i336,2,1709219593
u1318,i118,3,1709221922
u0373,i205,5,1709221967
u1275,i568,5,1709222485
u1061,i097,5,1709222806
u0619,i158,4,1709222877
u1470,i541,4,1709223123
u0837,i219,5,1709223829
u1660,i286,3,1709224617
u0458,i216,3,1709224671
u1353,i524,5,1709225350
u0582,i268,5,1709225914
u0303,i564,1,1709226313
u0296,i216,5,1709227120
u1305,i372,4,1709227517
u1134,i243,1,1709227722
u1527,i266,3,1709228135
u1813,i421,5,1709229132
u1286,i093,4,1709229991
u1395,i117,5,1709231151
u0464,i076,4,1709231214
u0731,i310,4,1709231623
u0198,i504,5,1709231651
u0073,i268,3,1709232121
u1663,i382,5,1709232455
u1596,i291,2,1709232493
u0876,i428,2,1709232646
u0503,i580,2,1709233264
u0422,i055,1,1709233767
u1959,i044,4,1709234127
u1374,i336,4,1709234235
u1855,i354,5,1709234847
u0501,i593,3,1709235030
u1565,i585,5,1709235089
u0087,i117,1,1709235853
u1000,i128,4,1709236749
u0546,i416,4,1709237049
u0012,i333,2,1709237251
u0805,i564,5,1709237769
u1753,i294,5,1709237817
u0516,i204,1,1709239140
u1715,i425,4,1709239310
u0798,i292,5,1709240023
u0117,i341,4,1709240312
u1345,i013,4,1709241387
u1517,i152,4,1709241960
u0458,i255,5,1709243586
u0216,i019,4,1709244101
u1894,i342,5,1709244445
u1379,i264,3,1709245746
u1210,i292,5,1709246237
u1665,i582,4,1709247498
u0301,i568,4,1709248182
u0809,i507,5,1709248463
u0742,i355,5,1709248755
u0397,i346,1,1709249236
u1028,i568,4,1709249412
u0358,i268,2,1709249518
u0516,i188,4,1709250379
u1814,i122,5,1709251110
u1176,i229,5,1709251265
u1510,i419,4,1709251449
u1121,i262,1,1709252162
u1158,i545,4,1709252703
u0449,i244,5,1709252735
u1387,i446,1,1709253246
u1478,i599,3,1709253525
u1715,i274,2,1709254733
u0398,i268,4,1709255739
u1623,i371,4,1709256031
u1630,i301,5,1709256576
u1361,i018,4,1709258707
u0518,i150,4,1709259668
u0858,i146,5,1709261069
u1599,i425,4,1709261278
u1313,i037,4,1709261297
u0279,i089,5,1709261457
u0657,i526,5,1709261607
u1767,i352,5,1709261951
u0881,i113,4,1709262057
u1286,i334,2,1709262407
u1648,i132,4,1709262719
u1600,i388,5,1709263130
u1578,i189,3,1709263407
u1703,i529,4,1709263679
u1407,i261,4,1709264277
u0138,i363,4,1709264520
u0406,i577,5,1709264833
u0686,i217,5,1709265364
u0103,i492,5,1709265920
u0592,i593,5,1709266203
u0868,i294,4,1709266347
u1824,i452,4,1709266653
u0760,i095,5,1709267643
u1523,i482,5,1709268442
u0784,i085,5,1709269237
u0050,i194,2,1709269458
u0664,i377,1,1709269696
u1868,i340,5,1709269830
u0555,i143,5,1709269921
u1726,i175,5,1709270839
u1329,i358,4,1709271144
u1020,i424,5,1709272095
u1614,i387,3,1709272247
u0470,i069,5,1709272748
u1020,i332,5,1709272828
u0772,i089,4,1709272907
u1180,i274,4,1709273062
u1114,i340,5,1709273393
u0216,i341,5,1709273919
u0468,i273,1,1709273926
u1212,i355,5,1709274291
u0966,i585,5,1709275031
u0414,i416,5,1709275325
u0287,i565,4,1709277065
u1867,i361,4,1709277099
u0921,i055,5,1709277121
u1161,i089,5,1709277412
u0584,i140,4,1709277542
u1539,i582,4,1709278010
u1344,i570,4,1709278667
u1049,i116,4,1709279066
u0204,i104,3,1709280038
u1190,i340,3,1709280654
u1138,i243,4,1709281204
u1718,i013,4,1709281927
u0994,i243,5,1709282259
u1776,i176,5,1709283628
u1013,i243,1,1709284800
u1904,i233,3,1709284915
u1232,i269,5,1709285101
u1738,i263,4,1709285350
u1936,i116,4,1709285799
u1425,i131,4,1709285968
u1033,i081,4,1709286384
u0900,i377,1,1709286814
u0627,i030,5,1709287039
u0387,i493,4,1709287086
u0423,i343,4,1709287385
u1620,i599,5,1709287544
u1934,i125,4,1709287916
u1681,i511,5,1709288350
u1272,i427,5,1709288763
u1350,i384,5,1709289146
u1674,i333,5,1709289392
u0310,i112,5,1709289512
u0388,i419,4,1709290136
u0732,i013,4,1709290172
u1345,i451,4,1709291033
u0044,i576,4,1709291043
u0036,i339,5,1709291561
u1283,i374,4,1709291683
u0512,i570,4,1709292071
u0133,i443,5,1709292143
u0830,i256,4,1709293062
u1313,i076,5,1709293276
u0951,i232,5,1709293475
u1786,i113,4,1709293829
u1322,i286,5,1709294380
u1841,i399,5,1709294639
u1993,i297,4,1709294952
u0074,i561,2,1709294993
u1453,i526,5,1709295537
u1643,i593,4,1709296409
u0923,i324,5,1709297478
u0743,i361,5,1709298386
u0695,i370,5,1709299096
u1623,i166,5,1709301526
u0619,i243,1,1709302015
u1527,i297,4,1709302089
u0410,i483,3,1709302818
u1406,i282,4,1709303379
u1290,i563,4,1709303398
u0131,i381,5,1709305513
u1461,i358,4,1709306476
u1956,i483,5,1709306567
u0481,i077,4,1709306665
u0361,i143,5,1709307931
u1345,i206,4,1709308643
u1243,i461,4,1709309095
u0154,i091,4,1709309116
u1221,i530,4,1709309662
u0720,i566,5,1709310056
u0635,i417,5,1709310457
u1799,i563,4,1709310490
u0885,i472,5,1709310815
u1165,i013,5,1709310876
u1117,i227,4,1709311241
u1686,i581,4,1709312246
u0505,i068,5,1709312868
u0467,i328,4,1709312939
u1452,i421,4,1709312949
u1443,i553,5,1709312979
u0967,i163,1,1709313264
u1404,i031,2,1709313607
u1105,i470,4,1709313828
u1627,i362,3,1709314486
u0308,i225,4,1709314799
u1292,i507,2,1709315156
u0503,i242,5,1709315248
u0754,i454,4,1709315437
u0285,i254,5,1709316076
u0411,i203,4,1709316287
u1388,i266,5,1709316606
u0198,i500,5,1709316645
u1696,i372,4,1709317507
u1058,i089,5,1709318504
u0472,i568,3,1709318653
u0737,i542,5,1709319298
u0266,i399,4,1709319454
u1646,i077,4,1709319519
u0863,i233,1,1709319562
u0594,i563,5,1709320152
u0708,i333,4,1709321162
u0289,i288,4,1709321176
u1876,i243,4,1709321270
u1990,i097,5,1709321575
u1148,i291,5,1709322326
u1832,i008,4,1709323332
u0112,i469,5,1709323511
u0133,i294,4,1709324345
u0724,i365,3,1709325016
u1263,i195,3,1709325158
u1035,i348,5,1709325206
u0336,i403,5,1709326573
u0394,i377,5,1709326608
u1457,i424,1,1709327472
u1391,i440,4,1709328009
u0935,i314,4,1709328037
u1777,i233,5,1709329307
u0723,i426,1,1709329762
u0024,i546,2,1709330270
u0617,i240,5,1709331848
u0854,i402,5,1709332221
u0435,i243,1,1709333646
u1549,i573,5,1709334540
u1168,i406,4,1709337061
u0659,i417,5,1709337154
u0906,i015,4,1709337419
u0206,i372,5,1709337458
u1998,i598,5,1709337617
u1640,i352,4,1709337865
u0754,i113,1,1709337912
u0824,i140,5,1709338161
u0282,i488,5,1709338276
u0521,i012,1,1709338302
u0600,i535,5,1709340509
u0623,i254,5,1709341087
u0806,i194,4,1709341628
u1376,i219,5,1709342342
u0694,i117,1,1709342524
u1323,i359,4,1709343770
u0135,i434,4,1709344512
u1059,i346,5,1709345212
u0602,i467,4,1709345464
u0721,i274,1,1709346008
u0394,i265,4,1709346019
u1740,i145,5,1709346173
u1479,i249,1,1709347148
u1318,i263,5,1709348134
u0900,i590,4,1709348300
u1526,i060,1,1709348524
u0041,i472,5,1709348961
u1436,i384,4,1709349088
u0929,i194,5,1709349728
u0529,i244,5,1709351540
u1033,i265,4,1709351653
u0853,i287,5,1709351979
u1509,i313,4,1709352191
u1234,i371,4,1709352257
u0317,i363,4,1709352882
u1373,i421,5,1709353830
u0851,i117,1,1709354657
u1365,i352,5,1709355611
u1966,i244,5,1709356893
u1071,i073,1,1709356939
u1868,i536,5,1709357309
u1940,i565,4,1709357331
u0795,i180,5,1709357530
u1103,i564,5,1709357861
u1209,i220,5,1709359014
u0956,i243,3,1709359807
u0684,i243,3,1709360339
u0355,i516,5,1709360599
u0957,i255,5,1709360603
u1342,i305,3,1709361818
u0323,i566,5,1709361821
u1239,i243,3,1709362273
u0217,i507,4,1709362374
u1326,i274,5,1709363779
u0748,i559,4,1709364832
u0733,i517,4,1709365595
u1059,i106,2,1709366035
u0032,i117,5,1709366107
u0661,i599,5,1709367465
u1488,i106,1,1709367719
u1116,i077,5,1709367741
u0017,i417,5,1709367809
u0190,i092,5,1709368409
u1447,i117,5,1709368756
u0639,i265,4,1709369153
u0590,i226,4,1709369801
u1642,i419,4,1709370991
u0683,i013,4,1709373659
u0466,i428,4,1709373823
u1333,i562,4,1709374292
u0600,i423,4,1709374550
u1193,i457,3,1709374886
u1792,i589,4,1709375565
u1472,i568,5,1709375749
u1744,i517,5,1709376781
u1989,i599,4,1709376805
u0633,i429,1,1709377055
u0959,i091,3,1709379758
u0635,i569,4,1709380543
u0287,i013,4,1709381873
u0888,i461,5,1709383195
u0010,i349,5,1709385360
u0642,i055,5,1709385533
u0896,i241,4,1709385926
u0370,i037,4,1709386939
u0057,i218,1,1709387240
u0873,i378,5,1709387487
u1689,i374,4,1709387808
u1404,i298,2,1709390663
u0133,i257,4,1709391455
u1409,i055,3,1709391931
u0545,i399,5,1709391981
u0943,i526,3,1709392681
u1491,i150,5,1709393051
u1561,i411,4,1709394008
u1792,i113,2,1709394277
u1344,i113,5,1709394545
u0225,i179,4,1709395236
u0364,i352,5,1709395422
u0858,i243,3,1709395586
u1096,i526,5,1709396347
u1591,i271,4,1709396712
u0495,i334,4,1709396718
u0418,i142,5,1709397381
u1072,i363,2,1709397820
u1538,i233,5,1709397834
u1881,i287,5,1709398959
u0332,i046,4,1709399902
u1895,i077,5,1709399978
u0755,i185,5,1709400405
u1674,i291,3,1709400425
u1976,i226,4,1709400518
u1991,i329,4,1709400755
u0524,i451,5,1709401156
u0662,i243,1,1709402926
u0357,i587,4,1709403229
u0967,i131,5,1709403249
u0164,i472,5,1709403698
u1387,i060,5,1709404183
u0275,i092,5,1709404384
u1524,i207,4,1709404826
u0062,i507,5,1709405688
u0214,i109,5,1709405749
u1129,i261,5,1709406029
u1564,i575,5,1709406110
u0500,i487,4,1709406132
u1844,i546,5,1709406202
u0401,i528,5,1709406431
u0659,i570,4,1709407404
u0780,i332,3,1709407696
u1796,i361,2,1709407820
u0956,i598,2,1709408003
u1480,i550,4,1709408522
u1769,i394,5,1709409992
u0116,i361,5,1709410019
u1351,i361,5,1709410671
u0884,i519,3,1709412362
u0063,i042,5,1709415560
u1908,i423,4,1709416023
u1484,i038,4,1709416261
u0631,i530,4,1709416364
u0275,i315,4,1709416702
u1487,i535,2,1709416761
u0818,i540,4,1709416795
u0829,i402,1,1709417844
u0099,i112,1,1709418443
u1318,i097,5,1709418492
u1623,i425,4,1709418978
u1532,i243,3,1709419287
u1799,i217,5,1709419332
u1241,i363,5,1709419400
u1804,i253,5,1709419496
u1408,i445,5,1709420826
u0483,i319,3,1709421237
u0758,i343,5,1709421630
u0432,i500,5,1709421635
u1800,i333,5,1709421732
u0724,i333,1,1709422012
u0868,i527,5,1709422487
u1119,i193,5,1709422884
u1128,i570,4,1709423396
u1467,i255,1,1709424061
u1781,i116,4,1709424218
u1223,i535,3,1709424278
u0619,i023,5,1709424541
u0265,i182,4,1709424885
u1454,i240,5,1709425328
u0075,i387,4,1709425344
u1424,i122,5,1709426741
u1755,i375,5,1709426755
u0407,i254,2,1709427528
u0064,i363,4,1709427642
u1693,i566,4,1709427689
u1001,i261,4,1709427973
u0670,i567,5,1709428374
u1005,i068,4,1709428618
u0098,i134,2,1709429030
u1683,i568,4,1709429050
u0417,i315,5,1709429052
u0229,i557,5,1709429090
u0607,i089,2,1709429470
u0324,i461,5,1709430074
u0360,i108,5,1709430613
u1648,i333,3,1709430699
u1205,i595,5,1709431138
u0472,i540,4,1709431447
u1435,i554,4,1709431577
u1238,i348,5,1709431961
u0625,i419,5,1709432301
u1864,i372,2,1709432394
u0087,i507,4,1709432417
u1112,i116,2,1709433027
u1154,i160,5,1709433646
u0557,i333,2,1709433980
u0851,i402,5,1709434186
u1832,i373,5,1709434547
u1646,i363,5,1709434807
u0932,i204,4,1709435761
u0374,i481,5,1709437175
u0342,i195,4,1709438080
u1877,i109,5,1709438212
u1287,i334,5,1709439451
u1226,i220,5,1709439616
u0375,i536,4,1709439771
u1508,i112,4,1709439817
u1978,i319,2,1709440088
u0914,i237,4,1709440725
u0608,i564,2,1709442990
u0251,i511,5,1709443005
u1060,i113,2,1709443181
u0543,i097,4,1709443249
u0643,i243,4,1709444066
u0378,i395,4,1709444236
u0248,i291,4,1709444561
u1833,i480,5,1709444573
u0333,i279,5,1709445446
u0244,i355,4,1709446710
u0030,i249,5,1709447279
u0092,i564,3,1709448101
u0221,i140,5,1709448513
u0290,i507,1,1709448526
u1012,i097,5,1709448815
u0484,i526,5,1709448817
u0332,i392,5,1709449010
u0808,i334,4,1709449780
u0462,i470,1,1709450320
u0057,i402,5,1709450569
u0317,i233,4,1709450785
u0275,i107,4,1709450953
u1856,i018,5,1709451935
u1851,i443,5,1709452232
u1016,i243,5,1709452996
u1478,i510,5,1709453528
u1695,i599,5,1709453794
u1663,i238,2,1709454513
u1543,i025,5,1709454601
u0479,i342,2,1709454874
u0240,i568,3,1709455506
u1816,i468,3,1709455761
u0526,i333,5,1709455762
u0326,i092,4,1709457054
u1800,i477,5,1709457812
u1232,i484,4,1709458138
u1570,i104,5,1709458945
u1186,i175,1,1709459108
u1378,i134,5,1709459908
u0624,i271,5,1709460737
u0248,i117,4,1709462474
u0557,i568,5,1709462985
u1642,i454,4,1709463068
u0748,i465,4,1709463270
u1557,i525,4,1709463420
u1607,i243,4,1709464370
u0130,i227,5,1709464508
u0042,i243,3,1709465831
u1755,i048,1,1709466173
u0068,i419,4,1709466235
u1255,i093,3,1709466785
u1658,i268,3,1709466984
u0901,i358,2,1709467574
u0498,i292,4,1709468208
u1091,i567,4,1709468303
u0678,i220,4,1709468792
u0011,i357,4,1709469472
u0562,i540,3,1709469743
u1678,i333,4,1709470077
u1114,i006,4,1709472931
u1852,i162,5,1709473144
u1791,i150,5,1709473786
u1934,i268,3,1709473856
u1261,i140,4,1709473885
u0339,i071,4,1709473917
u1821,i116,5,1709474269
u0449,i019,5,1709474497
u1465,i125,4,1709475150
u0264,i159,4,1709475565
u1894,i046,1,1709476047
u0728,i176,5,1709476145
u1746,i257,5,1709476560
u0257,i468,5,1709476967
u1444,i418,3,1709477199
u1592,i362,3,1709477361
u1804,i507,5,1709477528
u0557,i223,4,1709477862
u1350,i417,3,1709478024
u1641,i140,1,1709478574
u0668,i357,4,1709479812
u0661,i446,5,1709479883
u0548,i447,5,1709479947
u0984,i549,5,1709480372
u1689,i315,4,1709480601
u0552,i052,5,1709482469
u0154,i357,4,1709483190
u1981,i425,4,1709483681
u0472,i237,5,1709484626
u1900,i431,5,1709485067
u1378,i254,1,1709485423
u0319,i377,4,1709485707
u0313,i582,4,1709486132
u0183,i143,4,1709486457
u1764,i519,2,1709486481
u0700,i291,5,1709486518
u1849,i348,3,1709487339
u1151,i580,4,1709487973
u1920,i268,4,1709488255
u0577,i094,3,1709488822
u1112,i081,4,1709489271
u1270,i015,4,1709489731
u0665,i562,5,1709489752
u1061,i031,5,1709490169
u0973,i093,5,1709490405
u1204,i425,5,1709490458
u0771,i396,2,1709490814
u1265,i276,4,1709491161
u1102,i334,5,1709491250
u1509,i509,4,1709491322
u0689,i140,3,1709491781
u0622,i016,5,1709491942
u0017,i355,5,1709492088
u0113,i254,4,1709492286
u0208,i131,4,1709492365
u1324,i322,5,1709492543
u1233,i504,5,1709492708
u1868,i480,1,1709493201
u0694,i529,4,1709493848
u0065,i108,4,1709493905
u1933,i422,2,1709494232
u1312,i360,4,1709495014
u0957,i430,4,1709496340
u1435,i463,4,1709496466
u0016,i267,5,1709497055
u1629,i241,5,1709497212
u0314,i194,4,1709498369
u1610,i445,4,1709499808
u0434,i219,3,1709501066
u0781,i507,5,1709501162
u0148,i237,5,1709501983
u1799,i265,4,1709502041
u1736,i594,4,1709502649
u0135,i185,4,1709502724
u0372,i106,5,1709502764
u0205,i048,4,1709503281
u1099,i460,4,1709503593
u0628,i586,4,1709504254
u0518,i595,5,1709504357
u1475,i084,1,1709504665
u0677,i291,1,1709505102
u0590,i334,5,1709505933
u0930,i461,4,1709511733
u1752,i073,4,1709511870
u0769,i019,5,1709512197
u0694,i424,4,1709512559
u0647,i172,4,1709513091
u0528,i489,4,1709513565
u0528,i319,4,1709513688
u1597,i195,5,1709513796
u1043,i060,4,1709514088
u1746,i342,5,1709514674
u1966,i293,1,1709514686
u1795,i379,4,1709515800
u0340,i269,4,1709515825
u1297,i013,4,1709515908
u1209,i128,5,1709515970
u0256,i243,5,1709516148
u0448,i166,4,1709516751
u0900,i074,4,1709518278
u0584,i462,4,1709518969
u0791,i097,5,1709519424
u0355,i034,4,1709520488
u1437,i167,1,1709521928
u0835,i097,5,1709522212
u1065,i300,5,1709523661
u1287,i341,4,1709524388
u1311,i091,5,1709526159
u1269,i553,5,1709526658
u0567,i409,3,1709526763
u0941,i194,4,1709526959
u0733,i334,2,1709527049
u1001,i269,4,1709527378
u0222,i260,5,1709528052
u0364,i013,4,1709528083
u1321,i560,4,1709529060
u0069,i256,2,1709529550
u0545,i031,5,1709529793
u0308,i527,5,1709530012
u1477,i363,4,1709530122
u1680,i263,4,1709530160
u0539,i447,5,1709530263
u0644,i319,5,1709530279
u1240,i472,4,1709530372
u0386,i448,5,1709530434
u0350,i217,4,1709530582
u1547,i488,5,1709530808
u1870,i254,4,1709531057
u0692,i354,4,1709531573
u0460,i117,4,1709532358
u0813,i318,5,1709532624
u1168,i111,4,1709532859
u1540,i294,3,1709532906
u0701,i347,4,1709534040
u0174,i097,1,1709534319
u1342,i303,4,1709534611
u1992,i113,1,1709535370
u0276,i140,5,1709535450
u1176,i521,4,1709535928
u1192,i493,5,1709536071
u0894,i504,4,1709536488
u0809,i404,5,1709536535
u1703,i332,4,1709536937
u0404,i565,5,1709539919
u1854,i419,1,1709540634
u1211,i506,5,1709540986
u0467,i564,5,1709541158
u1974,i313,5,1709542022
u1220,i113,5,1709543021
u1925,i292,5,1709543214
u0612,i411,5,1709544115
u0828,i097,4,1709544402
u1031,i411,4,1709544452
u1238,i372,3,1709544867
u1499,i591,5,1709545110
u0195,i334,5,1709545649
u0960,i540,4,1709545730
u1076,i467,5,1709546851
u0390,i547,5,1709546954
u0695,i023,5,1709548201
u1590,i283,5,1709548242
u0647,i261,2,1709548848
u1410,i507,4,1709549153
u0100,i518,4,1709549857
u0255,i476,5,1709550191
u0361,i211,4,1709551060
u0656,i308,2,1709551293
u0725,i564,5,1709551617
u0385,i580,1,1709551640
u1372,i108,5,1709551665
u0622,i179,4,1709552681
u0731,i117,5,1709552715
u1222,i417,5,1709552867
u0685,i391,5,1709553274
u0077,i214,5,1709553969
u1764,i084,1,1709554583
u1640,i140,4,1709554673
u0309,i215,5,1709554735
u0342,i504,5,1709555114
u1241,i245,5,1709555981
u0271,i306,4,1709556805
u1404,i252,5,1709556943
u1206,i145,4,1709556959
u0657,i230,4,1709557382
u0912,i291,2,1709557500
u1064,i334,4,1709558008
u1844,i529,5,1709558060
u0848,i179,2,1709559482
u1397,i447,4,1709559699
u1349,i146,4,1709560364
u0098,i342,4,1709561341
u1801,i268,2,1709561582
u1145,i231,4,1709562573
u0500,i357,4,1709562687
u0372,i243,5,1709562708
u1535,i352,4,1709563024
u0255,i428,4,1709564031
u1196,i363,3,1709565250
u0594,i562,4,1709565287
u0109,i363,3,1709565825
u1454,i479,4,1709566714
u1294,i113,2,1709567157
u0348,i419,4,1709567536
u0062,i178,5,1709567902
u0959,i560,4,1709568300
u0440,i292,5,1709568906
u0242,i326,4,1709569265
u0581,i526,4,1709569876
u1317,i158,5,1709570073
u1512,i401,5,1709570724
u0750,i007,4,1709571317
u0856,i296,5,1709571533
u0515,i511,5,1709571927
u0820,i005,5,1709572779
u1441,i483,1,1709572862
u0596,i423,4,1709573080
u0898,i254,5,1709573548
u1180,i428,5,1709573961
u1538,i508,3,1709574146
u1572,i000,4,1709575018
u1868,i088,3,1709575346
u1231,i130,5,1709575824
u0760,i106,1,1709576428
u1904,i287,5,1709576976
u1311,i204,5,1709577016
u1395,i568,5,1709578547
u1866,i062,4,1709580821
u0176,i289,3,1709580963
u1899,i168,4,1709581201
u1549,i260,5,1709581856
u0013,i309,4,1709581895
u0643,i577,4,1709582286
u1096,i116,4,1709582377
u1451,i564,3,1709582792
u1179,i066,4,1709583189
u0331,i164,5,1709583229
u1847,i385,4,1709583763
u1012,i116,4,1709584046
u1322,i356,5,1709584071
u1523,i428,4,1709584085
u1920,i197,5,1709584761
u1340,i291,1,1709584974
u1240,i192,3,1709585028
u0245,i324,2,1709586850
u1302,i519,5,1709587653
u1646,i451,2,1709587685
u0955,i337,3,1709588625
u1585,i394,4,1709588900
u1239,i172,4,1709589756
u0017,i457,5,1709590000
u0440,i375,5,1709590532
u0519,i073,5,1709591132
u1386,i251,2,1709591142
u0271,i504,5,1709591270
u1792,i106,5,1709591284
u0059,i598,4,1709593198
u1310,i100,4,1709593691
u1320,i046,4,1709594084
u1981,i507,2,1709594126
u1561,i363,2,1709594845
u1578,i456,3,1709595133
u1574,i332,1,1709595735
u1061,i322,2,1709596102
u1081,i186,4,1709597266
u1125,i143,5,1709598036
u0558,i524,1,1709598125
u1515,i097,5,1709598223
u0723,i526,5,1709598530
u1006,i279,5,1709599212
u1457,i289,5,1709599253
u1026,i281,5,1709600471
u0768,i364,5,1709600568
u0205,i115,4,1709600888
u1202,i477,4,1709601136
u0977,i009,5,1709601269
u0834,i447,4,1709601709
u0904,i357,4,1709602089
u0389,i539,5,1709602116
u1249,i026,5,1709602490
u0448,i388,5,1709603227
u0292,i538,4,1709603299
u1081,i262,5,1709603459
u0432,i089,2,1709603465
u0486,i195,4,1709603534
u1420,i105,1,1709603602
u0660,i261,2,1709604061
u1908,i260,5,1709604435
u1272,i298,3,1709605639
u1542,i160,5,1709605821
u0872,i322,5,1709606160
u0553,i364,4,1709606769
u1892,i044,4,1709606973
u1004,i570,4,1709606989
u0509,i538,4,1709607648
u1420,i243,4,1709607935
u0537,i296,4,1709608324
u1420,i091,4,1709608344
u0082,i369,5,1709608542
u0641,i145,3,1709608725
u0198,i038,5,1709609370
u1931,i383,4,1709609876
u1869,i191,5,1709611145
u0138,i151,5,1709611402
u1698,i055,3,1709612295
u1937,i332,5,1709612900
u0034,i409,5,1709613298
u1000,i030,5,1709613355
u0031,i251,5,1709613572
u0595,i268,1,1709617048
u1546,i523,5,1709617220
u0578,i507,4,1709618249
u0483,i040,4,1709618658
u1910,i182,1,1709618907
u0909,i414,5,1709619368
u0458,i531,1,1709619536
u0619,i101,4,1709620017
u0507,i265,5,1709620759
u0354,i128,4,1709621653
u1286,i066,4,1709622377
u0392,i510,4,1709622571
u0090,i240,5,1709623362
u1617,i495,5,1709624037
u0594,i109,4,1709624483
u0391,i438,4,1709624532
u1981,i241,5,1709624678
u0804,i334,2,1709625947
u0634,i391,3,1709626142
u1573,i584,3,1709626487
u1640,i411,4,1709626922
u1316,i521,5,1709627570
u1637,i148,5,1709627605
u1303,i205,4,1709627701
u1637,i575,4,1709628185
u0017,i044,4,1709628625
u1250,i497,5,1709629424
u1069,i368,1,1709629520
u0676,i261,2,1709629858
u0069,i129,4,1709630356
u1873,i387,4,1709630358
u1428,i479,4,1709630765
u1653,i529,4,1709632064
u0152,i495,4,1709634232
u0786,i586,1,1709634544
u0777,i470,5,1709636186
u1329,i015,5,1709636230
u0589,i044,2,1709636636
u0577,i125,4,1709637672
u0020,i333,3,1709637922
u0687,i266,5,1709638164
u0219,i243,3,1709638439
u0974,i190,1,1709639723
u1814,i208,5,1709639849
u0917,i553,4,1709640278
u1700,i370,5,1709640705
u1294,i451,4,1709641052
u0978,i243,2,1709641276
u1489,i335,2,1709641833
u1853,i048,5,1709642340
u0812,i042,4,1709642470
u1506,i266,1,1709644195
u1388,i571,5,1709644643
u1384,i112,5,1709644809
u0840,i371,4,1709645079
u0932,i106,5,1709645387
u0166,i463,4,1709645741
u0171,i048,5,1709646647
u0965,i507,4,1709647142
u0225,i074,3,1709647195
u1562,i377,5,1709647207
u1354,i196,4,1709647254
u1739,i291,1,1709647507
u1532,i257,1,1709647775
u0714,i484,4,1709648810
u0962,i526,2,1709649152
u0699,i205,4,1709649175
u0167,i234,4,1709650074
u0926,i254,4,1709650670
u0711,i048,4,1709651177
u1476,i293,4,1709651358
u0102,i315,4,1709651501
u1663,i291,4,1709651725
u1694,i247,4,1709651781
u1945,i090,4,1709651848
u0439,i302,4,1709651866
u1236,i234,4,1709651962
u0886,i072,4,1709652096
u0347,i173,1,1709652226
u0147,i006,5,1709653229
u0395,i164,4,1709653474
u0357,i575,2,1709653670
u0817,i290,4,1709654268
u0113,i361,5,1709655517
u0556,i219,5,1709655520
u1346,i291,1,1709656086
u0747,i165,5,1709656089
u1542,i230,4,1709656123
u1481,i113,3,1709656436
u1368,i244,5,1709657671
u1774,i103,4,1709657688
u1176,i373,5,1709657975
u0589,i529,5,1709658176
u1431,i510,4,1709658259
u1745,i290,4,1709658844
u0017,i134,5,1709659389
u0174,i447,5,1709659413
u0592,i418,3,1709659546
u0261,i130,2,1709659781
u0736,i493,5,1709660140
u0160,i454,4,1709662375
u0506,i595,3,1709663169
u1920,i229,4,1709663214
u0107,i363,4,1709663714
u0554,i379,2,1709663775
u0193,i343,1,1709664315
u0552,i254,5,1709665548
u1917,i227,5,1709665770
u0552,i360,5,1709665880
u1061,i037,5,1709666015
u0206,i257,4,1709666120
u0892,i136,5,1709666465
u1883,i243,3,1709667507
u0164,i175,4,1709667609
u0216,i599,5,1709668070
u0501,i334,5,1709669514
u0198,i025,4,1709669967
u1974,i461,4,1709670214
u0453,i489,5,1709670568
u1878,i371,2,1709670642
u1498,i255,1,1709670798
u1628,i108,2,1709671260
u0021,i572,5,1709671856
u0409,i268,5,1709672276
u0868,i117,1,1709672843
u1591,i521,2,1709673154
u0437,i538,5,1709673716
u0069,i013,1,1709674563
u0616,i413,5,1709674995
u1099,i025,4,1709675065
u0837,i333,4,1709675270
u1654,i504,3,1709676220
u1966,i243,1,1709676370
u1013,i425,4,1709676673
u0665,i461,5,1709676911
u0262,i277,3,1709677259
u0190,i351,4,1709678546
u0402,i545,4,1709678811
u1522,i587,5,1709678935
u0810,i547,5,1709679100
u1774,i540,1,1709679330
u0397,i223,4,1709679348
u1710,i019,5,1709679894
u1753,i529,4,1709680799
u0061,i357,3,1709681250
u0054,i548,1,1709682065
u1829,i526,4,1709683303
u1178,i574,5,1709684063
u1474,i532,4,1709684172
u0166,i470,3,1709684411
u0770,i580,4,1709685214
u0292,i438,4,1709685311
u1033,i189,4,1709685470
u0135,i334,4,1709685471
u0417,i040,4,1709685664
u1248,i041,4,1709685691
u1596,i008,4,1709686311
u0592,i201,4,1709686611
u1332,i419,5,1709687294
u0246,i117,5,1709688344
u0227,i221,5,1709688411
u1739,i293,1,1709688724
u0052,i507,3,1709689644
u0714,i083,5,1709689912
u1622,i157,4,1709690882
u1451,i110,4,1709690945
u1521,i091,4,1709691157
u1555,i526,4,1709692078
u0814,i262,2,1709692752
u1252,i501,5,1709693433
u0040,i403,4,1709695432
u1154,i059,4,1709695555
u0325,i372,2,1709695594
u1581,i377,5,1709696344
u1660,i439,4,1709696455
u1660,i597,5,1709696737
u1869,i034,4,1709696739
u1323,i265,3,1709696983
u0219,i366,5,1709697996
u0715,i411,2,1709698980
u0856,i342,4,1709699046
u1418,i234,5,1709699070
u0191,i073,4,1709699162
u1143,i334,4,1709700094
u1704,i292,5,1709700121
u0176,i564,5,1709700531
u0299,i072,4,1709700725
u0761,i073,4,1709701515
u0591,i256,5,1709701857
u0512,i510,4,1709702369
u1042,i040,5,1709702593
u0822,i291,3,1709703179
u0068,i212,5,1709703928
u0938,i076,2,1709704776
u0645,i413,5,1709704865
u0243,i568,5,1709705298
u1229,i113,4,1709705841
u0296,i538,4,1709706116
u0050,i196,5,1709706629
u1109,i004,4,1709707049
u0981,i265,5,1709707112
u0752,i047,3,1709707420
u0540,i349,4,1709707479
u0030,i291,3,1709707918
u1058,i316,4,1709707938
u0687,i588,4,1709708024
u1744,i092,3,1709708696
u0520,i251,5,1709708911
u1832,i390,5,1709709073
u0119,i015,5,1709709108
u1487,i363,4,1709709620
u0615,i470,4,1709710159
u0237,i268,2,1709710204
u0524,i498,2,1709710772
u0430,i401,5,1709710999
u0842,i176,1,1709711492
u0224,i018,4,1709711865
u1282,i383,5,1709712466
u1808,i217,5,1709712470
u0543,i220,5,1709712784
u0765,i564,4,1709713051
u1020,i007,5,1709714476
u1132,i597,5,1709714553
u0803,i565,1,1709715288
u0036,i524,4,1709715347
u0983,i194,5,1709716062
u0223,i480,5,1709716294
u0675,i122,4,1709716312
u1006,i273,4,1709716329
u0829,i261,4,1709717006
u1858,i261,4,1709717297
u0808,i540,5,1709718439
u1261,i146,5,1709718440
u0935,i488,5,1709718461
u1694,i230,4,1709718858
u0761,i337,5,1709719060
u0484,i503,5,1709720093
u0128,i268,5,1709720726
u1273,i146,5,1709721495
u0023,i108,3,1709721816
u0307,i527,5,1709722263
u1057,i357,5,1709722540
u0669,i062,5,1709722683
u1857,i349,4,1709723530
u0667,i475,5,1709724627
u0448,i390,4,1709724718
u0694,i079,5,1709725363
u1935,i162,5,1709726359
u1353,i261,4,1709726521
u1234,i425,5,1709726608
u0535,i526,5,1709727421
u1719,i134,5,1709727443
u1719,i054,5,1709727508
u0554,i201,4,1709728038
u0057,i414,4,1709728745
u1804,i268,1,1709729223
u0672,i428,1,1709729527
u1004,i595,4,1709729675
u1197,i444,4,1709729727
u1371,i357,5,1709730130
u0605,i188,4,1709730564
u0819,i079,4,1709731515
u0189,i102,4,1709731719
u1141,i115,3,1709732080
u1820,i417,4,1709733304
u0044,i470,2,1709733311
u1596,i104,5,1709733463
u0804,i564,4,1709734372
u0780,i365,1,1709734937
u0776,i268,5,1709735476
u1244,i171,4,1709737992
u0534,i194,2,1709738042
u0608,i013,5,1709739193
u1966,i341,4,1709739405
u1008,i227,4,1709739422
u0718,i066,5,1709739678
u0562,i283,5,1709739822
u1217,i133,4,1709740027
u1974,i573,4,1709740330
u1139,i323,4,1709740467
u1019,i322,5,1709740802
u0043,i384,5,1709740819
u0968,i525,5,1709740911
u1418,i474,5,1709740958
u1279,i034,4,1709742020
u1182,i109,4,1709742052
u1816,i261,4,1709742411
u0995,i333,2,1709742846
u0861,i344,4,1709743315
u1853,i402,5,1709743494
u0030,i447,4,1709743513
u0279,i526,1,1709745164
u0830,i363,1,1709745235
u0355,i447,3,1709745371
u1167,i253,5,1709745868
u0913,i134,4,1709746011
u0115,i507,2,1709746989
u1910,i535,5,1709747528
u1313,i097,5,1709748145
u0519,i214,4,1709748198
u0999,i582,1,1709748403
u0269,i453,5,1709748905
u1096,i405,5,1709749530
u0568,i521,4,1709750250
u0026,i568,5,1709750778
u0937,i529,4,1709750864
u0515,i220,1,1709750877
u0782,i062,5,1709751641
u1596,i495,3,1709751683
u0569,i568,5,1709751946
u0116,i117,4,1709752133
u1403,i293,3,1709752623
u0820,i355,5,1709752740
u0884,i314,4,1709752923
u0909,i271,4,1709753158
u1936,i243,3,1709753426
u0511,i570,5,1709753651
u0074,i113,4,1709753859
u0796,i460,5,1709753945
u1522,i463,5,1709754273
u1538,i500,2,1709754952
u1514,i266,4,1709755289
u0569,i456,4,1709755699
u0750,i084,4,1709755724
u1263,i419,2,1709756024
u1833,i449,2,1709756066
u0394,i461,4,1709756743
u0710,i238,4,1709757019
u0874,i070,5,1709758327
u1702,i117,5,1709758676
u1537,i166,3,1709758755
u1132,i011,5,1709758767
u1813,i009,4,1709759177
u1094,i542,5,1709759454
u1992,i363,3,1709760202
u1483,i086,5,1709761136
u0552,i218,5,1709762336
u0086,i372,1,1709763476
u1531,i303,4,1709764077
u0598,i199,4,1709765497
u0075,i526,5,1709766134
u0608,i048,1,1709766773
u0991,i061,5,1709767075
u1481,i335,4,1709767085
u0797,i268,5,1709767373
u0353,i095,4,1709767399
u1121,i287,4,1709767973
u0178,i245,4,1709768460
u0212,i190,5,1709769168
u0111,i019,4,1709769480
u0952,i184,5,1709769790
u0384,i053,4,1709770077
u0852,i286,4,1709770630
u1858,i003,4,1709770939
u0672,i484,1,1709771000
u1114,i597,4,1709771244
u1831,i461,4,1709771363
u0568,i363,1,1709771474
u1809,i553,5,1709771771
u0315,i268,2,1709771867
u1632,i548,5,1709772546
u0227,i077,4,1709773033
u1610,i314,5,1709773163
u0804,i171,4,1709773347
u1548,i473,4,1709773517
u0258,i529,3,1709774995
u0354,i420,4,1709775845
u0656,i416,5,1709776014
u1317,i428,2,1709776673
u1678,i580,4,1709777186
u0260,i443,3,1709777540
u1740,i245,5,1709777625
u0541,i429,4,1709777758
u0022,i108,5,1709778677
u1655,i013,4,1709779099
u1809,i371,5,1709780095
u1672,i333,5,1709780997
u0217,i527,5,1709782022
u1121,i384,2,1709782104
u1183,i365,5,1709782419
u0457,i234,5,1709782613
u0292,i077,4,1709784948
u0165,i175,5,1709785176
u0006,i461,5,1709785633
u0186,i568,3,1709786466
u1878,i364,5,1709786735
u1470,i526,5,1709786748
u1001,i163,4,1709787657
u0527,i211,2,1709787895
u1406,i247,4,1709788023
u0448,i531,4,1709788413
u1145,i363,4,1709789048
u1119,i568,1,1709789107
u0768,i561,5,1709789441
u1637,i116,4,1709789799
u0347,i136,5,1709790690
u0124,i233,2,1709790704
u1337,i105,4,1709790961
u0191,i563,4,1709792309
u0375,i216,4,1709792452
u0886,i357,5,1709792839
u1650,i170,1,1709793254
u1145,i417,4,1709793507
u0677,i595,5,1709793898
u0262,i568,5,1709794974
u1986,i284,5,1709796826
u1574,i373,2,1709796988
u0056,i275,4,1709797193
u1092,i505,5,1709797259
u1210,i193,5,1709797552
u0429,i211,3,1709797902
u1936,i541,5,1709798261
u1158,i048,4,1709798634
u0642,i032,1,1709799205
u0429,i425,4,1709800684
u1788,i363,5,1709801176
u1895,i006,4,1709801850
u0941,i334,3,1709801951
u1022,i487,3,1709802654
u0641,i066,4,1709802724
u0985,i364,5,1709803166
u0737,i595,4,1709803361
u1362,i023,5,1709803662
u0799,i480,1,1709804671
u1072,i377,5,1709805189
u0866,i062,2,1709805518
u0405,i107,5,1709805971
u1119,i049,4,1709806250
u1143,i062,5,1709806282
u0837,i097,4,1709806863
u1156,i473,5,1709807593
u0667,i089,2,1709807732
u1944,i268,3,1709808103
u1640,i349,5,1709808533
u0045,i548,4,1709808859
u0686,i060,5,1709809046
u0885,i546,1,1709809749
u0450,i580,5,1709809758
u0685,i335,5,1709809887
u0175,i462,4,1709809922
u1758,i424,2,1709810136
u0540,i564,2,1709810469
u0370,i184,4,1709811305
u0728,i243,3,1709811965
u0528,i480,3,1709812574
u0657,i598,5,1709812688
u0692,i574,5,1709812771
u1596,i013,4,1709812888
u0086,i516,4,1709813087
u1694,i545,3,1709813514
u0618,i197,5,1709813764
u1745,i234,5,1709814300
u0247,i016,2,1709814524
u1838,i268,2,1709814922
u1177,i013,5,1709815187
u0252,i289,5,1709815286
u1556,i526,5,1709815411
u1441,i566,4,1709815603
u1248,i141,3,1709815701
u1244,i490,2,1709815988
u1910,i572,4,1709816931
u0861,i351,5,1709817651
u1611,i216,3,1709817701
u0274,i116,4,1709817768
u0770,i220,5,1709817872
u0535,i124,4,1709817988
u1510,i435,1,1709818154
u0942,i136,5,1709818800
u1521,i243,5,1709819724
u0985,i304,5,1709820018
u0702,i429,5,1709820078
u1747,i428,5,1709820381
u0915,i104,5,1709821317
u1714,i023,4,1709821682
u0393,i587,5,1709822614
u1046,i568,2,1709822673
u0760,i541,4,1709822696
u1496,i480,5,1709822925
u1131,i414,2,1709822950
u1509,i423,5,1709823092
u1533,i008,1,1709823092
u1954,i521,5,1709823262
u0612,i363,3,1709823743
u0907,i427,5,1709824602
u0140,i529,4,1709825002
u1446,i411,5,1709825243
u1264,i357,4,1709825892
u1842,i170,4,1709826573
u0460,i279,5,1709827115
u1964,i341,4,1709827834
u1462,i490,4,1709828142
u0878,i333,5,1709828427
u0067,i317,5,1709829052
u0512,i417,5,1709829429
u0191,i519,5,1709829818
u0925,i230,5,1709830210
u1767,i199,5,1709831144
u0057,i334,4,1709831150
u0263,i292,4,1709831415
u0749,i274,5,1709831574
u0028,i204,5,1709832184
u1170,i467,5,1709832506
u0886,i194,5,1709832942
u1663,i138,5,1709833693
u1282,i098,5,1709833759
u0623,i163,5,1709834719
u1609,i162,3,1709835142
u0415,i237,5,1709835231
u0063,i113,4,1709836175
u0715,i319,3,1709837854
u0223,i223,5,1709838462
u1683,i218,5,1709838697
u1211,i447,4,1709839559
u1604,i305,5,1709840131
u1561,i140,5,1709840181
u1485,i593,4,1709840328
u1060,i372,5,1709841524
u1996,i177,4,1709842601
u1645,i455,4,1709843263
u1006,i593,4,1709843854
u1807,i544,5,1709844318
u1462,i148,5,1709845102
u0567,i201,5,1709845417
u0624,i122,5,1709845841
u1211,i201,3,1709846423
u0449,i268,3,1709847382
u1684,i122,4,1709847650
u1091,i220,4,1709847709
u1950,i566,5,1709848669
u0705,i377,5,1709848920
u0842,i340,5,1709849051
u0771,i063,4,1709849401
u0105,i364,4,1709849937
u1448,i219,4,1709850165
u1075,i243,1,1709851021
u0291,i331,5,1709852464
u1450,i205,4,1709853374
u0664,i029,3,1709853586
u0811,i351,4,1709853730
u1490,i024,5,1709853918
u0617,i526,3,1709853998
u0794,i097,4,1709854061
u0811,i053,5,1709856270
u1453,i207,5,1709856666
u0337,i106,5,1709857001
u0884,i029,4,1709857392
u1249,i415,5,1709858075
u0941,i473,4,1709858097
u0432,i504,4,1709858219
u1310,i203,4,1709858715
u1277,i349,5,1709860428
u1287,i092,5,1709861132
u1176,i359,5,1709863680
u0063,i560,4,1709864687
u1239,i204,2,1709865054
u1475,i143,5,1709865956
u0638,i470,4,1709866447
u1784,i015,5,1709867414
u0734,i571,4,1709869257
u0254,i131,1,1709870764
u0455,i564,2,1709870881
u1386,i507,2,1709871049
u1992,i194,4,1709871963
u0922,i271,4,1709873855
u1111,i279,5,1709874117
u0744,i117,3,1709876063
u0102,i107,4,1709877393
u0462,i272,4,1709877812
u0592,i117,5,1709877900
u1676,i510,4,1709878019
u1061,i363,3,1709878513
u0559,i531,5,1709878814
u1077,i162,5,1709879526
u0689,i286,4,1709879727
u1258,i311,5,1709880502
u1814,i014,5,1709880568
u1211,i023,2,1709880777
u0465,i303,4,1709881233
u0702,i363,4,1709882008
u0689,i568,5,1709882648
u1432,i271,4,1709882936
u0636,i007,1,1709882956
u0556,i493,2,1709883006
u0180,i418,5,1709884178
u1017,i543,5,1709884552
u1260,i566,5,1709884842
u1679,i270,4,1709884956
u0702,i597,4,1709884977
u0009,i424,4,1709885043
u1477,i407,2,1709885616
u1005,i254,4,1709885654
u0506,i446,5,1709886039
u0002,i288,5,1709886472
u0965,i577,3,1709887081
u1153,i253,5,1709887610
u1406,i121,5,1709887782
u1395,i039,5,1709888690
u0030,i462,3,1709890209
u0748,i528,5,1709890229
u1387,i021,5,1709890858
u1517,i599,5,1709891891
u0461,i092,5,1709892226
u1204,i140,4,1709893056
u0737,i242,4,1709893536
u0285,i243,1,1709893806
u0791,i230,5,1709894028
u1406,i575,5,1709894184
u1585,i333,1,1709894251
u1046,i598,4,1709894316
u0603,i593,4,1709896149
u0964,i566,5,1709896569
u0332,i293,4,1709896651
u1826,i323,5,1709896769
u0749,i576,5,1709896874
u1843,i285,5,1709896954
u1440,i593,4,1709897418
u1939,i341,3,1709897928
u0753,i303,2,1709897966
u0980,i255,4,1709898515
u1908,i500,4,1709898900
u1388,i568,2,1709899267
u1171,i097,3,1709899379
u1461,i465,4,1709899709
u0705,i268,3,1709900878
u0652,i377,5,1709900957
u0934,i337,4,1709902102
u1100,i361,5,1709902149
u1128,i234,1,1709902385
u1624,i152,4,1709902402
u0719,i363,4,1709902627
u1531,i353,4,1709902781
u0284,i524,5,1709903013
u0472,i152,5,1709903472
u0741,i110,4,1709903903
u1984,i220,4,1709903953
u0316,i557,4,1709904053
u0147,i585,4,1709904177
u0766,i201,5,1709904549
u0442,i295,5,1709905236
u0573,i357,1,1709905432
u1917,i139,1,1709906093
u1974,i426,4,1709906492
u0086,i134,4,1709906547
u1783,i522,4,1709907732
u1424,i402,4,1709908016
u1361,i393,5,1709908107
u0243,i026,4,1709908583
u1342,i539,5,1709908700
u0550,i541,1,1709909180
u0644,i261,1,1709909436
u1514,i291,3,1709909445
u1994,i292,5,1709911621
u0462,i529,5,1709911929
u0419,i179,4,1709912073
u1886,i581,5,1709913261
u1369,i280,4,1709913489
u0202,i429,5,1709913863
u1920,i417,3,1709914732
u0943,i518,4,1709915983
u0271,i377,5,1709915991
u1848,i243,2,1709916157
u0952,i283,5,1709916176
u0040,i470,1,1709916703
u1238,i378,5,1709917969
u0690,i268,5,1709918377
u1648,i378,2,1709918463
u1291,i295,4,1709919859
u0208,i159,5,1709920373
u0343,i293,1,1709920379
u1418,i057,5,1709920554
u0604,i306,4,1709920768
u0946,i204,4,1709920781
u1600,i049,4,1709920900
u1493,i470,4,1709921934
u0287,i065,5,1709922854
u1392,i286,4,1709923792
u0217,i529,5,1709924024
u1719,i196,4,1709924818
u1278,i097,1,1709924954
u0720,i050,5,1709925671
u0054,i095,5,1709926028
u0757,i057,1,1709926822
u1901,i048,4,1709926915
u1360,i103,4,1709928136
u0990,i526,2,1709928849
u0701,i494,4,1709928903
u0441,i395,4,1709928982
u0738,i564,1,1709929848
u0293,i401,4,1709929893
u1412,i438,3,1709931343
u0277,i448,4,1709931425
u1497,i282,5,1709931638
u0516,i341,5,1709931881
u0603,i291,5,1709932174
u0174,i007,2,1709932916
u1591,i122,4,1709933317
u1799,i470,5,1709933686
u1640,i319,5,1709933740
u1363,i350,3,1709933897
u0402,i122,5,1709934094
u0053,i511,5,1709934654
u0594,i514,4,1709934690
u1641,i255,5,1709934922
u0784,i213,4,1709935003
u1697,i119,4,1709935693
u1641,i470,4,1709935999
u1201,i544,5,1709936984
u1681,i331,5,1709937184
u1713,i390,5,1709937330
u0119,i268,3,1709938894
u0178,i363,5,1709939793
u0986,i378,5,1709941235
u1195,i427,5,1709941504
u1721,i074,4,1709941842
u0126,i226,5,1709941907
u0562,i051,4,1709942346
u0642,i484,4,1709942931
u1614,i068,4,1709943161
u1305,i268,2,1709943884
u1641,i265,4,1709944033
u1967,i347,1,1709944186
u0726,i097,4,1709945150
u0584,i047,4,1709946507
u0314,i243,5,1709946562
u0857,i152,2,1709947212
u0874,i264,5,1709947298
u0166,i232,4,1709947307
u0738,i549,5,1709947327
u1105,i334,2,1709947430
u0479,i397,4,1709947978
u0812,i401,4,1709948007
u0447,i460,4,1709948468
u1643,i526,1,1709948531
u0759,i543,5,1709949025
u0639,i298,1,1709949115
u0071,i280,5,1709949617
u0696,i205,4,1709949859
u1249,i240,4,1709951046
u1064,i205,5,1709951470
u0710,i264,2,1709951504
u0862,i504,5,1709951545
u0267,i239,5,1709951924
u0298,i009,3,1709952074
u0948,i511,4,1709952577
u1698,i029,4,1709954204
u1135,i284,4,1709954538
u1317,i162,3,1709956520
u1914,i238,5,1709957035
u1479,i117,5,1709957655
u0547,i498,2,1709957962
u0770,i329,5,1709958411
u0798,i268,5,1709958617
u1660,i433,4,1709958720
u1798,i363,5,1709959243
u1726,i122,4,1709961139
u1284,i325,4,1709961315
u0267,i017,5,1709962506
u0713,i399,4,1709962552
u0038,i361,5,1709963373
u0420,i349,4,1709964124
u1838,i055,5,1709964322
u0993,i503,5,1709964623
u1188,i333,3,1709964761
u0154,i341,2,1709965050
u1224,i332,5,1709965165
u1642,i521,4,1709965251
u0019,i517,4,1709965972
u1437,i413,5,1709966279
u1782,i382,4,1709966426
u0235,i454,4,1709967049
u1119,i371,4,1709967063
u0140,i570,3,1709967070
u0270,i310,4,1709968558
u1646,i597,4,1709968670
u1474,i204,5,1709969943
u1022,i189,4,1709970067
u0113,i276,5,1709970960
u0911,i529,1,1709971017
u1866,i481,4,1709971687
u1465,i357,4,1709973010
u0176,i073,3,1709973389
u0041,i446,4,1709973779
u0495,i048,5,1709973993
u1057,i574,4,1709974186
u1811,i484,5,1709974409
u0796,i143,4,1709974502
u0212,i177,5,1709974953
u1327,i572,4,1709976091
u1883,i588,4,1709976411
u1299,i314,5,1709976593
u0990,i506,4,1709978252
u1545,i234,5,1709978699
u1801,i514,4,1709979364
u0485,i083,2,1709979498
u1660,i041,2,1709979830
u1216,i242,4,1709980662
u0779,i013,4,1709980997
u0338,i037,5,1709982034
u0539,i243,5,1709982034
u0180,i598,3,1709982677
u0662,i588,3,1709982784
u1511,i373,2,1709983021
u1509,i009,4,1709983593
u0457,i205,1,1709983740
u0195,i039,1,1709984332
u0098,i237,2,1709985859
u0677,i280,4,1709986110
u0475,i507,3,1709987383
u1060,i243,1,1709988862
u1179,i126,3,1709989284
u1007,i006,5,1709989435
u1944,i389,3,1709990034
u1349,i352,4,1709990798
u0964,i372,4,1709990829
u1966,i019,5,1709991135
u1151,i541,4,1709991161
u1218,i545,5,1709991654
u1802,i526,4,1709991711
u0897,i292,5,1709991770
u0786,i440,5,1709993470
u1767,i256,4,1709993903
u0507,i143,5,1709994104
u1595,i313,3,1709995375
u1408,i396,4,1709995676
u0074,i355,5,1709997645
u1349,i023,3,1709997768
u1465,i057,5,1709997869
u0758,i291,3,1709998907
u1982,i199,3,1709999016
u0279,i350,4,1709999395
u0954,i016,4,1709999453
u0341,i249,4,1709999538
u0929,i357,5,1709999613
u0185,i538,5,1709999862
u1652,i203,5,1709999927
u1795,i404,4,1710000738
u1289,i296,5,1710000746
u0524,i567,2,1710001403
u0356,i427,4,1710001739
u1266,i097,5,1710002388
u0000,i113,5,1710002440
u1640,i181,4,1710003478
u0956,i417,1,1710003812
u0146,i092,4,1710005022
u0829,i441,4,1710005069
u1385,i364,5,1710006178
u1186,i585,4,1710008305
u1146,i068,5,1710008419
u0117,i472,5,1710008454
u0774,i475,5,1710008965
u1096,i461,1,1710009013
u1272,i232,5,1710009147
u1698,i140,1,1710009167
u1813,i189,4,1710010405
u0303,i545,5,1710010483
u0231,i470,5,1710010617
u1946,i074,4,1710010761
u1486,i568,4,1710010856
u1222,i363,5,1710010875
u0737,i044,4,1710011772
u0027,i460,2,1710011977
u1311,i208,1,1710012320
u0905,i124,4,1710012446
u0220,i165,5,1710013109
u0130,i356,5,1710013361
u1181,i320,4,1710014173
u1518,i425,2,1710014320
u0809,i043,4,1710014815
u1917,i261,4,1710014835
u1378,i435,5,1710014958
u0637,i261,3,1710015084
u1976,i237,4,1710015191
u0064,i570,4,1710016029
u1853,i529,1,1710016073
u1848,i528,5,1710016903
u1277,i013,4,1710017089
u1642,i166,4,1710018460
u0989,i384,3,1710018580
u0093,i335,4,1710018612
u1123,i009,5,1710019432
u1422,i186,5,1710020186
u1248,i428,5,1710020513
u0581,i512,4,1710021183
u1483,i579,5,1710021263
u1659,i521,4,1710022350
u0449,i048,5,1710022611
u1948,i361,3,1710022695
u1075,i412,4,1710022941
u0142,i377,4,1710022962
u1959,i243,3,1710023464
u0755,i372,1,1710023846
u0399,i505,5,1710024876
u0445,i381,5,1710026753
u1395,i026,4,1710027638
u0078,i182,5,1710028384
u0210,i226,4,1710028930
u1325,i413,5,1710029613
u0876,i000,5,1710029696
u0697,i262,5,1710030045
u0437,i368,5,1710030527
u0937,i334,2,1710031400
u1387,i550,4,1710032354
u1975,i507,5,1710032520
u1201,i419,5,1710032818
u1553,i412,4,1710033085
u1987,i563,4,1710033197
u0521,i408,5,1710033250
u1119,i419,4,1710033587
u1510,i090,5,1710034877
u0365,i361,4,1710034880
u0417,i599,4,1710035846
u0541,i113,4,1710036070
u0754,i568,3,1710036714
u1386,i377,4,1710037650
u0070,i384,3,1710038051
u0876,i568,5,1710038112
u0374,i334,5,1710038970
u0958,i113,4,1710039427
u0775,i508,4,1710040199
u1637,i418,3,1710040283
u1628,i368,4,1710041554
u1222,i398,4,1710041676
u0193,i016,4,1710042607
u0146,i351,5,1710042987
u1722,i191,5,1710043495
u0963,i249,5,1710043534
u1008,i264,4,1710044080
u1634,i407,5,1710044174
u1643,i568,4,1710044474
u1287,i045,1,1710044733
u1694,i108,5,1710045778
u1810,i023,1,1710045789
u0041,i048,5,1710046537
u0509,i398,5,1710047007
u1643,i486,4,1710047110
u0384,i205,5,1710047398
u0354,i490,5,1710047433
u0860,i384,4,1710047794
u0417,i540,4,1710047848
u0900,i414,4,1710047904
u1938,i461,4,1710048585
u0008,i588,4,1710048687
u0931,i118,5,1710049731
u1879,i017,4,1710049993
u0041,i092,5,1710051123
u1140,i243,2,1710051414
u1548,i204,4,1710052004
u0677,i044,4,1710052289
u1068,i355,5,1710052584
u0183,i337,5,1710052602
u1218,i590,5,1710052615
u0269,i069,5,1710053183
u1490,i290,5,1710053441
u0183,i363,3,1710053443
u0542,i234,5,1710053707
u1815,i256,4,1710054034
u0331,i507,4,1710054341
u0534,i594,4,1710054727
u1298,i376,4,1710054936
u0745,i386,5,1710055263
u1054,i134,5,1710057150
u1992,i391,5,1710057305
u0585,i288,5,1710057399
u0155,i326,5,1710057660
u0829,i291,5,1710057989
u1991,i119,5,1710058111
u1464,i354,1,1710058488
u0583,i011,4,1710058664
u1201,i248,4,1710058946
u1966,i372,3,1710059112
u1312,i287,5,1710059959
u1621,i428,5,1710060119
u1717,i148,4,1710060744
u0667,i507,5,1710060809
u1609,i140,5,1710061541
u1160,i565,4,1710061595
u1809,i261,2,1710061692
u1258,i384,2,1710061925
u1828,i325,2,1710062339
u0761,i483,5,1710064765
u1925,i556,4,1710066397
u0754,i049,4,1710066930
u0013,i243,5,1710067356
u0838,i333,2,1710067807
u1231,i335,1,1710068349
u0007,i558,5,1710068565
u1045,i552,4,1710068599
u0481,i211,2,1710070435
u1679,i340,1,1710070636
u1698,i215,3,1710072934
u0876,i163,4,1710072985
u1261,i268,4,1710073248
u1596,i521,4,1710073339
u0277,i550,4,1710073345
u1154,i108,4,1710073374
u1851,i268,2,1710073593
u1980,i013,5,1710074048
u0340,i360,5,1710074949
u0540,i513,4,1710075013
u1519,i352,4,1710075043
u1739,i555,4,1710075686
u1141,i327,4,1710075918
u0701,i253,4,1710076286
u1276,i205,4,1710076586
u1434,i054,4,1710076629
u0509,i150,5,1710077187
u1659,i250,2,1710077284
u0275,i595,1,1710077575
u1249,i278,5,1710077934
u1215,i594,4,1710078018
u0954,i067,5,1710078217
u1748,i021,5,1710080362
u0376,i361,2,1710080941
u0894,i363,1,1710081500
u0961,i297,4,1710082348
u1046,i503,5,1710082603
u1203,i347,4,1710082733
u1927,i480,5,1710083553
u1096,i352,3,1710083590
u0707,i321,4,1710083664
u1302,i548,2,1710083673
u0741,i252,4,1710083681
u0563,i054,2,1710083821
u1479,i416,4,1710084486
u0003,i593,1,1710084557
u0868,i227,1,1710085276
u0589,i111,4,1710085296
u0863,i097,5,1710086151
u1641,i021,5,1710086266
u0577,i089,4,1710086343
u1109,i243,1,1710088568
u0463,i297,4,1710089190
u1121,i291,4,1710089624
u1780,i361,5,1710089983
u1153,i372,4,1710090329
u0864,i507,4,1710090459
u1080,i054,4,1710090718
u1983,i274,5,1710091142
u0803,i564,2,1710091259
u0349,i568,5,1710092071
u1016,i089,5,1710093794
u1947,i528,3,1710095414
u1033,i504,4,1710095415
u1722,i077,5,1710095696
u0104,i038,4,1710095821
u1395,i261,5,1710095863
u0133,i291,2,1710096067
u1322,i026,4,1710097017
u0978,i308,4,1710097462
u1611,i013,5,1710097609
u1041,i252,4,1710097625
u0483,i540,4,1710097936
u1250,i567,2,1710098523
u1999,i014,5,1710098711
u0782,i114,4,1710099417
u1321,i146,3,1710100534
u1074,i526,2,1710100979
u0382,i254,4,1710101710
u0651,i507,5,1710102122
u1149,i545,5,1710102464
u0553,i377,2,1710102496
u1737,i141,3,1710102548
u0908,i068,5,1710102782
u0235,i521,5,1710103550
u1737,i097,5,1710104138
u0176,i551,5,1710104416
u1902,i055,5,1710104726
u1305,i428,5,1710105340
u0173,i504,3,1710105570
u1553,i529,4,1710108057
u0622,i379,4,1710108478
u1800,i029,4,1710108992
u0590,i285,5,1710109716
u0683,i385,4,1710109761
u1810,i529,4,1710109834
u0357,i304,5,1710110335
u0317,i020,4,1710110368
u0818,i112,5,1710111639
u0900,i374,4,1710112208
u0127,i188,4,1710112862
u1101,i012,3,1710113102
u1849,i507,5,1710113316
u1224,i274,4,1710113402
u1951,i118,5,1710113525
u1864,i575,4,1710113820
u0423,i564,4,1710114904
u0880,i274,3,1710115051
u1485,i507,3,1710115073
u1787,i595,3,1710115165
u1509,i300,3,1710116422
u0789,i377,5,1710117498
u0344,i481,4,1710117999
u0600,i570,3,1710118464
u1758,i540,4,1710119796
u0860,i566,5,1710120384
u0860,i098,2,1710120456
u1992,i456,2,1710120593
u1562,i243,3,1710120601
u1120,i113,5,1710120854
u0184,i315,4,1710121250
u1244,i378,5,1710122490
u1867,i480,4,1710123010
u0678,i526,4,1710123681
u0941,i378,5,1710124179
u1889,i198,2,1710125015
u1173,i273,2,1710125298
u0043,i529,5,1710125644
u1418,i088,5,1710125891
u1021,i329,5,1710126029
u0960,i092,5,1710126343
u0712,i328,4,1710126778
u0054,i333,4,1710126901
u0689,i361,5,1710127147
u1379,i084,4,1710127496
u1716,i377,2,1710128765
u0438,i020,4,1710131733
u0582,i513,4,1710133229
u1154,i333,4,1710133470
u0035,i113,4,1710133580
u1273,i495,3,1710134033
u1518,i456,1,1710134578
u1214,i352,5,1710134725
u0246,i480,4,1710134886
u0650,i243,1,1710135975
u1806,i343,5,1710136194
u1724,i263,2,1710136712
u1435,i473,4,1710137254
u1878,i243,5,1710137421
u1679,i007,4,1710137776
u1140,i104,5,1710138800
u0116,i276,4,1710138939
u0502,i281,4,1710138969
u1709,i243,5,1710139427
u0794,i030,4,1710139783
u1974,i244,3,1710139910
u1974,i109,5,1710140518
u0283,i327,5,1710141385
u0159,i241,3,1710141424
u0193,i372,5,1710141585
u0761,i470,4,1710142085
u1596,i192,5,1710142382
u1410,i332,5,1710143530
u1029,i580,4,1710144025
u0467,i357,4,1710144294
u0898,i070,4,1710144498
u0056,i218,1,1710144767
u0125,i226,4,1710144793
u0515,i472,4,1710146205
u0557,i273,4,1710146259
u1353,i279,5,1710146748
u0164,i188,4,1710147136
u1130,i099,2,1710147437
u0616,i439,4,1710147887
u1680,i556,1,1710148566
u0825,i440,5,1710148603
u1786,i303,4,1710148694
u0176,i069,5,1710148896
u0705,i501,4,1710149276
u0317,i292,2,1710149703
u0571,i244,1,1710150615
u1681,i590,4,1710150646
u1841,i396,5,1710151040
u1285,i287,4,1710151155
u1105,i504,5,1710151227
u0287,i419,4,1710151746
u1197,i396,4,1710151848
u1853,i336,4,1710152189
u0928,i363,3,1710152617
u1129,i330,5,1710152764
u1663,i274,3,1710153172
u0500,i364,5,1710153316
u1839,i444,4,1710153330
u0861,i137,1,1710153523
u1221,i243,5,1710153560
u0981,i243,3,1710153601
u1828,i121,4,1710153614
u1158,i599,5,1710154196
u1867,i055,5,1710156277
u0385,i424,4,1710156294
u1232,i593,4,1710156882
u0395,i022,1,1710157736
u1628,i420,3,1710157916
u1182,i370,4,1710159047
u0509,i515,5,1710159072
u0023,i092,4,1710159361
u1527,i361,2,1710159382
u0661,i374,4,1710160237
u1908,i025,4,1710161755
u1177,i596,5,1710162259
u0008,i507,4,1710162867
u1478,i363,5,1710163145
u0409,i392,5,1710163285
u1689,i334,5,1710163530
u1932,i352,5,1710164137
u1643,i397,5,1710164316
u0696,i336,4,1710164615
u0011,i106,4,1710164768
u1369,i570,4,1710165996
u1917,i493,2,1710166337
u1769,i112,5,1710166958
u1173,i333,5,1710168122
u0954,i476,5,1710168811
u1287,i048,5,1710169961
u0362,i243,3,1710170375
u0242,i092,2,1710171025
u0897,i042,1,1710171521
u1752,i265,4,1710171656
u0141,i073,5,1710171658
u0023,i511,4,1710172330
u1227,i006,4,1710173407
u1762,i273,4,1710174058
u1810,i272,5,1710174767
u0907,i243,4,1710175305
u0132,i230,2,1710175511
u0973,i419,5,1710175647
u1747,i507,4,1710176494
u1471,i034,5,1710177607
u1326,i084,4,1710177614
u0722,i126,5,1710178458
u0822,i133,3,1710179461
u1553,i340,1,1710179598
u1713,i292,5,1710179818
u0396,i518,5,1710179826
u1704,i140,5,1710179927
u0472,i115,5,1710180234
u0683,i268,4,1710180992
u1384,i134,3,1710181828
u0990,i354,4,1710182024
u0600,i514,4,1710182764
u0690,i425,4,1710182972
u0059,i097,5,1710183331
u1788,i113,4,1710183643
u0203,i352,4,1710184280
u1233,i377,4,1710184998
u1774,i097,4,1710185338
u0287,i161,2,1710185350
u0495,i295,5,1710185558
u0666,i341,4,1710186215
u1430,i115,4,1710186616
u1281,i289,2,1710187007
u1721,i122,4,1710188115
u1988,i571,5,1710189263
u0054,i575,5,1710189558
u0464,i108,4,1710189770
u1154,i564,3,1710189884
u1384,i374,5,1710189958
u0643,i530,5,1710190170
u0317,i595,5,1710190343
u0799,i268,4,1710190590
u1877,i504,5,1710190727
u1020,i482,4,1710190814
u1608,i364,5,1710190942
u0073,i027,5,1710191613
u0049,i470,4,1710192287
u1041,i149,4,1710192374
u0672,i487,5,1710192984
u0137,i416,5,1710193172
u1665,i106,3,1710193492
u0705,i470,5,1710194277
u0350,i500,4,1710194838
u0152,i106,4,1710195732
u0760,i568,3,1710195934
u0833,i519,3,1710196170
u0768,i559,1,1710197167
u1790,i362,4,1710201055
u1965,i575,4,1710201118
u0962,i108,2,1710201350
u0505,i286,5,1710201820
u1694,i420,4,1710202586
u1414,i343,5,1710202962
u0137,i082,5,1710203640
u0756,i048,4,1710203665
u1316,i580,2,1710203707
u1943,i550,5,1710203708
u0695,i288,5,1710203835
u0110,i162,4,1710204649
u1151,i498,4,1710205168
u1371,i507,1,1710205411
u1754,i428,5,1710205437
u1545,i243,5,1710206072
u0386,i535,5,1710206151
u0079,i243,1,1710206823
u0269,i141,4,1710206874
u0627,i268,1,1710207039
u1116,i355,5,1710207140
u1497,i095,5,1710207444
u0871,i110,1,1710207554
u0167,i194,4,1710208230
u1725,i117,1,1710208234
u1784,i363,4,1710208283
u0574,i399,4,1710208935
u0791,i454,1,1710209849
u1198,i032,4,1710210069
u0281,i106,1,1710210961
u1415,i307,5,1710210980
u1117,i361,5,1710211205
u1447,i082,4,1710211975
u1210,i388,5,1710212328
u0530,i295,5,1710212589
u0388,i090,5,1710212621
u0692,i377,2,1710212796
u1509,i022,4,1710212826
u1451,i063,4,1710213305
u0196,i221,1,1710214220
u0926,i240,5,1710216651
u0237,i261,1,1710217094
u1508,i452,5,1710217244
u0960,i245,2,1710218808
u0471,i363,4,1710219291
u1095,i448,5,1710219718
u0669,i599,4,1710219766
u1824,i268,3,1710220392
u0417,i048,5,1710221642
u0628,i122,5,1710222430
u1971,i261,5,1710222544
u0057,i394,5,1710223653
u0781,i576,4,1710224873
u1817,i355,5,1710224877
u1860,i190,3,1710225034
u0461,i096,2,1710225246
u1860,i366,5,1710227562
u1898,i067,1,1710228634
u1359,i117,4,1710229237
u1509,i243,3,1710229403
u1176,i425,4,1710229664
u1097,i148,4,1710230027
u1113,i040,5,1710231186
u0422,i516,4,1710231398
u0838,i211,1,1710231994
u1461,i353,5,1710232009
u0518,i492,4,1710232277
u1574,i239,4,1710232391
u0093,i357,4,1710232417
u1698,i097,5,1710232644
u1505,i384,4,1710232979
u1008,i291,5,1710233243
u0255,i127,4,1710233501
u0941,i364,5,1710234142
u0319,i211,5,1710234442
u1685,i550,4,1710234523
u1562,i211,5,1710235137
u0408,i128,5,1710235676
u0902,i563,4,1710236607
u1615,i419,5,1710236636
u1253,i338,5,1710236780
u0041,i545,5,1710237917
u0555,i464,4,1710238034
u0362,i301,4,1710238211
u0311,i550,5,1710238262
u1341,i023,1,1710238495
u1205,i417,4,1710239859
u1283,i341,5,1710240795
u1961,i309,1,1710241264
u0278,i467,5,1710241539
u1611,i419,4,1710241726
u0365,i201,4,1710242482
u1463,i395,2,1710243856
u1118,i157,3,1710244171
u1440,i480,4,1710244292
u1226,i387,4,1710244855
u1668,i310,5,1710245359
u1662,i470,4,1710245954
u1165,i140,5,1710246038
u1143,i341,5,1710247558
u0252,i519,3,1710247802
u1422,i236,4,1710248613
u0202,i363,5,1710248860
u0571,i456,4,1710251551
u0407,i088,4,1710253394
u0848,i442,4,1710253428
u1534,i558,5,1710253497
u1983,i493,4,1710253621
u1778,i113,4,1710254388
u0766,i339,4,1710254505
u1932,i013,5,1710254895
u1383,i203,2,1710254999
u1128,i233,5,1710255798
u1931,i268,3,1710256003
u0010,i049,5,1710256880
u1349,i489,5,1710257504
u1514,i384,5,1710257893
u1547,i297,5,1710258250
u1099,i276,2,1710258407
u0380,i341,4,1710258642
u0712,i357,4,1710259516
u0980,i370,4,1710260047
u0406,i357,5,1710261755
u0574,i160,4,1710261948
u0959,i015,5,1710262246
u0558,i205,4,1710262487
u0164,i344,4,1710263060
u1602,i273,4,1710263071
u1536,i245,5,1710263417
u1412,i062,5,1710263741
u1197,i383,5,1710264568
u0309,i568,1,1710264901
u1811,i061,1,1710265302
u0529,i080,3,1710265895
u0876,i012,4,1710265904
u0809,i469,5,1710265927
u1547,i298,5,1710266051
u0359,i068,5,1710266580
u1960,i254,5,1710266760
u0056,i503,5,1710267887
u0881,i595,5,1710268267
u0475,i237,5,1710268541
u0466,i332,5,1710269035
u0402,i069,1,1710269275
u1000,i095,5,1710269616
u1117,i568,4,1710270892
u1880,i037,5,1710271554
u1497,i029,4,1710271763
u1434,i233,4,1710272225
u1758,i027,4,1710273202
u1063,i217,4,1710274150
u0006,i025,4,1710274732
u1983,i428,5,1710275379
u0512,i340,4,1710275424
u1492,i219,4,1710275589
u1244,i134,1,1710275733
u0259,i209,5,1710276173
u1925,i013,5,1710276681
u1340,i089,4,1710279040
u0180,i053,2,1710279163
u1128,i113,5,1710279252
u0800,i291,5,1710279254
u1912,i306,4,1710279435
u0396,i254,4,1710279700
u1146,i246,4,1710280279
u0922,i315,5,1710280355
u0260,i507,2,1710280497
u1924,i384,5,1710280568
u1421,i243,2,1710280956
u0084,i034,5,1710281353
u0627,i486,1,1710281580
u0310,i374,5,1710281615
u0219,i117,5,1710282155
u1291,i425,3,1710282336
u1978,i234,5,1710282927
u1823,i374,5,1710282934
u0147,i245,4,1710283552
u1493,i504,5,1710284088
u1599,i371,4,1710284595
u0253,i341,4,1710285353
u1467,i141,4,1710285371
u0373,i472,4,1710285529
u0303,i040,4,1710286045
u0964,i507,5,1710286542
u0845,i002,4,1710287380
u0460,i240,5,1710287423
u0145,i263,5,1710287572
u0713,i116,4,1710287597
u0955,i595,4,1710287611
u1950,i139,5,1710288009
u1251,i053,5,1710288483
u0948,i540,4,1710289299
u0564,i377,5,1710289726
u1845,i559,4,1710289851
u1119,i105,5,1710289943
u1800,i098,4,1710290598
u0488,i577,5,1710290615
u1407,i243,1,1710290785
u0695,i501,5,1710291199
u1213,i266,4,1710292190
u0384,i061,4,1710292386
u1854,i215,5,1710294044
u0437,i433,5,1710294397
u0338,i243,1,1710294627
u1752,i470,5,1710294657
u1266,i162,1,1710294852
u1645,i473,4,1710295394
u0911,i118,1,1710296040
u0049,i395,5,1710296958
u1217,i599,5,1710297702
u1249,i557,1,1710297766
u0694,i252,5,1710298342
u0768,i243,5,1710298511
u0925,i333,5,1710299332
u1385,i197,3,1710299677
u0617,i382,5,1710299714
u0727,i004,5,1710299907
u0651,i384,5,1710300273
u1305,i332,4,1710301273
u0514,i364,4,1710301281
u0356,i243,5,1710301413
u0512,i243,3,1710301795
u0929,i175,1,1710302012
u1572,i291,4,1710302031
u1227,i284,5,1710302037
u0997,i254,4,1710302713
u0396,i055,5,1710303150
u1215,i042,4,1710303444
u1445,i092,4,1710303515
u1399,i402,5,1710303714
u1881,i380,5,1710304442
u0173,i417,1,1710304763
u0330,i500,5,1710305023
u1107,i394,4,1710305074
u1225,i253,4,1710305263
u1867,i166,1,1710305858
u1232,i003,4,1710306218
u0561,i570,5,1710306640
u0497,i568,3,1710306971
u1114,i568,2,1710307126
u0349,i467,5,1710308130
u0744,i362,4,1710308403
u1708,i500,5,1710308497
u1700,i060,5,1710308594
u0176,i364,5,1710308623
u1583,i549,4,1710308788
u0135,i115,5,1710309026
u1042,i289,5,1710309310
u1856,i392,4,1710309425
u1595,i578,5,1710309512
u0378,i021,5,1710309909
u0427,i419,5,1710310172
u1021,i364,2,1710310587
u0323,i407,4,1710311056
u1532,i507,3,1710312132
u0699,i597,3,1710312468
u1538,i243,3,1710312667
u0593,i504,5,1710312796
u0402,i243,1,1710312893
u1030,i281,5,1710313063
u0940,i270,5,1710315269
u1291,i394,5,1710315542
u0783,i366,4,1710315812
u1791,i363,4,1710315904
u0852,i243,3,1710316302
u0825,i570,5,1710316593
u1116,i568,2,1710317554
u1125,i268,1,1710317651
u1630,i009,5,1710317722
u1319,i504,4,1710317769
u1480,i535,4,1710318167
u0699,i074,4,1710318954
u1470,i444,4,1710319201
u1437,i363,5,1710319757
u0352,i288,3,1710320901
u1521,i089,5,1710321328
u1314,i205,4,1710321877
u1555,i333,4,1710321962
u1473,i133,3,1710322115
u0038,i441,5,1710322352
u0594,i009,4,1710322652
u1784,i221,5,1710323018
u0624,i344,4,1710323293
u0277,i563,5,1710323426
u0780,i519,5,1710323432
u1567,i291,2,1710324018
u1548,i589,5,1710324442
u0543,i568,2,1710324522
u1831,i064,3,1710324606
u0971,i333,1,1710325060
u1446,i256,5,1710326215
u1347,i568,4,1710326260
u1982,i069,1,1710326714
u0004,i010,5,1710327360
u0224,i378,3,1710328456
u1158,i463,2,1710328627
u1677,i420,5,1710328662
u1993,i526,4,1710328757
u0852,i263,2,1710328929
u0395,i476,4,1710328997
u0122,i335,5,1710330047
u0448,i451,4,1710331094
u0050,i536,4,1710331608
u1761,i419,5,1710331809
u0308,i529,5,1710332118
u0257,i235,4,1710332189
u0706,i550,1,1710332968
u1119,i319,5,1710333199
u0757,i206,5,1710333322
u0775,i433,2,1710333797
u0723,i116,4,1710334206
u0553,i204,4,1710335292
u1134,i211,5,1710335325
u1533,i589,4,1710335736
u1908,i357,3,1710335845
u0656,i003,5,1710336547
u0668,i447,4,1710336711
u1520,i360,5,1710336855
u1814,i227,1,1710337465
u0710,i015,5,1710337530
u0274,i498,4,1710337665
u1952,i382,5,1710338025
u1537,i134,4,1710338108
u1298,i461,5,1710338139
u1332,i212,4,1710338971
u0062,i406,5,1710340190
u0094,i073,4,1710340377
u1808,i572,4,1710340572
u1559,i274,1,1710340910
u0628,i452,4,1710340990
u1737,i498,5,1710341324
u0395,i588,5,1710341582
u0337,i364,5,1710341838
u1984,i029,5,1710344973
u1381,i103,5,1710345709
u0958,i364,1,1710345984
u1848,i303,5,1710346166
u0692,i447,4,1710346753
u0916,i563,4,1710347074
u1017,i493,5,1710347290
u0181,i294,4,1710347723
u0056,i157,4,1710347753
u0165,i549,5,1710348038
u1591,i341,5,1710348452
u0478,i416,5,1710348992
u0760,i567,5,1710349442
u1870,i286,5,1710349692
u1545,i125,5,1710350176
u1792,i463,4,1710350762
u1252,i526,2,1710351503
u1273,i008,4,1710352104
u0897,i568,3,1710352207
u1333,i134,1,1710352310
u1933,i328,4,1710353337
u0541,i238,5,1710353966
u0572,i171,1,1710354547
u0731,i241,1,1710355536
u1557,i394,3,1710355741
u1907,i268,5,1710356263
u0189,i178,3,1710356491
u0849,i448,5,1710357122
u1412,i205,4,1710357250
u0574,i297,4,1710357644
u0351,i544,5,1710357797
u1385,i300,5,1710358212
u0755,i271,5,1710358623
u0000,i457,5,1710358737
u0599,i363,4,1710358848
u0466,i468,4,1710359499
u1022,i195,5,1710359702
u1630,i470,4,1710359944
u0701,i332,5,1710360428
u0544,i549,4,1710360719
u0031,i332,4,1710361250
u0500,i102,4,1710361297
u0401,i108,3,1710361553
u1341,i097,5,1710361695
u1111,i291,5,1710362360
u0604,i109,5,1710362437
u0916,i470,4,1710363171
u0437,i196,4,1710363270
u0215,i573,1,1710363805
u1146,i518,5,1710364102
u1595,i453,5,1710365089
u0282,i526,4,1710365271
u0778,i268,4,1710365569
u0296,i398,4,1710366168
u0076,i526,3,1710366565
u0043,i333,1,1710366631
u1113,i129,4,1710366666
u0623,i117,4,1710368066
u0827,i335,5,1710368167
u1991,i032,4,1710368789
u0765,i478,5,1710369258
u1724,i526,2,1710369593
u1890,i266,4,1710369622
u1336,i547,5,1710369730
u0151,i443,3,1710369822
u1272,i590,1,1710370116
u1130,i470,4,1710370964
u1043,i259,4,1710371832
u0794,i207,5,1710372245
u1058,i335,5,1710372553
u0851,i058,4,1710373412
u1994,i139,2,1710373709
u0738,i526,3,1710373934
u0246,i415,4,1710374257
u1570,i292,4,1710374573
u1870,i012,5,1710375356
u1013,i013,4,1710375547
u1892,i422,4,1710376362
u1007,i162,5,1710376795
u1919,i516,5,1710376948
u0021,i507,1,1710377081
u1630,i448,5,1710377221
u0877,i449,5,1710377491
u0838,i443,5,1710377929
u1417,i366,5,1710378333
u0322,i117,5,1710378450
u0766,i022,1,1710379537
u1376,i449,5,1710380231
u0242,i097,5,1710380675
u0759,i268,2,1710380951
u0387,i529,5,1710382132
u0461,i048,4,1710382731
u0489,i108,4,1710382811
u0208,i571,5,1710382840
u0719,i511,2,1710383057
u1211,i458,5,1710383988
u1843,i410,5,1710385742
u0611,i480,4,1710386527
u0019,i097,4,1710387165
u1428,i055,4,1710387385
u1177,i573,2,1710388487
u1870,i484,4,1710388489
u0913,i550,3,1710388859
u0290,i585,2,1710389607
u0159,i357,4,1710389777
u0444,i158,5,1710390086
u0702,i113,5,1710390331
u1900,i267,4,1710390788
u1792,i232,4,1710392674
u0331,i253,4,1710393055
u1490,i194,5,1710393118
u0957,i243,3,1710393393
u1830,i257,4,1710393758
u1811,i568,5,1710394532
u1446,i192,4,1710394794
u1835,i172,4,1710394907
u0800,i227,4,1710395263
u0378,i243,1,1710395376
u1492,i564,3,1710395878
u0410,i113,5,1710396367
u1956,i291,1,1710396414
u1951,i320,5,1710396506
u0302,i333,2,1710396611
u0567,i480,5,1710396865
u0029,i460,5,1710396972
u0407,i461,3,1710397637
u1644,i048,4,1710397817
u0808,i333,2,1710398644
u1020,i507,5,1710398943
u0016,i255,4,1710399171
u1348,i291,3,1710401194
u1499,i486,5,1710401420
u1233,i182,3,1710401884
u0076,i414,5,1710402006
u0398,i568,2,1710403597
u0133,i235,5,1710404595
u1111,i589,3,1710405158
u0247,i116,5,1710405977
u1383,i572,5,1710406288
u1761,i566,1,1710406332
u1186,i417,5,1710406464
u1322,i287,5,1710406770
u0338,i517,4,1710407614
u1800,i420,5,1710409038
u1998,i116,5,1710409076
u1340,i243,5,1710409673
u1443,i092,3,1710409688
u1915,i059,4,1710409955
u0082,i537,3,1710410372
u1038,i255,4,1710410532
u1015,i100,5,1710411109
u0267,i355,5,1710411121
u0825,i461,2,1710411133
u1158,i118,5,1710411725
u1689,i341,5,1710412990
u1722,i568,3,1710413031
u0953,i488,5,1710413504
u0852,i026,5,1710413515
u0535,i326,5,1710414581
u1018,i436,4,1710415261
u1543,i243,2,1710415292
u0518,i597,5,1710416015
u0863,i333,5,1710416845
u0248,i287,4,1710417107
u0488,i530,5,1710417867
u1175,i504,4,1710418148
u0507,i073,4,1710418263
u0508,i088,4,1710418428
u0017,i113,4,1710418794
u1356,i149,2,1710419467
u1175,i377,4,1710420149
u1058,i106,5,1710420581
u0069,i545,4,1710420699
u0224,i049,4,1710421039
u0828,i541,5,1710422044
u0831,i358,5,1710422131
u1352,i377,1,1710422498
u1255,i428,5,1710422655
u0420,i100,2,1710424548
u0290,i022,4,1710424697
u1836,i237,4,1710426097
u1572,i330,5,1710426783
u1828,i503,4,1710426799
u0020,i450,5,1710426844
u1160,i318,1,1710427152
u0071,i162,4,1710428530
u1757,i233,5,1710428591
u0596,i204,2,1710428904
u1094,i417,4,1710428927
u0329,i404,5,1710429482
u0345,i268,2,1710430831
u0394,i060,4,1710431052
u0454,i335,4,1710432149
u1630,i211,4,1710432700
u1433,i340,4,1710433111
u1660,i113,5,1710433337
u0007,i299,2,1710433456
u1476,i140,5,1710433490
u0881,i548,4,1710434046
u0330,i023,5,1710435868
u1795,i016,5,1710435874
u0422,i363,5,1710435897
u1989,i053,4,1710436123
u0615,i243,2,1710436446
u1853,i289,4,1710438150
u1674,i580,5,1710438290
u1063,i403,3,1710438349
u1259,i420,5,1710439338
u1954,i565,5,1710439626
u0217,i292,1,1710439700
u0409,i197,4,1710440725
u1304,i255,3,1710440913
u1945,i140,4,1710441740
u1096,i558,4,1710441845
u0557,i361,5,1710442193
u1694,i097,4,1710442471
u1722,i054,5,1710442481
u1364,i347,5,1710442644
u0726,i092,3,1710442819
u0627,i598,5,1710443300
u0957,i572,5,1710443489
u1818,i352,5,1710443763
u0011,i496,4,1710443860
u1224,i507,4,1710444133
u0262,i365,4,1710444354
u1126,i521,3,1710445622
u0626,i263,5,1710445769
u1201,i166,5,1710446059
u0226,i498,5,1710446254
u0330,i470,4,1710446451
u1354,i342,2,1710446540
u1524,i517,5,1710447023
u1387,i010,4,1710447458
u1506,i045,5,1710448116
u1982,i384,4,1710448215
u0048,i419,4,1710448728
u1247,i594,4,1710448827
u1523,i372,5,1710448843
u1801,i461,4,1710449199
u0999,i092,2,1710449319
u0626,i546,3,1710450192
u1800,i580,5,1710450349
u0411,i592,4,1710450566
u0056,i470,2,1710451041
u1193,i206,1,1710451224
u1311,i243,4,1710451831
u1469,i377,5,1710452262
u0542,i453,4,1710452348
u0475,i118,5,1710452510
u1251,i019,4,1710452933
u0656,i203,3,1710453000
u0151,i287,4,1710453364
u0370,i220,5,1710453762
u1515,i165,4,1710453862
u1851,i482,4,1710454323
u1925,i349,4,1710454521
u1675,i118,4,1710454608
u0604,i337,5,1710454768
u1349,i333,2,1710454868
u1802,i329,4,1710455205
u0889,i503,5,1710455331
u0031,i527,4,1710457544
u1383,i526,3,1710457867
u1761,i274,3,1710458138
u1296,i248,4,1710458567
u0518,i542,4,1710458819
u0669,i568,3,1710458865
u0917,i197,5,1710459183
u1790,i194,5,1710460553
u1759,i357,2,1710460582
u1471,i233,5,1710460862
u0337,i002,5,1710462155
u0184,i134,3,1710462168
u0393,i453,5,1710464005
u1555,i220,5,1710465506
u1778,i077,5,1710465809
u1255,i412,4,1710467492
u1019,i421,5,1710467671
u1399,i285,4,1710467729
u0982,i294,4,1710468488
u1904,i117,5,1710468615
u0164,i177,4,1710468621
u0080,i419,5,1710469095
u1510,i352,5,1710469337
u0049,i214,4,1710470800
u1978,i036,4,1710471365
u0458,i550,5,1710471634
u1536,i363,4,1710471827
u0921,i278,4,1710472054
u1276,i402,5,1710472094
u1872,i023,4,1710473240
u1197,i333,5,1710473917
u0885,i019,5,1710474325
u0926,i044,2,1710474370
u1873,i329,5,1710476326
u1990,i401,3,1710477043
u1066,i376,5,1710477715
u0603,i524,4,1710478017
u1814,i268,3,1710478640
u1550,i485,4,1710478852
u0702,i034,5,1710478873
u0250,i261,5,1710479041
u1641,i109,4,1710479052
u0630,i265,5,1710480177
u0929,i574,5,1710480403
u0312,i503,4,1710480613
u0742,i331,2,1710480769
u1658,i290,4,1710481127
u0471,i117,1,1710481324
u0633,i100,5,1710481744
u1438,i334,4,1710482533
u1193,i194,4,1710482694
u1063,i214,4,1710482746
u1642,i243,1,1710482971
u0275,i440,2,1710483117
u0183,i023,4,1710483191
u0903,i417,4,1710483231
u1131,i449,3,1710483729
u1146,i227,4,1710483791
u1617,i578,4,1710484571
u1956,i562,4,1710485501
u0672,i578,5,1710485629
u0948,i014,5,1710485641
u1840,i413,3,1710485800
u1711,i000,4,1710485850
u1095,i357,1,1710486036
u0141,i578,2,1710487351
u0722,i498,1,1710487849
u0519,i243,3,1710489160
u1240,i511,4,1710489533
u0617,i521,3,1710489876
u1912,i436,5,1710490841
u0600,i470,4,1710491039
u1564,i409,4,1710491117
u0008,i007,4,1710491325
u1967,i062,4,1710491427
u0212,i336,5,1710492076
u0872,i504,5,1710492429
u1618,i032,1,1710492942
u1042,i507,3,1710493652
u0972,i291,1,1710494155
u0772,i364,4,1710495086
u0153,i243,2,1710495491
u1647,i288,4,1710495764
u1019,i265,4,1710495833
u0922,i552,4,1710496363
u1451,i167,5,1710496500
u0157,i378,4,1710497193
u1297,i349,5,1710497933
u1263,i108,4,1710498044
u1474,i595,1,1710498596
u0453,i193,5,1710498679
u1693,i494,4,1710499309
u1502,i212,5,1710499384
u0411,i076,2,1710499977
u0738,i472,4,1710500280
u0520,i381,4,1710500400
u1569,i216,5,1710500449
u0891,i115,3,1710501268
u0143,i333,1,1710502050
u1688,i251,5,1710502195
u0696,i062,4,1710502331
u1680,i326,5,1710502496
u0225,i428,5,1710502588
u0942,i485,4,1710503519
u1890,i470,3,1710503530
u1155,i568,5,1710503908
u0614,i517,4,1710504356
u1828,i526,4,1710504470
u1628,i340,5,1710505446
u0854,i092,4,1710505531
u0988,i057,4,1710505546
u1610,i333,5,1710505849
u1499,i254,4,1710505964
u1636,i569,4,1710506446
u0335,i541,5,1710506607
u0127,i117,3,1710506870
u0801,i190,5,1710506903
u1828,i148,5,1710507039
u1741,i193,5,1710508654
u1575,i259,5,1710509786
u0721,i117,4,1710510127
u0630,i529,1,1710510316
u1089,i074,5,1710510729
u0033,i337,5,1710511400
u0471,i433,4,1710511544
u1382,i519,4,1710511894
u1349,i292,5,1710512541
u1843,i107,4,1710513191
u1900,i211,4,1710514092
u0737,i324,5,1710514414
u0127,i009,1,1710514731
u1818,i268,5,1710516031
u1752,i333,2,1710516931
u0098,i139,4,1710517327
u1737,i098,5,1710517615
u1253,i529,4,1710519352
u0863,i526,4,1710519672
u1710,i481,5,1710519829
u0554,i533,5,1710520148
u1544,i493,4,1710521216
u1810,i243,2,1710521575
u1174,i357,5,1710521875
u0476,i092,4,1710521908
u1808,i113,1,1710521979
u1508,i480,2,1710523279
u1150,i337,4,1710524624
u1302,i535,4,1710525154
u1384,i414,5,1710525690
u0363,i375,5,1710526155
u0107,i243,2,1710526502
u0604,i073,4,1710527327
u0300,i116,4,1710527767
u1334,i212,4,1710528165
u1591,i509,1,1710528529
u1051,i510,3,1710528652
u0552,i416,5,1710528747
u1251,i320,5,1710528896
u1538,i106,2,1710529009
u1581,i550,5,1710529274
u0434,i504,5,1710529690
u0399,i571,4,1710529848
u1855,i532,5,1710530203
u0655,i268,5,1710530322
u0394,i109,5,1710530766
u1039,i364,4,1710531459
u0608,i104,5,1710533707
u0922,i545,4,1710534845
u0540,i013,5,1710535069
u1646,i238,5,1710535419
u0091,i341,3,1710535968
u0269,i243,4,1710536256
u1654,i568,2,1710536399
u1901,i092,5,1710536823
u0329,i225,5,1710536865
u0882,i294,4,1710537041
u0529,i351,5,1710537700
u1467,i089,4,1710537921
u1028,i268,2,1710538287
u0376,i465,4,1710538291
u1524,i568,3,1710538511
u1269,i390,5,1710538855
u0447,i195,5,1710538952
u1018,i550,5,1710539320
u1182,i504,5,1710540226
u1297,i046,4,1710540237
u1043,i470,5,1710540875
u1315,i461,1,1710541768
u0724,i268,3,1710541916
u0166,i147,5,1710542496
u0436,i470,2,1710542723
u0225,i406,4,1710542923
u1482,i489,2,1710543335
u0969,i487,5,1710544876
u0626,i097,4,1710544891
u0651,i265,1,1710545343
u1146,i261,4,1710545969
u1253,i547,3,1710548326
u1517,i092,4,1710548493
u1677,i526,4,1710549326
u0324,i255,4,1710549767
u0656,i254,5,1710549937
u0993,i108,4,1710551094
u0331,i591,3,1710551967
u0944,i097,5,1710552247
u0845,i291,1,1710552386
u1875,i593,4,1710552415
u0931,i511,4,1710554007
u1406,i076,5,1710554470
u0091,i106,4,1710554570
u1457,i048,5,1710554602
u1693,i583,4,1710555376
u0524,i292,5,1710555702
u0622,i507,5,1710556235
u0257,i043,4,1710556436
u1086,i568,4,1710556463
u0418,i388,4,1710556550
u0994,i069,5,1710556962
u1623,i146,4,1710557425
u0723,i329,5,1710557720
u1581,i562,5,1710557845
u0056,i230,5,1710558164
u0360,i211,1,1710558471
u1909,i351,5,1710559449
u0879,i007,4,1710559890
u0957,i313,5,1710560103
u1921,i568,4,1710560318
u0719,i191,4,1710560685
u0074,i450,4,1710561303
u1387,i448,4,1710561331
u0670,i526,5,1710561667
u1257,i464,5,1710562374
u1723,i014,3,1710562800
u1435,i215,4,1710563691
u1989,i363,1,1710563854
u0831,i570,5,1710563895
u1870,i261,5,1710563913
u1244,i551,5,1710564401
u1786,i560,5,1710564512
u0477,i409,4,1710564585
u0564,i337,5,1710564669
u0649,i334,4,1710564705
u1173,i004,4,1710565267
u0220,i261,2,1710567167
u1476,i248,5,1710567426
u0052,i315,4,1710567769
u1402,i054,5,1710568671
u0943,i469,3,1710570017
u1889,i331,5,1710570352
u0332,i013,5,1710570358
u0971,i421,4,1710570709
u1975,i013,1,1710570995
u0415,i472,4,1710571246
u1178,i281,5,1710571419
u0342,i189,4,1710571593
u1486,i337,2,1710572413
u0467,i378,4,1710574112
u1516,i545,5,1710576111
u1106,i384,5,1710577793
u0522,i268,4,1710577873
u1733,i256,5,1710579279
u1129,i571,3,1710579588
u0818,i004,3,1710579719
u1800,i116,5,1710579770
u0531,i333,3,1710581367
u1522,i564,4,1710582716
u0888,i470,4,1710583207
u1820,i516,5,1710583380
u1854,i378,5,1710583688
u1773,i038,5,1710584256
u0452,i507,4,1710585239
u1176,i093,4,1710585566
u0299,i391,4,1710585636
u1482,i092,5,1710586003
u1567,i027,5,1710586344
u0941,i091,4,1710586614
u0978,i179,4,1710586783
u0519,i147,2,1710587021
u1672,i108,5,1710587827
u0531,i340,2,1710588121
u0622,i521,3,1710589906
u1815,i419,4,1710591438
u0552,i003,4,1710591918
u1070,i283,1,1710592059
u1912,i546,2,1710592420
u1746,i529,5,1710594219
u1240,i136,4,1710594434
u0083,i548,4,1710594593
u0800,i261,5,1710595377
u1932,i093,4,1710596424
u0764,i357,4,1710598158
u0465,i209,5,1710598580
u0603,i312,2,1710598937
u0780,i122,2,1710599249
u1199,i501,5,1710599419
u1375,i357,4,1710599817
u0946,i072,4,1710599876
u1291,i271,4,1710600431
u0297,i001,2,1710600734
u1828,i219,5,1710600948
u0479,i254,5,1710601135
u1898,i219,5,1710601455
u1313,i409,4,1710603017
u0246,i568,4,1710603028
u0738,i040,4,1710603466
u1119,i237,1,1710603734
u0455,i485,5,1710604165
u1991,i405,5,1710604454
u1369,i560,5,1710604745
u1658,i057,4,1710605443
u1226,i095,5,1710606343
u0749,i372,4,1710608726
u0396,i521,1,1710609153
u1046,i470,2,1710609487
u1332,i390,4,1710610196
u1023,i591,4,1710610267
u1312,i117,5,1710610308
u1903,i580,2,1710612493
u0488,i351,3,1710612688
u1030,i463,5,1710612779
u1276,i507,1,1710612863
u1872,i306,4,1710612908
u1313,i333,5,1710613291
u0869,i349,4,1710613606
u1128,i268,1,1710614267
u0479,i264,5,1710614370
u1760,i401,4,1710615405
u1494,i438,5,1710615718
u0660,i565,5,1710616245
u1250,i594,5,1710616649
u0003,i588,4,1710617322
u0657,i282,5,1710617727
u0755,i133,4,1710618115
u1824,i374,5,1710618267
u0834,i364,4,1710618861
u1758,i564,1,1710619060
u0639,i421,4,1710619635
u1476,i093,5,1710619641
u0105,i357,4,1710619882
u1780,i261,4,1710619941
u1313,i013,2,1710621191
u1322,i582,4,1710621735
u0634,i475,4,1710621791
u0866,i507,5,1710621916
u1583,i118,4,1710622489
u0460,i070,5,1710622878
u0234,i553,4,1710623636
u1835,i097,4,1710624037
u1073,i145,4,1710624100
u1540,i568,5,1710624490
u0360,i219,5,1710624682
u1354,i245,5,1710625162
u0419,i131,4,1710625228
u0087,i468,5,1710625235
u1757,i459,5,1710625778
u1039,i180,5,1710625806
u1655,i292,5,1710625820
u1409,i541,1,1710625874
u0077,i109,5,1710625954
u0828,i230,4,1710626728
u0468,i333,4,1710627034
u1645,i523,2,1710627895
u1432,i208,5,1710628835
u0073,i545,5,1710629503
u1284,i099,4,1710629619
u1530,i113,4,1710629892
u1182,i397,1,1710630440
u1204,i042,3,1710630896
u1323,i113,2,1710630922
u0829,i026,4,1710631190
u1735,i448,4,1710633216
u0512,i113,5,1710633616
u0714,i526,1,1710634061
u0006,i504,4,1710634718
u1285,i268,3,1710634737
u1453,i529,2,1710634892
u1002,i549,4,1710634909
u0532,i473,5,1710635310
u1853,i122,5,1710635522
u1220,i595,4,1710635692
u0133,i507,5,1710636302
u1070,i255,5,1710636605
u0101,i313,5,1710636658
u1017,i437,5,1710637086
u1205,i151,5,1710637255
u1261,i373,5,1710637965
u0374,i285,5,1710639125
u1790,i290,5,1710639752
u1285,i486,4,1710639867
u0784,i363,3,1710640497
u0051,i375,5,1710640556
u1832,i268,4,1710641910
u1463,i204,4,1710642572
u0038,i182,4,1710642887
u0408,i314,4,1710643501
u1034,i101,5,1710643699
u0569,i286,5,1710644439
u0998,i378,2,1710645150
u1538,i054,5,1710645919
u0671,i467,1,1710647027
u1921,i286,4,1710647695
u0132,i013,4,1710648302
u0411,i578,4,1710649797
u0853,i582,5,1710650166
u0999,i238,5,1710650322
u1023,i137,4,1710650826
u0165,i197,1,1710650888
u0148,i143,2,1710651079
u0157,i495,5,1710651188
u1258,i023,3,1710652034
u1810,i333,2,1710653184
u1195,i363,3,1710653211
u1513,i460,4,1710654012
u0072,i529,4,1710655779
u0564,i535,5,1710655822
u0468,i261,2,1710656811
u0373,i507,3,1710657086
u0305,i364,2,1710659357
u0968,i363,2,1710659470
u0059,i298,5,1710659901
u0265,i254,4,1710660929
u1435,i194,5,1710660996
u0046,i576,3,1710661028
u1011,i436,4,1710661595
u0973,i243,3,1710661795
u0512,i435,4,1710662639
u0942,i411,2,1710663509
u0633,i002,5,1710663791
u0036,i117,5,1710664003
u1394,i292,4,1710664388
u0220,i467,2,1710664836
u1183,i055,5,1710664907
u1177,i584,4,1710665117
u0409,i529,3,1710665357
u1192,i480,3,1710665612
u0913,i597,5,1710666578
u1225,i424,5,1710666660
u1665,i204,3,1710666786
u1672,i097,5,1710667565
u1737,i275,5,1710667651
u1744,i076,4,1710668206
u0775,i588,5,1710668320
u1817,i177,3,1710668364
u1123,i461,5,1710668715
u0657,i247,4,1710668909
u0193,i149,4,1710669396
u1767,i221,1,1710669424
u1998,i184,4,1710670025
u1787,i152,5,1710671361
u1091,i047,2,1710672655
u0072,i342,4,1710673103
u1024,i094,4,1710673242
u1016,i091,5,1710673269
u1066,i189,4,1710673531
u0977,i322,5,1710673642
u0063,i548,5,1710673804
u0950,i236,5,1710674076
u1881,i286,5,1710674469
u1313,i598,4,1710674529
u0024,i550,5,1710674651
u0008,i520,5,1710676156
u0662,i128,4,1710676449
u1360,i116,4,1710676477
u0816,i261,5,1710677658
u0531,i230,2,1710677908
u0062,i337,3,1710678233
u0740,i169,4,1710678877
u1697,i023,3,1710679825
u1440,i224,4,1710680786
u1042,i122,5,1710680846
u0873,i037,2,1710680871
u0672,i069,5,1710681798
u1211,i048,1,1710681813
u0470,i362,4,1710682443
u1304,i232,2,1710682835
u0314,i281,4,1710682947
u1419,i091,5,1710682949
u0141,i504,5,1710683812
u1655,i393,4,1710684570
u1156,i243,5,1710686344
u0504,i529,5,1710686898
u1954,i146,4,1710686968
u0444,i550,4,1710688165
u1175,i255,4,1710688402
u1731,i237,4,1710688941
u1055,i471,5,1710689570
u0733,i541,5,1710690214
u1569,i023,1,1710690605
u1510,i357,3,1710691071
u0718,i212,5,1710691518
u0624,i092,4,1710691589
u1199,i448,5,1710691684
u1123,i322,5,1710692149
u1937,i437,4,1710692984
u0595,i040,5,1710693079
u0437,i308,2,1710693432
u1402,i492,5,1710693451
u0124,i582,5,1710693457
u1758,i226,4,1710694072
u1906,i485,5,1710694468
u0467,i069,5,1710695789
u0182,i546,4,1710697749
u0169,i470,5,1710697821
u0523,i194,4,1710699971
u0571,i000,5,1710700017
u0878,i117,3,1710701023
u1835,i333,5,1710702166
u1590,i444,4,1710702204
u1670,i029,2,1710702573
u0027,i363,5,1710702684
u1116,i363,5,1710702732
u1510,i429,2,1710703046
u0402,i552,4,1710703798
u1680,i103,5,1710704020
u1359,i261,5,1710704035
u1030,i102,4,1710704931
u1951,i341,5,1710705175
u0646,i337,5,1710705789
u1882,i091,4,1710705866
u1611,i375,4,1710706837
u1419,i473,5,1710706927
u1454,i000,4,1710707316
u0882,i332,5,1710707353
u1466,i021,4,1710708225
u1820,i510,5,1710708753
u0152,i210,5,1710709328
u0197,i568,3,1710709434
u0526,i186,2,1710709519
u1738,i405,4,1710709779
u0019,i399,4,1710710017
u0834,i125,5,1710710145
u0710,i368,4,1710710185
u1808,i189,4,1710710656
u0641,i093,4,1710710842
u0121,i322,5,1710710895
u1715,i352,5,1710712274
u1278,i008,4,1710713256
u1058,i474,4,1710713267
u1674,i030,5,1710713772
u0938,i225,4,1710713779
u0538,i387,1,1710714170
u0087,i250,5,1710714173
u1843,i092,4,1710714328
u1606,i196,4,1710714520
u1844,i161,4,1710714540
u0805,i178,3,1710714614
u1921,i291,5,1710714844
u0834,i372,2,1710714862
u1611,i371,4,1710715213
u1474,i036,5,1710715367
u0000,i162,4,1710715432
u0142,i312,4,1710716226
u0889,i449,4,1710716334
u0968,i566,4,1710717681
u0941,i243,5,1710717705
u1467,i561,5,1710717924
u1229,i516,4,1710717948
u1852,i324,4,1710718013
u1570,i199,4,1710718054
u0437,i516,4,1710718107
u1065,i102,4,1710718690
u1040,i218,4,1710718858
u0974,i266,1,1710718897
u1537,i178,3,1710719229
u1776,i201,5,1710719508
u1230,i377,5,1710720458
u0968,i274,4,1710721151
u1434,i134,4,1710721810
u0874,i291,5,1710721885
u0254,i116,4,1710722027
u0669,i446,4,1710722388
u1606,i034,4,1710723432
u0912,i535,4,1710724669
u0813,i566,5,1710725658
u1934,i147,4,1710725699
u1983,i566,4,1710726034
u0523,i106,5,1710726730
u0285,i593,5,1710726786
u1825,i479,5,1710728350
u0610,i136,4,1710728588
u1558,i557,5,1710729209
u0268,i568,2,1710729474
u0965,i296,5,1710729759
u0288,i341,3,1710730148
u1788,i569,4,1710730356
u1526,i028,4,1710731049
u1839,i333,5,1710731242
u0132,i383,1,1710731825
u1381,i444,5,1710731883
u0785,i429,5,1710732242
u1830,i470,1,1710732653
u1844,i179,5,1710734397
u1826,i493,3,1710734975
u1924,i332,5,1710735063
u1527,i172,5,1710735292
u0062,i522,4,1710735639
u0379,i229,4,1710736304
u1623,i018,4,1710737125
u0737,i363,5,1710737203
u0727,i116,4,1710737646
u0164,i351,5,1710737932
u1845,i284,4,1710738101
u1141,i418,4,1710739118
u1775,i417,4,1710739472
u0029,i461,4,1710739870
u0853,i261,5,1710741008
u1078,i243,3,1710741620
u1682,i362,5,1710741790
u1647,i265,4,1710742341
u0006,i311,2,1710742570
u0268,i180,5,1710742716
u0880,i417,4,1710743653
u0103,i417,5,1710744166
u1989,i334,4,1710745079
u0878,i575,5,1710746561
u1907,i105,4,1710746837
u0332,i419,5,1710747029
u1442,i465,3,1710747042
u1344,i151,5,1710747601
u0060,i290,1,1710748015
u0331,i505,4,1710748067
u1692,i308,5,1710748073
u1197,i147,1,1710748814
u1621,i347,5,1710748893
u1302,i483,5,1710749372
u1185,i595,3,1710749849
u1387,i514,4,1710750405
u1344,i363,5,1710752145
u1849,i545,3,1710752449
u1819,i306,5,1710752858
u1114,i352,2,1710752914
u1494,i134,5,1710755003
u0777,i537,5,1710756597
u0566,i109,5,1710757069
u0592,i503,1,1710757729
u0382,i339,5,1710758307
u1277,i529,2,1710758639
u0167,i534,5,1710759005
u1284,i134,4,1710759015
u0876,i333,3,1710759379
u1025,i243,1,1710759441
u0401,i363,4,1710759493
u1573,i481,4,1710760070
u1183,i264,5,1710760959
u0846,i031,4,1710762052
u0448,i215,3,1710762401
u0810,i428,3,1710762695
u0319,i243,2,1710763273
u1643,i366,4,1710763513
u1746,i203,1,1710763861
u0703,i257,5,1710764107
u1061,i080,4,1710764841
u0456,i476,4,1710765054
u1267,i429,5,1710767217
u1177,i388,5,1710769343
u0860,i243,2,1710770040
u1918,i593,1,1710770177
u1214,i013,5,1710771782
u0701,i266,5,1710772629
u0814,i200,4,1710772995
u1130,i130,4,1710773094
u0990,i564,4,1710773441
u1855,i343,5,1710773586
u0873,i421,1,1710774990
u1359,i579,4,1710775474
u0596,i456,2,1710776998
u1151,i243,3,1710777976
u1349,i197,4,1710778315
u0121,i023,5,1710780630
u1443,i292,5,1710780664
u0955,i011,4,1710781523
u0896,i243,3,1710782012
u1064,i599,4,1710782091
u0464,i263,4,1710782714
u1080,i039,1,1710782771
u0225,i443,5,1710783075
u0562,i130,2,1710783136
u1899,i177,5,1710783406
u0355,i233,5,1710783458
u1795,i588,4,1710783529
u1554,i113,4,1710783693
u1940,i535,3,1710783881
u0507,i051,3,1710784113
u0978,i027,1,1710785889
u0859,i256,5,1710786406
u0185,i134,5,1710786759
u1156,i589,4,1710787005
u0316,i595,5,1710787222
u1918,i483,4,1710787449
u0983,i447,4,1710787501
u1110,i358,4,1710788413
u1886,i529,5,1710789976
u1439,i559,5,1710790075
u1608,i210,5,1710790479
u1723,i425,4,1710790833
u0714,i524,4,1710791648
u1398,i488,4,1710791855
u0586,i225,4,1710792271
u1755,i229,5,1710792500
u0454,i089,5,1710792591
u1356,i243,5,1710793431
u0312,i283,5,1710793715
u1505,i268,1,1710793989
u1404,i529,5,1710794006
u0001,i541,3,1710794756
u0863,i108,5,1710794854
u1771,i147,3,1710795410
u1294,i392,5,1710795436
u0391,i233,5,1710795728
u1440,i279,4,1710795912
u0572,i244,4,1710795917
u1716,i031,3,1710796115
u0287,i544,5,1710796346
u0834,i495,4,1710796547
u0233,i522,5,1710796860
u0113,i224,4,1710797124
u1992,i243,4,1710797525
u1549,i504,5,1710798440
u1225,i178,5,1710798516
u0558,i107,5,1710798887
u0989,i062,5,1710799495
u1190,i544,5,1710799977
u0744,i171,4,1710800548
u1455,i550,4,1710800686
u1406,i577,3,1710801544
u1542,i037,4,1710801613
u1232,i106,1,1710801740
u0080,i346,4,1710802992
u1780,i068,5,1710803046
u1427,i093,4,1710803623
u0439,i242,4,1710805355
u0002,i470,5,1710805554
u1045,i190,5,1710805724
u0656,i299,5,1710805944
u1059,i419,4,1710806774
u0915,i292,5,1710806892
u0501,i092,5,1710806941
u1171,i260,5,1710807376
u1187,i467,5,1710807866
u0765,i291,2,1710808172
u1910,i217,4,1710808878
u0853,i356,5,1710809257
u0344,i497,3,1710810157
u0601,i544,4,1710810602
u1915,i333,5,1710812816
u1478,i284,4,1710813112
u1618,i318,4,1710813651
u1297,i319,5,1710813865
u1070,i130,4,1710814038
u1542,i297,4,1710814160
u0490,i145,4,1710814592
u0383,i291,4,1710814727
u0601,i013,5,1710814955
u0048,i292,4,1710816833
u0707,i525,5,1710817982
u0636,i519,4,1710818719
u1771,i381,5,1710818984
u0375,i035,4,1710819130
u0404,i084,1,1710819946
u0302,i243,1,1710820284
u1950,i529,4,1710820475
u0070,i257,2,1710821061
u1383,i211,5,1710821479
u1126,i417,5,1710821694
u0433,i117,4,1710822601
u0469,i250,4,1710823107
u0971,i211,5,1710823130
u1078,i461,5,1710823774
u0387,i391,1,1710824103
u1828,i598,5,1710824273
u0046,i414,4,1710825122
u1944,i480,3,1710825221
u0423,i593,3,1710825435
u0901,i447,4,1710826167
u1028,i323,4,1710826183
u1479,i521,2,1710826284
u0320,i480,1,1710826353
u1369,i092,1,1710826755
u1491,i196,5,1710828436
u0312,i219,4,1710829383
u1921,i117,5,1710829516
u1500,i334,4,1710830021
u1895,i363,5,1710831055
u0076,i122,4,1710831225
u1964,i140,2,1710831926
u0466,i476,4,1710832064
u0843,i521,5,1710832574
u0931,i072,3,1710832896
u1076,i441,5,1710834013
u1774,i445,4,1710834039
u1587,i593,4,1710834582
u0285,i276,4,1710835208
u0407,i364,4,1710836141
u1047,i106,5,1710836514
u1208,i417,4,1710837955
u0916,i500,4,1710838074
u1440,i261,4,1710838130
u0358,i509,2,1710838375
u0571,i593,5,1710838742
u1000,i116,4,1710838898
u1567,i341,5,1710840163
u1652,i568,1,1710841402
u0405,i061,4,1710842247
u1497,i333,4,1710843029
u0188,i470,4,1710843084
u0807,i171,3,1710843791
u0886,i100,5,1710843969
u1522,i057,5,1710844556
u0511,i528,4,1710845659
u1877,i386,4,1710845844
u1732,i375,4,1710845853
u0277,i189,5,1710846298
u0659,i597,4,1710846689
u0864,i384,5,1710847432
u0940,i225,4,1710847867
u0238,i349,4,1710847932
u0951,i357,5,1710848917
u1378,i166,1,1710849127
u0515,i414,4,1710849865
u0937,i476,5,1710849939
u1472,i117,4,1710850028
u0658,i479,5,1710851359
u0237,i461,4,1710851889
u0255,i469,4,1710851960
u1636,i516,5,1710852487
u1509,i363,2,1710852521
u1277,i556,4,1710852841
u0387,i507,5,1710853435
u0585,i313,5,1710855692
u0668,i364,5,1710855968
u0226,i119,5,1710856807
u1312,i055,5,1710857152
u1105,i448,4,1710857243
u0809,i079,4,1710857823
u1137,i334,5,1710857909
u1311,i102,5,1710858050
u0613,i338,4,1710858200
u1229,i236,5,1710858517
u0219,i176,5,1710858521
u1774,i531,1,1710859852
u0856,i167,5,1710861004
u0178,i457,5,1710861396
u1302,i143,5,1710862984
u0927,i291,4,1710863376
u0242,i488,5,1710863964
u1513,i550,4,1710864922
u0343,i280,5,1710866524
u0363,i189,1,1710867683
u0011,i031,2,1710867852
u0224,i268,4,1710868265
u1340,i180,5,1710869034
u1837,i170,4,1710869786
u1148,i083,5,1710869836
u0020,i435,4,1710870329
u0741,i303,2,1710870914
u1181,i504,3,1710871069
u0803,i377,4,1710871349
u1378,i150,5,1710873683
u1967,i061,5,1710874175
u1726,i493,3,1710874357
u0137,i441,4,1710875419
u0074,i221,4,1710875574
u0660,i393,4,1710875771
u0858,i268,5,1710876672
u1922,i588,5,1710876758
u1572,i407,3,1710876881
u0370,i172,5,1710877047
u0674,i332,4,1710877557
u1018,i023,5,1710878013
u1926,i229,4,1710878144
u0212,i466,5,1710879322
u1168,i040,1,1710879484
u1554,i042,5,1710879689
u0076,i334,5,1710880106
u1819,i261,3,1710880805
u0720,i272,5,1710880875
u1756,i595,5,1710880926
u0278,i227,4,1710880999
u0576,i410,5,1710881026
u1905,i207,1,1710881517
u0121,i376,5,1710881593
u1125,i370,4,1710881685
u1877,i038,4,1710881826
u0278,i568,5,1710881887
u1754,i243,2,1710882327
u1952,i138,5,1710883219
u1503,i358,5,1710883372
u0897,i584,5,1710884563
u0388,i371,4,1710884625
u1860,i254,4,1710884767
u1045,i237,5,1710884938
u1210,i054,1,1710885307
u1799,i255,5,1710885493
u0448,i013,4,1710886672
u0089,i551,5,1710887370
u1596,i411,5,1710887423
u1132,i539,5,1710887434
u1951,i334,4,1710888176
u1326,i332,4,1710888412
u1660,i324,4,1710888836
u0460,i276,5,1710891226
u0326,i334,5,1710891554
u0335,i526,5,1710891687
u0507,i572,4,1710892959
u0775,i179,4,1710893317
u0023,i333,2,1710893538
u1681,i334,5,1710894240
u1606,i363,4,1710895803
u0686,i504,5,1710896679
u1115,i460,4,1710897456
u0981,i509,5,1710898059
u0216,i271,5,1710898304
u0893,i243,4,1710898389
u1262,i026,4,1710898468
u0996,i055,4,1710898598
u1540,i000,5,1710899570
u0069,i446,4,1710900616
u0968,i493,4,1710901119
u1554,i005,5,1710901757
u0295,i489,4,1710901878
u0959,i221,4,1710901942
u1791,i145,5,1710902487
u0848,i351,5,1710902580
u0582,i388,4,1710904917
u1924,i507,4,1710905483
u0708,i444,5,1710906593
u1679,i332,4,1710908028
u0336,i474,4,1710908355
u0792,i561,5,1710908844
u1771,i131,4,1710909413
u1158,i590,4,1710909428
u0346,i573,2,1710909796
u0799,i292,4,1710910140
u0170,i443,4,1710910183
u0391,i548,5,1710910275
u0008,i347,5,1710911278
u0222,i562,4,1710911491
u0850,i034,4,1710911526
u0641,i248,5,1710911605
u0338,i097,4,1710911618
u0455,i334,5,1710911733
u0851,i048,4,1710911751
u0076,i336,4,1710911875
u0998,i022,5,1710912895
u0172,i220,3,1710913191
u0079,i373,5,1710913740
u0904,i580,3,1710913936
u1741,i142,4,1710914342
u1140,i093,4,1710914599
u0185,i006,5,1710915230
u1617,i352,2,1710915342
u0020,i523,5,1710915666
u1093,i582,1,1710916966
u0821,i578,1,1710916984
u1243,i031,3,1710917324
u1050,i479,1,1710917348
u0057,i331,5,1710917350
u0191,i081,4,1710918651
u1061,i116,5,1710918739
u1567,i363,2,1710919454
u1271,i162,3,1710920423
u0618,i521,4,1710920855
u0080,i269,1,1710921037
u1942,i593,1,1710921050
u1907,i146,4,1710921518
u1954,i419,5,1710922547
u1905,i272,5,1710922771
u1746,i294,4,1710922914
u0872,i060,4,1710923108
u1993,i283,5,1710923283
u0638,i568,1,1710923384
u1000,i297,4,1710923642
u0919,i268,2,1710923914
u1722,i324,5,1710926333
u0860,i342,5,1710927278
u1843,i136,5,1710927387
u0449,i074,5,1710928941
u0475,i122,4,1710928969
u0770,i157,4,1710929612
u1607,i427,4,1710929653
u0886,i316,4,1710930550
u1991,i367,5,1710930628
u1408,i526,4,1710930952
u0987,i357,4,1710931556
u1063,i550,5,1710931896
u0138,i368,5,1710933396
u0129,i363,2,1710933459
u1934,i243,4,1710933882
u0539,i025,3,1710933899
u1538,i516,4,1710934497
u1112,i109,5,1710934604
u0724,i200,5,1710935766
u0544,i074,4,1710935888
u0541,i539,4,1710936434
u0609,i185,5,1710936501
u0058,i589,4,1710936884
u0438,i516,5,1710937096
u0102,i074,4,1710937242
u1052,i357,2,1710938534
u0873,i357,4,1710938752
u1474,i592,4,1710938795
u0447,i243,3,1710939338
u1586,i217,5,1710939392
u1955,i205,5,1710939792
u0198,i431,4,1710940125
u0992,i345,4,1710940736
u0682,i503,2,1710941063
u1671,i048,4,1710941685
u1699,i363,4,1710942809
u0431,i459,4,1710943138
u1225,i333,1,1710943670
u0881,i324,4,1710943889
u1334,i206,4,1710944993
u0505,i273,5,1710945151
u0966,i357,1,1710945319
u0841,i227,5,1710945543
u1141,i363,2,1710945933
u1472,i291,4,1710945937
u0403,i140,4,1710946057
u1282,i103,5,1710947733
u1110,i044,4,1710948305
u0867,i116,2,1710948344
u1064,i410,4,1710948413
u0415,i048,5,1710948434
u1297,i008,4,1710948452
u1766,i357,2,1710949450
u1715,i212,4,1710950293
u1705,i061,4,1710950755
u0726,i449,5,1710951514
u0314,i096,5,1710951560
u0981,i500,4,1710951584
u1919,i417,4,1710951941
u1571,i261,3,1710952909
u0251,i237,5,1710952917
u0671,i023,1,1710953577
u1996,i363,1,1710953852
u1510,i176,1,1710954011
u1151,i420,5,1710954035
u0584,i543,2,1710955266
u1042,i511,5,1710955756
u1785,i362,4,1710957695
u1390,i298,5,1710957742
u1879,i585,5,1710958375
u1589,i145,5,1710959456
u0108,i221,1,1710960723
u1965,i314,4,1710961602
u1557,i067,5,1710962485
u0742,i440,5,1710962561
u0103,i497,5,1710963449
u1980,i093,4,1710965344
u0385,i110,5,1710967751
u0746,i420,5,1710968411
u0345,i048,4,1710968834
u1640,i425,5,1710969166
u1145,i233,4,1710969455
u1511,i467,5,1710969724
u0108,i023,5,1710970056
u0586,i557,3,1710970231
u1205,i162,5,1710971307
u0312,i037,4,1710971602
u0981,i333,3,1710972045
u0640,i097,1,1710972583
u1911,i521,5,1710973342
u0789,i365,2,1710973800
u1511,i582,5,1710974266
u0036,i486,4,1710974332
u0854,i341,4,1710974708
u0146,i261,1,1710974860
u0445,i566,5,1710974967
u1459,i461,2,1710975044
u1454,i261,4,1710976502
u1294,i371,5,1710976909
u0184,i540,4,1710977192
u0493,i268,4,1710977536
u1608,i309,4,1710978092
u0805,i495,4,1710978162
u0207,i256,5,1710978182
u1647,i255,4,1710978646
u0359,i224,4,1710979062
u0699,i008,1,1710980599
u0200,i434,1,1710981123
u0191,i537,5,1710981828
u1348,i236,4,1710982269
u0510,i597,5,1710984149
u0841,i182,5,1710984967
u0315,i055,5,1710985550
u1220,i243,2,1710986429
u1198,i116,4,1710986561
u1167,i167,5,1710987325
u0652,i293,2,1710987438
u0896,i049,5,1710989486
u0652,i060,4,1710989725
u0391,i023,1,1710990941
u1409,i470,5,1710990982
u1308,i264,4,1710991039
u1231,i464,4,1710991187
u0645,i071,2,1710991472
u0026,i086,4,1710991757
u1886,i566,4,1710992098
u1216,i302,5,1710993086
u0303,i446,4,1710993183
u0162,i554,5,1710993391
u0830,i018,5,1710994000
u0145,i268,2,1710994131
u0479,i291,4,1710994974
u0800,i480,5,1710995022
u0645,i011,4,1710995026
u0542,i072,5,1710995281
u1276,i285,4,1710995970
u0293,i302,5,1710996816
u0807,i507,4,1710996920
u1239,i282,5,1710997651
u0473,i291,5,1710998280
u1516,i092,4,1710998787
u1942,i117,2,1711000483
u1449,i217,5,1711000707
u0693,i165,4,1711001653
u1286,i049,4,1711002202
u0573,i424,5,1711002261
u0154,i234,4,1711003642
u1771,i347,4,1711003831
u0846,i275,5,1711004384
u0717,i444,4,1711004419
u1058,i194,5,1711004584
u0955,i358,5,1711004956
u0041,i285,4,1711005845
u1128,i536,4,1711006024
u0314,i210,4,1711006355
u0141,i243,3,1711006921
u0053,i334,5,1711007486
u0804,i589,4,1711007576
u0073,i234,2,1711007773
u1654,i191,4,1711008096
u0643,i069,4,1711008578
u0160,i104,5,1711009040
u0355,i054,5,1711009058
u0959,i413,4,1711009348
u1194,i205,1,1711009615
u1225,i252,5,1711009909
u1276,i586,4,1711010113
u1122,i227,5,1711010503
u1274,i449,1,1711010670
u1586,i543,2,1711010739
u1895,i351,3,1711010819
u0045,i243,2,1711011208
u1829,i412,3,1711011423
u0504,i294,4,1711012873
u1857,i013,4,1711013548
u1057,i280,1,1711013657
u0935,i184,4,1711013950
u1757,i245,4,1711015120
u0808,i268,3,1711016475
u1026,i210,4,1711016551
u0761,i560,3,1711017542
u0109,i391,5,1711017545
u1262,i254,5,1711018618
u0985,i455,4,1711018763
u1877,i507,1,1711018903
u0240,i221,5,1711018911
u0387,i296,5,1711020064
u1877,i380,1,1711020151
u1950,i224,1,1711020501
u0569,i333,3,1711020702
u1902,i361,4,1711021576
u0804,i268,1,1711021885
u0062,i294,4,1711022218
u1951,i271,5,1711022236
u0444,i333,1,1711023729
u0945,i252,4,1711024331
u0467,i595,3,1711024691
u0046,i092,4,1711024802
u0065,i124,5,1711025009
u1284,i011,4,1711025513
u1998,i444,5,1711025555
u1792,i333,3,1711026314
u0185,i363,5,1711026356
u1102,i028,5,1711026554
u0403,i053,1,1711026980
u0863,i477,4,1711027009
u0781,i038,2,1711027087
u0987,i203,5,1711027089
u0690,i596,5,1711028217
u0126,i334,5,1711029066
u1954,i243,3,1711029102
u1380,i108,4,1711029184
u0806,i106,4,1711029272
u0319,i288,5,1711029704
u0087,i381,5,1711029707
u0915,i428,3,1711029841
u0594,i143,5,1711030387
u1332,i226,2,1711030661
u0981,i337,5,1711030738
u1511,i361,4,1711031520
u1744,i097,5,1711031857
u1795,i505,4,1711032168
u1096,i098,5,1711032375
u1482,i334,4,1711032530
u1542,i211,2,1711033997
u1350,i588,5,1711034150
u0880,i134,4,1711034476
u0549,i158,4,1711034523
u0726,i598,5,1711036384
u0028,i403,4,1711036627
u0075,i263,4,1711040957
u0217,i404,4,1711041620
u1182,i461,5,1711041826
u0489,i103,4,1711041885
u1112,i268,1,1711042639
u1902,i273,5,1711043306
u1395,i291,5,1711043465
u1325,i458,2,1711043675
u0804,i578,4,1711043957
u1314,i118,5,1711044084
u1674,i124,5,1711044274
u1617,i453,4,1711044513
u0737,i528,5,1711046184
u1373,i265,5,1711046270
u1322,i467,5,1711046871
u0468,i444,5,1711047607
u1660,i323,3,1711047971
u0618,i132,4,1711048234
u1773,i470,5,1711049249
u0196,i498,4,1711049424
u1268,i025,5,1711050955
u0284,i291,4,1711051901
u0231,i363,2,1711052415
u0152,i243,4,1711053275
u1532,i105,5,1711054051
u0200,i292,4,1711054184
u0044,i094,4,1711055499
u1885,i286,4,1711055522
u1380,i273,2,1711055844
u0477,i580,5,1711056578
u1963,i026,4,1711056722
u0337,i574,5,1711057315
u0359,i227,4,1711057544
u1659,i292,5,1711058673
u0935,i187,4,1711059033
u0309,i304,4,1711059075
u1491,i384,2,1711059110
u1840,i365,5,1711059387
u1059,i293,4,1711059599
u1317,i073,5,1711059711
u1626,i409,4,1711059954
u1415,i030,1,1711060611
u0326,i341,5,1711061414
u1998,i268,3,1711061593
u0925,i526,4,1711061667
u0482,i023,2,1711062950
u0794,i282,4,1711063770
u1648,i419,5,1711065128
u0703,i268,2,1711066739
u1769,i026,1,1711067615
u1791,i056,4,1711068410
u0370,i108,4,1711069080
u0106,i377,4,1711070672
u0276,i268,4,1711071227
u0800,i415,5,1711071243
u1022,i550,4,1711072389
u1620,i116,2,1711072703
u0326,i256,1,1711073501
u0641,i268,5,1711073805
u1904,i013,3,1711074074
u1497,i097,4,1711075063
u1282,i097,5,1711075154
u1651,i150,2,1711075162
u0759,i294,4,1711075450
u1247,i233,4,1711075975
u1648,i371,5,1711077881
u1454,i117,4,1711078100
u0651,i529,4,1711078988
u0624,i363,1,1711079261
u1212,i465,5,1711079542
u1538,i363,5,1711079665
u1560,i048,5,1711079905
u1311,i072,4,1711080040
u0764,i194,5,1711080534
u1540,i480,4,1711080595
u0551,i583,4,1711080915
u0281,i092,4,1711081010
u1880,i405,5,1711082681
u1720,i381,5,1711084460
u0770,i119,4,1711084632
u1636,i381,1,1711084777
u0274,i307,2,1711085670
u1483,i268,2,1711086318
u0747,i575,5,1711086445
u1861,i143,5,1711087441
u0384,i448,1,1711087499
u1317,i282,1,1711087737
u1208,i260,1,1711088227
u0070,i097,3,1711088432
u1371,i133,2,1711089122
u1956,i228,5,1711089125
u0682,i060,4,1711089151
u1775,i180,1,1711089942
u0755,i289,5,1711091582
u0032,i083,4,1711092672
u0539,i507,3,1711094161
u1290,i025,4,1711094280
u0512,i150,5,1711095134
u1181,i048,4,1711096209
u1637,i183,3,1711096253
u0931,i480,3,1711096451
u1046,i004,5,1711096883
u1234,i519,2,1711097791
u1528,i527,5,1711098220
u1063,i504,4,1711098425
u0770,i187,4,1711098659
u1311,i203,4,1711098669
u1516,i334,4,1711098679
u0050,i368,4,1711099346
u1671,i363,1,1711099823
u0020,i417,4,1711099967
u1878,i102,4,1711100218
u0311,i386,4,1711100723
u0912,i377,5,1711101252
u1454,i562,1,1711101485
u1143,i192,2,1711101857
u0577,i564,4,1711102496
u1403,i217,5,1711102818
u1013,i192,4,1711103197
u1012,i032,4,1711103838
u0194,i397,4,1711105209
u1464,i044,5,1711105359
u0517,i187,4,1711106197
u1421,i447,3,1711106508
u1765,i243,4,1711106531
u0605,i112,4,1711106785
u1602,i146,1,1711106827
u0356,i333,2,1711107187
u1761,i418,4,1711107529
u1866,i058,5,1711107674
u1739,i113,3,1711108461
u1532,i066,4,1711108534
u1387,i081,4,1711108745
u1537,i233,5,1711109249
u0885,i334,4,1711109474
u1720,i428,5,1711110169
u1289,i243,1,1711110682
u0270,i117,4,1711110734
u0642,i301,2,1711110803
u0677,i542,5,1711111209
u1895,i417,4,1711111897
u1292,i413,4,1711112588
u0082,i268,2,1711112870
u1757,i017,4,1711113211
u1467,i373,3,1711113468
u1869,i435,5,1711113590
u1625,i511,5,1711113832
u1278,i047,4,1711114742
u1774,i277,5,1711115627
u1461,i379,2,1711116129
u1276,i470,1,1711116367
u0254,i333,5,1711116723
u0687,i342,5,1711117012
u1291,i361,1,1711118213
u1150,i073,4,1711119750
u0759,i529,5,1711120354
u0422,i333,1,1711120757
u1253,i566,5,1711122337
u0392,i221,5,1711122867
u1244,i057,4,1711122962
u0394,i504,4,1711123008
u1053,i447,1,1711123978
u0172,i011,4,1711124370
u1312,i261,5,1711124457
u0748,i233,5,1711125494
u1849,i332,5,1711125680
u0860,i571,4,1711125738
u1182,i539,2,1711127154
u0480,i143,5,1711127308
u0060,i113,1,1711127562
u1938,i550,4,1711128157
u0414,i026,4,1711129360
u1775,i140,2,1711132267
u0891,i564,5,1711132434
u1209,i297,5,1711132471
u1974,i073,4,1711132583
u1855,i506,5,1711133042
u1122,i261,4,1711133070
u1969,i439,4,1711133443
u0796,i519,4,1711133926
u1840,i198,5,1711133976
u1144,i189,4,1711134281
u1177,i373,5,1711134948
u0021,i143,5,1711136954
u1235,i304,4,1711137918
u1480,i461,4,1711138188
u0894,i025,4,1711138502
u0016,i023,5,1711138757
u0661,i410,4,1711139879
u1281,i219,5,1711140081
u1526,i009,2,1711140177
u1374,i540,4,1711140620
u0627,i080,4,1711140639
u1496,i582,5,1711141256
u0317,i150,5,1711141354
u0841,i293,1,1711141670
u0904,i100,5,1711142067
u0931,i334,5,1711142705
u0775,i527,5,1711142778
u0645,i145,5,1711142996
u1900,i448,4,1711143115
u0966,i233,4,1711143491
u0546,i107,2,1711146019
u0912,i470,4,1711147846
u1760,i262,4,1711149637
u1512,i515,4,1711149643
u1007,i324,5,1711149942
u0648,i599,4,1711150202
u1805,i358,5,1711152221
u0422,i291,2,1711152914
u0849,i073,5,1711153845
u1577,i023,5,1711153857
u0999,i113,5,1711153988
u1832,i046,5,1711154097
u1543,i448,5,1711154116
u0643,i089,5,1711154769
u0891,i354,5,1711155126
u0663,i062,4,1711155666
u0657,i116,5,1711155708
u1023,i026,4,1711155756
u0901,i305,4,1711156148
u0271,i470,5,1711157291
u0980,i046,3,1711157993
u1848,i595,4,1711159478
u1727,i564,5,1711159593
u0445,i317,4,1711159656
u0485,i125,4,1711159707
u0549,i265,5,1711159932
u0074,i062,2,1711160438
u0087,i566,4,1711161037
u0138,i324,4,1711161089
u1920,i206,5,1711161238
u1192,i292,3,1711161528
u0874,i518,4,1711162142
u1705,i122,5,1711162155
u1982,i334,1,1711162260
u0385,i296,5,1711162394
u0818,i599,5,1711163101
u1835,i220,4,1711163155
u1413,i174,4,1711164375
u1279,i243,3,1711164442
u0922,i048,5,1711164775
u0788,i073,5,1711164944
u1861,i004,3,1711165196
u0333,i224,5,1711165522
u0286,i330,4,1711165621
u0719,i548,5,1711165867
u1966,i140,3,1711166121
u0086,i113,5,1711166254
u1851,i529,4,1711167323
u0262,i273,4,1711167397
u0681,i434,2,1711167587
u1775,i035,5,1711168462
u1666,i454,2,1711168492
u1034,i265,5,1711170132
u0779,i093,5,1711170416
u0425,i444,3,1711171027
u0906,i268,2,1711172114
u0075,i444,5,1711172483
u1907,i013,4,1711173956
u0966,i151,5,1711174946
u1004,i401,5,1711175007
u1135,i417,5,1711176254
u0980,i470,5,1711176299
u0057,i363,1,1711176426
u1379,i428,4,1711177155
u0384,i425,1,1711177309
u0320,i292,4,1711177570
u0669,i042,3,1711177873
u0217,i347,4,1711178107
u1720,i007,4,1711178416
u0809,i372,5,1711179310
u0578,i268,2,1711179455
u0861,i094,1,1711180652
u1904,i291,5,1711181101
u1999,i566,3,1711181343
u0411,i067,2,1711181350
u0353,i526,4,1711182656
u1264,i243,5,1711183105
u0342,i060,4,1711183607
u0907,i231,2,1711185237
u1475,i306,5,1711185350
u0769,i119,2,1711185467
u0708,i517,5,1711185622
u0166,i506,4,1711185674
u0940,i447,2,1711185997
u1669,i072,5,1711186584
u0218,i246,5,1711186630
u0482,i299,5,1711187191
u0544,i112,5,1711187541
u0067,i063,4,1711187956
u0214,i143,4,1711188498
u1537,i528,4,1711188564
u1884,i526,4,1711189106
u1529,i263,4,1711189697
u1203,i525,4,1711189704
u0227,i054,5,1711190127
u1644,i205,4,1711190230
u1893,i053,4,1711190532
u1169,i519,5,1711190657
u0137,i016,1,1711191643
u0135,i446,4,1711191860
u1659,i243,3,1711191953
u1196,i159,4,1711193047
u1138,i089,4,1711193407
u1045,i268,1,1711194393
u0604,i286,2,1711194469
u0833,i160,5,1711194830
u0896,i292,4,1711195259
u1278,i282,2,1711195810
u0716,i566,2,1711195905
u0151,i323,4,1711196078
u0568,i359,4,1711196384
u1857,i268,4,1711197488
u0825,i108,3,1711197750
u0317,i516,5,1711198346
u1511,i291,5,1711198386
u1053,i595,5,1711198547
u1349,i513,5,1711200294
u1300,i383,4,1711200455
u0289,i519,5,1711200569
u1401,i093,5,1711200663
u1614,i286,5,1711201065
u1464,i233,5,1711201326
u0552,i039,5,1711201552
u0001,i226,4,1711202313
u1065,i368,2,1711203164
u1623,i271,1,1711203621
u0785,i215,2,1711204958
u0492,i523,5,1711205808
u0754,i093,5,1711207502
u0737,i286,2,1711208207
u1479,i397,4,1711208352
u1261,i471,5,1711208887
u0039,i089,5,1711208940
u1551,i216,5,1711209003
u0988,i204,5,1711210389
u0586,i167,5,1711210843
u1241,i133,3,1711211083
u1832,i202,5,1711211121
u1502,i268,4,1711211435
u1175,i060,4,1711211870
u0945,i357,3,1711212218
u0942,i177,4,1711212567
u0774,i321,4,1711213315
u1712,i019,4,1711213722
u1940,i013,5,1711213848
u0294,i267,1,1711213887
u1470,i097,5,1711214153
u1251,i116,3,1711214465
u0387,i428,4,1711215557
u1682,i002,5,1711215678
u0672,i345,5,1711215804
u1551,i398,5,1711215954
u0618,i146,5,1711216384
u0267,i457,4,1711217088
u1336,i291,4,1711217141
u1209,i444,5,1711217976
u0949,i023,1,1711218173
u1976,i334,4,1711218738
u1804,i529,4,1711218810
u1542,i477,4,1711219365
u1013,i373,5,1711220650
u1889,i115,5,1711222213
u0979,i542,4,1711222810
u0799,i358,3,1711223038
u1731,i549,4,1711223067
u1598,i357,4,1711224128
u0057,i093,3,1711224611
u1464,i363,5,1711224901
u1952,i055,5,1711225221
u1744,i298,4,1711226188
u0364,i319,5,1711226935
u0379,i140,4,1711226936
u0478,i568,4,1711227332
u0949,i360,5,1711228302
u1511,i117,5,1711228621
u1132,i363,4,1711228731
u0560,i113,4,1711230457
u0712,i564,4,1711231100
u0987,i352,3,1711231634
u0737,i585,4,1711233204
u0832,i427,5,1711233256
u0668,i036,5,1711233776
u0319,i143,4,1711233796
u1220,i034,5,1711233860
u0271,i448,5,1711234245
u1734,i108,4,1711234248
u0653,i233,3,1711234401
u0839,i276,4,1711234801
u0941,i305,4,1711234899
u1485,i097,3,1711235044
u0405,i048,4,1711235578
u1279,i492,5,1711235938
u1014,i412,5,1711236097
u1111,i585,1,1711236100
u0817,i123,4,1711236119
u1243,i337,4,1711236528
u1581,i097,3,1711236751
u1403,i312,5,1711236975
u0582,i359,5,1711238721
u1225,i454,2,1711238865
u0463,i580,5,1711239280
u0591,i268,4,1711239685
u0048,i564,1,1711240184
u1501,i592,5,1711240457
u1519,i451,4,1711240466
u0980,i337,4,1711240948
u0175,i553,4,1711240951
u1525,i425,2,1711243358
u0039,i018,3,1711243813
u0741,i522,4,1711245377
u0246,i484,4,1711245513
u0699,i568,3,1711246110
u1243,i519,5,1711247397
u1052,i134,4,1711247511
u1036,i580,4,1711247561
u0438,i539,4,1711248168
u1702,i323,4,1711248285
u1051,i291,5,1711249322
u1990,i247,5,1711249537
u0039,i335,4,1711250322
u1582,i391,3,1711250463
u0393,i564,5,1711250543
u1463,i564,5,1711250892
u0034,i106,1,1711250958
u1228,i153,4,1711251575
u1385,i243,5,1711252200
u1425,i334,1,1711252746
u0997,i486,4,1711253043
u0650,i498,4,1711253101
u0872,i193,2,1711253143
u0706,i333,1,1711253307
u1433,i568,3,1711253628
u1318,i558,5,1711253790
u0325,i052,5,1711254055
u1175,i448,5,1711255279
u1646,i254,3,1711255351
u1839,i357,1,1711255438
u1937,i243,3,1711255810
u0124,i364,1,1711255969
u0119,i113,4,1711256017
u1847,i166,4,1711256075
u0479,i117,5,1711256316
u0853,i227,5,1711256339
u0876,i599,3,1711256875
u0008,i063,5,1711256994
u0445,i243,1,1711257011
u0644,i292,5,1711257060
u0193,i412,5,1711257155
u1913,i571,1,1711257238
u1320,i293,4,1711257377
u0862,i195,5,1711257980
u0440,i113,2,1711258053
u0750,i219,3,1711258146
u0404,i342,3,1711258458
u0183,i470,4,1711258684
u0841,i361,5,1711259054
u1922,i243,2,1711260449
u1038,i507,1,1711261527
u1881,i484,4,1711261915
u1951,i115,5,1711262279
u0115,i031,1,1711262314
u1294,i256,4,1711262697
u1674,i498,4,1711263206
u0325,i287,5,1711264813
u1023,i273,4,1711264850
u1883,i139,5,1711265827
u0204,i080,5,1711265969
u0817,i478,5,1711266155
u0598,i419,5,1711266523
u1899,i122,4,1711267510
u0326,i410,4,1711267896
u0021,i461,4,1711269481
u0489,i449,5,1711271919
u1745,i362,4,1711272495
u0544,i452,5,1711272950
u0006,i143,5,1711274215
u1226,i399,5,1711274633
u1251,i271,5,1711275538
u0328,i483,4,1711276388
u1863,i377,3,1711276925
u1719,i292,3,1711277351
u0399,i321,5,1711278585
u0444,i255,4,1711280023
u0314,i335,5,1711280062
u0579,i388,5,1711281036
u1890,i381,4,1711281097
u0381,i169,1,1711281713
u0585,i376,5,1711282693
u0875,i204,5,1711284017
u0366,i425,4,1711284123
u0466,i153,1,1711285555
u1119,i553,5,1711285623
u0053,i549,4,1711285889
u1655,i454,5,1711286214
u1748,i288,4,1711286465
u0327,i020,4,1711287696
u0286,i585,3,1711288575
u1191,i177,5,1711288925
u1748,i500,5,1711289231
u0415,i092,4,1711289237
u1522,i345,5,1711289422
u1873,i097,5,1711289590
u1972,i102,4,1711290560
u0715,i577,4,1711291521
u1454,i163,5,1711291610
u0702,i340,4,1711292619
u1481,i104,1,1711292704
u0693,i445,5,1711292944
u1329,i209,4,1711293571
u0787,i450,5,1711293692
u0399,i342,5,1711293696
u0214,i470,4,1711294242
u0572,i336,5,1711294666
u0620,i461,4,1711294988
u1793,i105,3,1711295096
u0255,i372,5,1711295950
u0393,i364,4,1711296214
u0785,i186,4,1711296464
u0279,i455,5,1711296526
u0847,i061,4,1711297088
u1357,i004,3,1711297111
u0007,i097,4,1711297212
u1060,i588,4,1711298450
u1458,i333,3,1711298610
u1912,i143,4,1711298617
u0774,i043,5,1711298824
u0166,i243,4,1711298895
u0034,i444,4,1711300180
u1482,i351,4,1711300895
u1828,i541,5,1711301157
u0831,i113,4,1711301347
u0559,i352,5,1711302513
u0695,i430,5,1711303607
u1893,i380,1,1711303713
u0190,i580,3,1711304121
u0879,i225,4,1711304214
u0597,i587,5,1711304239
u0005,i071,4,1711304947
u1147,i092,2,1711305330
u1619,i480,4,1711305490
u1141,i212,4,1711305804
u1496,i286,4,1711306332
u0612,i093,4,1711306606
u1814,i590,4,1711306637
u1705,i341,5,1711306641
u0843,i425,4,1711307272
u1176,i013,4,1711307523
u0507,i519,5,1711308491
u0592,i254,4,1711309079
u1216,i363,4,1711309252
u0720,i264,1,1711309446
u1756,i113,5,1711309910
u0156,i568,4,1711310323
u1830,i016,5,1711310759
u0870,i416,5,1711312113
u0726,i044,3,1711312317
u0051,i140,5,1711313369
u1022,i109,5,1711313575
u1076,i323,5,1711314724
u0255,i342,4,1711315507
u1998,i492,1,1711315711
u1498,i029,4,1711317094
u1369,i363,5,1711318243
u0849,i514,4,1711318435
u1114,i438,5,1711319080
u1536,i324,5,1711321132
u0968,i294,5,1711321148
u1560,i334,4,1711321293
u0603,i261,5,1711321674
u1402,i585,5,1711321765
u1237,i364,4,1711322095
u1582,i331,4,1711322457
u1420,i335,4,1711323562
u0741,i581,4,1711323571
u0545,i282,5,1711324463
u0039,i088,4,1711324717
u1925,i206,5,1711325047
u0412,i504,5,1711325503
u1038,i377,4,1711325646
u0357,i089,5,1711326125
u0858,i013,5,1711326780
u1536,i123,3,1711326988
u0485,i463,4,1711328064
u0334,i109,4,1711328213
u1132,i523,5,1711328686
u0708,i341,3,1711328919
u1385,i222,1,1711329694
u1908,i009,5,1711329766
u1503,i538,4,1711329806
u0854,i511,5,1711329920
u0432,i501,5,1711330304
u0670,i575,5,1711330433
u0926,i170,5,1711330643
u1086,i254,5,1711330761
u1814,i394,4,1711331524
u0387,i469,5,1711332342
u0994,i530,4,1711332613
u1029,i482,1,1711332650
u0856,i493,5,1711333373
u0616,i595,4,1711333519
u0033,i211,5,1711333805
u1724,i319,4,1711334048
u0640,i292,5,1711334842
u1201,i268,4,1711334881
u0868,i007,4,1711334916
u0997,i568,5,1711335727
u1509,i377,4,1711335894
u1551,i439,4,1711337183
u0455,i133,4,1711337995
u0094,i256,3,1711338465
u1626,i103,4,1711339462
u0070,i107,4,1711339486
u1981,i146,5,1711339762
u0922,i341,5,1711339855
u0896,i220,3,1711341449
u1473,i297,5,1711342754
u0928,i517,5,1711343622
u0883,i099,1,1711343699
u1517,i219,3,1711346985
u0904,i362,5,1711347712
u1483,i310,5,1711348687
u1425,i164,5,1711348777
u0881,i457,5,1711348896
u0325,i568,5,1711349069
u0205,i341,4,1711349310
u1283,i511,5,1711349502
u0703,i149,4,1711349802
u0811,i092,5,1711350342
u0051,i363,1,1711350668
u0383,i261,5,1711351227
u0938,i564,3,1711351947
u0670,i007,1,1711352357
u0227,i150,4,1711353020
u0291,i357,3,1711353452
u1143,i394,5,1711353727
u1126,i435,5,1711354729
u1223,i090,4,1711354879
u1981,i008,4,1711355047
u0007,i268,3,1711355426
u0721,i291,5,1711356043
u0956,i315,4,1711356147
u0494,i045,5,1711356312
u0297,i254,5,1711356689
u1385,i589,4,1711356899
u1206,i113,4,1711357216
u1821,i308,3,1711357664
u0424,i424,3,1711358000
u0281,i048,5,1711358777
u0216,i115,4,1711360447
u0422,i548,4,1711360511
u1937,i268,3,1711360708
u1769,i053,5,1711361035
u1374,i549,4,1711361725
u0298,i032,4,1711361748
u0611,i299,4,1711362699
u0625,i193,4,1711362759
u1562,i370,5,1711362802
u0661,i200,5,1711363490
u0640,i104,4,1711364237
u1285,i334,2,1711364796
u0598,i375,5,1711365022
u1256,i174,4,1711365279
u1246,i248,3,1711365320
u1168,i372,5,1711365563
u1640,i392,4,1711365580
u0845,i088,4,1711366097
u1269,i388,5,1711366549
u0292,i363,5,1711366764
u0716,i243,3,1711366962
u0930,i395,5,1711367088
u1161,i532,5,1711367333
u0336,i262,1,1711367545
u0977,i572,4,1711367837
u0927,i261,5,1711369044
u1561,i132,4,1711369324
u1744,i394,3,1711369926
u1529,i095,4,1711370483
u0508,i194,4,1711371173
u1427,i526,2,1711372021
u1466,i535,4,1711372298
u0380,i058,5,1711373033
u0027,i162,4,1711373282
u0303,i200,4,1711373483
u0802,i240,4,1711373554
u1850,i568,4,1711374111
u1262,i524,4,1711374650
u1112,i345,1,1711374664
u0191,i470,4,1711374768
u1716,i390,5,1711375534
u0060,i118,5,1711376223
u0024,i448,5,1711376789
u1350,i264,1,1711377123
u1707,i496,5,1711377459
u1455,i470,4,1711377753
u1285,i487,3,1711378387
u0694,i576,4,1711378486
u1322,i038,1,1711378985
u0799,i327,4,1711379031
u0831,i236,4,1711380274
u1021,i059,4,1711380389
u1772,i333,5,1711380599
u1717,i165,5,1711380610
u0579,i229,5,1711380624
u0887,i181,4,1711381270
u0188,i158,5,1711381492
u0570,i372,4,1711381827
u0326,i511,4,1711382162
u1741,i462,4,1711382397
u0741,i372,5,1711382695
u1371,i243,5,1711382971
u1863,i467,5,1711383420
u0354,i396,4,1711383846
u0861,i599,4,1711384097
u0046,i511,4,1711384918
u1264,i265,2,1711385331
u0291,i466,5,1711386446
u0427,i142,5,1711388534
u0819,i320,1,1711389074
u1878,i564,5,1711390024
u1813,i088,2,1711390219
u0708,i503,5,1711390509
u1764,i568,4,1711390606
u1061,i377,2,1711391015
u1491,i268,1,1711391345
u0627,i160,4,1711391601
u0783,i415,4,1711391875
u1989,i112,4,1711392239
u0744,i243,5,1711392407
u0113,i514,2,1711393206
u0525,i471,5,1711394690
u0122,i361,1,1711395227
u0094,i519,4,1711397361
u1722,i113,5,1711397877
u1106,i377,2,1711398956
u0200,i199,4,1711399324
u1621,i571,4,1711399343
u1001,i369,5,1711400716
u1461,i143,3,1711401763
u0715,i362,5,1711401811
u1069,i133,5,1711403681
u1558,i034,5,1711403772
u1759,i142,5,1711404028
u0034,i249,3,1711404238
u1333,i337,4,1711404687
u1616,i530,5,1711404689
u1790,i490,1,1711406018
u0885,i048,5,1711406107
u0159,i354,5,1711406619
u0186,i526,5,1711407393
u0035,i340,5,1711407444
u1015,i102,4,1711407775
u1181,i237,5,1711408210
u1256,i293,5,1711408986
u0665,i073,4,1711409392
u1614,i117,5,1711409431
u1464,i113,4,1711410142
u1103,i378,5,1711411095
u1104,i217,5,1711411175
u1848,i268,2,1711411494
u0993,i004,4,1711411962
u1982,i595,2,1711412472
u0776,i419,4,1711412814
u0166,i551,5,1711413516
u1590,i575,4,1711413658
u1126,i440,5,1711413840
u0027,i542,4,1711414646
u0411,i357,4,1711414816
u1567,i074,4,1711414935
u0917,i454,5,1711415408
u1293,i093,4,1711415600
u1448,i409,5,1711416099
u0973,i576,1,1711416214
u0299,i234,4,1711416618
u0303,i334,4,1711416828
u1778,i496,2,1711417439
u1883,i424,5,1711417869
u1345,i060,3,1711418495
u0284,i261,5,1711418661
u0422,i042,5,1711418897
u1777,i105,1,1711420721
u0396,i480,4,1711421455
u0929,i474,4,1711421461
u0698,i147,5,1711423340
u0216,i402,4,1711425677
u1219,i555,2,1711426574
u1366,i227,5,1711426594
u0941,i478,5,1711426691
u1514,i372,4,1711427029
u1997,i498,2,1711427374
u1522,i362,5,1711427601
u1954,i390,4,1711428400
u0160,i319,5,1711428495
u1561,i419,5,1711428800
u1235,i042,1,1711430979
u0846,i097,5,1711431387
u0695,i261,1,1711431637
u1332,i349,4,1711431701
u0397,i163,5,1711432152
u0684,i528,1,1711433603
u0554,i155,5,1711434305
u0770,i051,5,1711435017
u1810,i266,4,1711435019
u0738,i175,5,1711435175
u1852,i042,4,1711436994
u1178,i335,5,1711437091
u1527,i157,4,1711437730
u1454,i361,5,1711438196
u0219,i126,5,1711438254
u1630,i423,5,1711438968
u1017,i294,4,1711439682
u1999,i507,3,1711439939
u1854,i018,2,1711440458
u0932,i599,2,1711441321
u0529,i048,5,1711441711
u0989,i511,5,1711442735
u0190,i168,5,1711442930
u1448,i367,5,1711443448
u1028,i416,5,1711444016
u1179,i053,1,1711444091
u1504,i254,5,1711444694
u1878,i554,4,1711444829
u1692,i424,5,1711445283
u0434,i313,4,1711445312
u1381,i399,4,1711445423
u1595,i334,2,1711446265
u1784,i401,5,1711446686
u0069,i188,5,1711446917
u1234,i492,2,1711447097
u0438,i595,5,1711447110
u1466,i255,4,1711447290
u0399,i294,5,1711449638
u0614,i383,5,1711450060
u1786,i429,4,1711450146
u0807,i041,4,1711450567
u0926,i582,5,1711451019
u1052,i418,1,1711451184
u1605,i579,5,1711451278
u1549,i205,2,1711451817
u1279,i113,5,1711452431
u1893,i540,5,1711452449
u0632,i004,5,1711453425
u0248,i264,5,1711454437
u0186,i004,5,1711454469
u1964,i019,5,1711455123
u0790,i550,5,1711455383
u0354,i219,5,1711455400
u1292,i015,5,1711455924
u0186,i333,4,1711456274
u0829,i055,4,1711456441
u1186,i529,2,1711456467
u0068,i267,2,1711457126
u0955,i044,5,1711457713
u1198,i503,5,1711458242
u1461,i204,2,1711458546
u0277,i060,4,1711458968
u0697,i417,4,1711459200
u0600,i023,5,1711459316
u1600,i008,5,1711459569
u0727,i097,5,1711459934
u0483,i185,4,1711461458
u0995,i581,5,1711461803
u0619,i590,2,1711463380
u1703,i389,4,1711464279
u1041,i424,4,1711464331
u1689,i511,5,1711464375
u0691,i362,1,1711464874
u0339,i266,4,1711464919
u0700,i514,1,1711464983
u0441,i333,2,1711465196
u1039,i266,3,1711467571
u0101,i394,1,1711467592
u1149,i120,4,1711468397
u0659,i363,5,1711468441
u0677,i243,3,1711468957
u0836,i025,4,1711469312
u0687,i583,5,1711469731
u1096,i387,4,1711470107
u1076,i082,4,1711470355
u1475,i337,5,1711470631
u1586,i023,5,1711471198
u0870,i361,5,1711471295
u0652,i225,2,1711471554
u1799,i448,4,1711472259
u1994,i268,4,1711472336
u0096,i073,4,1711472589
u0757,i464,2,1711472854
u1089,i062,5,1711473920
u1289,i372,4,1711474172
u0601,i504,1,1711474919
u1930,i337,1,1711474976
u1241,i516,4,1711475524
u0574,i233,2,1711476892
u0042,i541,5,1711476968
u1238,i335,4,1711477435
u1549,i377,4,1711477449
u0209,i245,5,1711477930
u0697,i564,2,1711477963
u0815,i273,5,1711478056
u1027,i526,4,1711478385
u0323,i198,3,1711479037
u0839,i286,5,1711479052
u1330,i204,3,1711479160
u0105,i204,4,1711479990
u1030,i002,4,1711480178
u0133,i581,4,1711481162
u0504,i016,4,1711481174
u0995,i513,1,1711481518
u1530,i438,5,1711482203
u1696,i266,5,1711482399
u1946,i599,5,1711482520
u0193,i517,2,1711483103
u0624,i133,5,1711483330
u0084,i324,5,1711483362
u1050,i190,4,1711484721
u1312,i268,2,1711484913
u1527,i194,1,1711485288
u0718,i243,2,1711485586
u0039,i333,1,1711485802
u0660,i219,1,1711486248
u1020,i043,4,1711487074
u1798,i334,2,1711487131
u1628,i233,5,1711487197
u0742,i363,4,1711487302
u1818,i349,5,1711487717
u0617,i511,3,1711488249
u0486,i130,5,1711489212
u0513,i108,5,1711489841
u0352,i196,5,1711490122
u0661,i593,2,1711490244
u0009,i527,5,1711490725
u0046,i115,5,1711490808
u0152,i300,4,1711491603
u1420,i564,5,1711493075
u1216,i113,4,1711493683
u1387,i211,5,1711494226
u1332,i451,5,1711494753
u1408,i220,4,1711496477
u1735,i023,4,1711497177
u0703,i475,5,1711497352
u0200,i428,3,1711497588
u1086,i428,1,1711499419
u1757,i015,4,1711499716
u1549,i470,5,1711499868
u1100,i486,4,1711500185
u0393,i290,4,1711500839
u0051,i197,4,1711500968
u1897,i519,5,1711501198
u1294,i268,5,1711501280
u0177,i243,5,1711501330
u0936,i365,5,1711501709
u0473,i261,5,1711502790
u0521,i150,4,1711502792
u0415,i244,4,1711503076
u0164,i315,4,1711503571
u0449,i560,3,1711503643
u0338,i333,4,1711503939
u1463,i102,4,1711504135
u0697,i597,5,1711504159
u0616,i519,3,1711504568
u0475,i586,4,1711505280
u0181,i510,2,1711505850
u1715,i256,4,1711506024
u0360,i541,4,1711506150
u1410,i235,5,1711506337
u1976,i388,1,1711506355
u1068,i009,1,1711507551
u1966,i334,5,1711507644
u0330,i268,2,1711507727
u0949,i568,4,1711507831
u1075,i443,5,1711509499
u1171,i461,5,1711509563
u0292,i429,5,1711510597
u0460,i163,4,1711511080
u1433,i597,4,1711511368
u1612,i113,5,1711511431
u0462,i428,4,1711513537
u0613,i428,4,1711513909
u1558,i117,1,1711514551
u1628,i595,5,1711515699
u0589,i007,4,1711516040
u0567,i064,5,1711516445
u0051,i237,1,1711516767
u1427,i291,3,1711516892
u0285,i155,4,1711517364
u0902,i211,4,1711517929
u0804,i362,5,1711518697
u0557,i291,5,1711519045
u1993,i165,4,1711519670
u1877,i021,4,1711519821
u1055,i452,3,1711520654
u0047,i268,4,1711520923
u0478,i591,5,1711521369
u0021,i504,4,1711521579
u0800,i479,4,1711521850
u1000,i333,5,1711521855
u1207,i162,4,1711521956
u1714,i334,1,1711521957
u1122,i529,1,1711522306
u1693,i139,4,1711522852
u1499,i456,5,1711523216
u1695,i315,5,1711523350
u0193,i543,5,1711523450
u1406,i045,4,1711523710
u1382,i265,4,1711523816
u1718,i293,4,1711524046
u1921,i126,4,1711524307
u0145,i362,1,1711524352
u1761,i243,2,1711525661
u1544,i127,5,1711525891
u1517,i048,5,1711526271
u1802,i097,5,1711526378
u0145,i598,4,1711527713
u0605,i237,5,1711528150
u1047,i574,5,1711528461
u1702,i568,5,1711528474
u0483,i118,5,1711528850
u0444,i143,5,1711528939
u1418,i204,5,1711529051
u0792,i364,4,1711529111
u1191,i048,4,1711529125
u1579,i286,5,1711529132
u0770,i097,5,1711529360
u1585,i289,5,1711529419
u0254,i477,5,1711529690
u1413,i135,4,1711530332
u0338,i116,4,1711530892
u0556,i333,5,1711531627
u0876,i117,5,1711532029
u1424,i566,2,1711533493
u1878,i106,5,1711533672
u1127,i442,5,1711533940
u1710,i027,5,1711534269
u0532,i403,4,1711534839
u0415,i226,4,1711534937
u1178,i378,5,1711536718
u1981,i454,4,1711538051
u0221,i454,5,1711538614
u1191,i136,5,1711538900
u0098,i507,4,1711539573
u0558,i402,4,1711540098
u1030,i072,5,1711540621
u1761,i104,4,1711541667
u0961,i598,5,1711542874
u1225,i342,4,1711542894
u1538,i447,3,1711543343
u0519,i514,4,1711543775
u1982,i529,5,1711544129
u1076,i568,5,1711544471
u0345,i599,5,1711544689
u0139,i049,5,1711545238
u0361,i461,4,1711546371
u0285,i286,4,1711546685
u1787,i334,5,1711546704
u0304,i117,5,1711547610
u1119,i390,5,1711547699
u1214,i513,5,1711547756
u1549,i313,5,1711549350
u1417,i575,2,1711549888
u1436,i294,4,1711549910
u0732,i206,5,1711549936
u1553,i381,5,1711550769
u0856,i527,5,1711550850
u1681,i505,3,1711552251
u1405,i470,5,1711552612
u0379,i327,4,1711554064
u0917,i093,4,1711554253
u0275,i285,5,1711554820
u0397,i339,4,1711554832
u0951,i243,4,1711556361
u0242,i032,4,1711556909
u0708,i399,4,1711557038
u0342,i514,5,1711558288
u0927,i055,4,1711559081
u0278,i480,4,1711559268
u1819,i427,2,1711559352
u0075,i513,2,1711560219
u1938,i377,4,1711561087
u1901,i021,2,1711562383
u1033,i572,4,1711562591
u1445,i175,4,1711563829
u0772,i149,1,1711563972
u1976,i472,4,1711564218
u0720,i084,4,1711564870
u0133,i494,5,1711565214
u1198,i275,4,1711565371
u1877,i255,5,1711566138
u0695,i564,1,1711566690
u1594,i288,4,1711567041
u1481,i089,5,1711567179
u0513,i119,4,1711567524
u1506,i261,1,1711567991
u0288,i358,2,1711568376
u1799,i009,4,1711569234
u0440,i521,4,1711570267
u0219,i227,5,1711570590
u1722,i401,4,1711572626
u0558,i118,5,1711572925
u1541,i013,5,1711574025
u0423,i089,4,1711574207
u1771,i469,5,1711574291
u1309,i015,5,1711574374
u1318,i333,4,1711574923
u0287,i268,5,1711575343
u0622,i469,4,1711575433
u1095,i363,2,1711575674
u0915,i117,1,1711575729
u0298,i546,2,1711575768
u1949,i071,4,1711576046
u0084,i413,5,1711576299
u0836,i580,1,1711576379
u1228,i448,1,1711576762
u1499,i593,4,1711577122
u1420,i364,5,1711577550
u0853,i291,5,1711577732
u1863,i480,4,1711577803
u1949,i178,5,1711578557
u1352,i086,3,1711578623
u0752,i243,4,1711581247
u1385,i595,3,1711581934
u1701,i078,5,1711581973
u1993,i097,4,1711582308
u1616,i223,1,1711582525
u1358,i472,5,1711582826
u1080,i222,4,1711583057
u0337,i564,4,1711583175
u0943,i264,5,1711584068
u0176,i171,4,1711584457
u1213,i381,5,1711585054
u1479,i269,5,1711585961
u1638,i357,3,1711586638
u1405,i483,4,1711587149
u1422,i363,5,1711587432
u0468,i405,4,1711588859
u1553,i372,5,1711589027
u0051,i135,4,1711589344
u1507,i529,2,1711590130
u0438,i387,1,1711591820
u0696,i549,4,1711591829
u1321,i340,4,1711592155
u1250,i548,5,1711592377
u0733,i598,4,1711592510
u1710,i108,1,1711592786
u0108,i470,5,1711593450
u1255,i566,5,1711594310
u1368,i512,1,1711594919
u0760,i004,5,1711596289
u0794,i004,5,1711597344
u0508,i378,5,1711597618
u1844,i522,4,1711598190
u1957,i336,1,1711598256
u1222,i465,4,1711598536
u0977,i292,2,1711598779
u0325,i087,1,1711598826
u1155,i380,4,1711600661
u0694,i143,1,1711601177
u1551,i262,4,1711601311
u0384,i062,5,1711601524
u0713,i377,2,1711602030
u1661,i291,3,1711602065
u1279,i515,4,1711602533
u0547,i228,5,1711602540
u0547,i573,4,1711602801
u1456,i597,5,1711602904
u1545,i577,4,1711603106
u1323,i392,5,1711603167
u1862,i427,3,1711603286
u0061,i143,4,1711603615
u0791,i029,4,1711604012
u1579,i279,5,1711604125
u0076,i226,4,1711604192
u1048,i356,4,1711604250
u1295,i399,5,1711604643
u1817,i044,4,1711604667
u0763,i161,4,1711604787
u1652,i102,4,1711605321
u1275,i330,5,1711605976
u0686,i553,3,1711606713
u1580,i568,5,1711607380
u0424,i387,5,1711607455
u0569,i254,4,1711607926
u1017,i352,3,1711608299
u1348,i162,5,1711611517
u1972,i364,5,1711611651
u1503,i484,3,1711612084
u1568,i519,5,1711612215
u1622,i444,5,1711612342
u1402,i017,5,1711612350
u0718,i219,1,1711613629
u0052,i243,2,1711613729
u1209,i526,4,1711614889
u0135,i226,4,1711615182
u1028,i360,5,1711615749
u1436,i404,4,1711615963
u0955,i417,5,1711616639
u1116,i037,1,1711616695
u0312,i297,5,1711617838
u0030,i362,4,1711618035
u1126,i113,5,1711618218
u1811,i064,4,1711618411
u1821,i148,5,1711619879
u1299,i470,3,1711619976
u0839,i254,4,1711620450
u1149,i136,5,1711620459
u0819,i308,4,1711620899
u1224,i519,3,1711620912
u0644,i268,5,1711620979
u0885,i285,5,1711621151
u0893,i117,1,1711621997
u1302,i268,3,1711622068
u0555,i009,4,1711622169
u0189,i092,1,1711622213
u0914,i048,5,1711622677
u0502,i399,2,1711622695
u1255,i480,2,1711622768
u0224,i513,5,1711623025
u1666,i205,2,1711623253
u0392,i597,4,1711623514
u0988,i036,5,1711624044
u0370,i116,4,1711625551
u1326,i121,2,1711625920
u1028,i117,5,1711626237
u1703,i098,1,1711626488
u0590,i549,5,1711626544
u1687,i599,4,1711628169
u1193,i447,4,1711628700
u1380,i526,5,1711629589
u1563,i212,5,1711630199
u1354,i559,5,1711630224
u0439,i503,3,1711630754
u0119,i504,3,1711631142
u1103,i001,5,1711631985
u1828,i097,4,1711632128
u1942,i368,5,1711632237
u0739,i243,4,1711632294
u1470,i333,5,1711632365
u1939,i419,4,1711632513
u0305,i428,2,1711632555
u0719,i417,5,1711633356
u1143,i374,5,1711634494
u0095,i428,5,1711634979
u0277,i023,4,1711635165
u1122,i268,3,1711635213
u0562,i333,5,1711635776
u1505,i179,4,1711636086
u1492,i420,5,1711636219
u0737,i162,4,1711636361
u1684,i485,4,1711636666
u1682,i175,1,1711636866
u1901,i040,4,1711636963
u1350,i063,5,1711637578
u0170,i332,4,1711637923
u0298,i282,5,1711638284
u1361,i513,4,1711638404
u1224,i079,5,1711638561
u1770,i237,4,1711638799
u0965,i372,4,1711639113
u0901,i194,5,1711639282
u0838,i372,5,1711639961
u0410,i516,4,1711640122
u1812,i411,5,1711640452
u0448,i419,4,1711641573
u0508,i089,5,1711642334
u0120,i143,4,1711643160
u0951,i350,4,1711643623
u0360,i428,2,1711643640
u0316,i245,5,1711643960
u0213,i334,4,1711644810
u0021,i023,5,1711645133
u1524,i477,4,1711645485
u0294,i066,4,1711646140
u0487,i241,2,1711647038
u0784,i396,4,1711647197
u1263,i470,1,1711647308
u0666,i351,4,1711647887
u1698,i108,5,1711648147
u1318,i207,4,1711648820
u1067,i467,4,1711649252
u1226,i097,4,1711649643
u0488,i243,5,1711651228
u1694,i120,1,1711651968
u1996,i016,3,1711651978
u1588,i595,5,1711652359
u0174,i506,5,1711652954
u1610,i297,5,1711653068
u0754,i352,5,1711653187
u1516,i446,4,1711653643
u0916,i023,4,1711654585
u0241,i117,5,1711654940
u0815,i533,4,1711655388
u0447,i563,4,1711655580
u1318,i367,4,1711659657
u0438,i439,5,1711660341
u0124,i278,5,1711660511
u1440,i322,3,1711661329
u1443,i388,5,1711661921
u1496,i007,2,1711662688
u0806,i357,5,1711664209
u0644,i371,4,1711664529
u0040,i215,5,1711664628
u0727,i572,1,1711665430
u0423,i069,4,1711665696
u1132,i515,4,1711665863
u1304,i395,1,1711666245
u1256,i346,5,1711666610
u0737,i034,5,1711667521
u1164,i291,5,1711669318
u1476,i104,4,1711669643
u1407,i026,4,1711670279
u0326,i048,4,1711671271
u1277,i093,4,1711671299
u1802,i241,2,1711672041
u1141,i193,5,1711672392
u0513,i587,2,1711673259
u0892,i119,1,1711673461
u1511,i254,4,1711673463
u1921,i248,1,1711673813
u0932,i495,5,1711674154
u0285,i333,2,1711674336
u0383,i356,4,1711674769
u1237,i073,2,1711674812
u0713,i097,5,1711674946
u1884,i409,4,1711675144
u0558,i048,4,1711675581
u1099,i595,2,1711676725
u1744,i333,5,1711677261
u0056,i297,5,1711679103
u0753,i255,4,1711679503
u0376,i429,4,1711679591
u0783,i117,4,1711679849
u1357,i310,4,1711680267
u1373,i377,5,1711680377
u0831,i539,5,1711680712
u0551,i372,5,1711681597
u0298,i165,4,1711682658
u0427,i556,4,1711683885
u0100,i377,3,1711683945
u1092,i520,4,1711683985
u1296,i553,5,1711684877
u0171,i220,1,1711686049
u0145,i230,5,1711686413
u0070,i452,4,1711687621
u0623,i456,5,1711688098
u0949,i486,4,1711688873
u1814,i106,2,1711688890
u1585,i175,4,1711689136
u0886,i015,2,1711690453
u0777,i365,2,1711690587
u0984,i048,5,1711690927
u0209,i113,4,1711691488
u0770,i507,2,1711691596
u1096,i564,3,1711693080
u0734,i084,4,1711693142
u1127,i334,5,1711693254
u0588,i015,5,1711693334
u0028,i243,5,1711695464
u0139,i090,4,1711696281
u0518,i113,4,1711696609
u1739,i507,2,1711697500
u1732,i158,1,1711697585
u0047,i177,2,1711698870
u1082,i417,5,1711699911
u0197,i507,5,1711700783
u0461,i590,4,1711700820
u0942,i363,2,1711701566
u1480,i497,1,1711701772
u1012,i444,5,1711701841
u0170,i282,2,1711702159
u0294,i411,5,1711702444
u1131,i564,5,1711703256
u0654,i286,1,1711703891
u0437,i559,4,1711704951
u0428,i439,5,1711705356
u0257,i081,1,1711706328
u1212,i417,5,1711708210
u0662,i108,5,1711711123
u0328,i500,5,1711711256
u0453,i385,5,1711711634
u0838,i482,4,1711711872
u0657,i037,5,1711712493
u1178,i106,5,1711712687
u0188,i228,4,1711713059
u0544,i237,4,1711713754
u1710,i060,1,1711714682
u0736,i379,5,1711714743
u0211,i258,4,1711715016
u1323,i293,5,1711715328
u1951,i062,5,1711715708
u0661,i230,3,1711717250
u1936,i526,4,1711717546
u0505,i339,5,1711717580
u0009,i529,4,1711717664
u1624,i334,5,1711717854
u1495,i452,4,1711718373
u1036,i468,2,1711718805
u1807,i264,3,1711720377
u0608,i066,5,1711720863
u1568,i081,5,1711721400
u0603,i201,5,1711721666
u1758,i511,4,1711722526
u0999,i162,4,1711722624
u1746,i084,5,1711722748
u0948,i334,4,1711723021
u0637,i245,1,1711723949
u1656,i572,5,1711724442
u0183,i509,4,1711729063
u0278,i254,4,1711729130
u1633,i516,4,1711729139
u1564,i333,4,1711729914
u1386,i130,4,1711730386
u1887,i529,2,1711730411
u1562,i358,3,1711731051
u0676,i564,4,1711731065
u0143,i003,5,1711732447
u1247,i355,4,1711733391
u0005,i063,5,1711734237
u1300,i298,5,1711735063
u1325,i363,5,1711735069
u1954,i256,5,1711736150
u0923,i429,5,1711736272
u0615,i377,4,1711736667
u1805,i231,4,1711736768
u1743,i526,5,1711736779
u0722,i568,4,1711737399
u0738,i159,1,1711737703
u1659,i454,4,1711737833
u0180,i352,4,1711738172
u1493,i288,4,1711738309
u0293,i435,4,1711739434
u0108,i370,5,1711739591
u1593,i268,2,1711740364
u1474,i564,5,1711741656
u0622,i111,4,1711741716
u0540,i261,3,1711741771
u1218,i062,5,1711743724
u1498,i160,4,1711743831
u0310,i552,5,1711744470
u1220,i497,5,1711744531
u1648,i392,4,1711744672
u0462,i178,5,1711745265
u1832,i140,5,1711745477
u1632,i326,2,1711746036
u0948,i118,5,1711746878
u0412,i376,5,1711747494
u1345,i411,5,1711747921
u1345,i352,5,1711748220
u1991,i297,4,1711748565
u1192,i266,4,1711749220
u0686,i483,5,1711749264
u0032,i417,2,1711749515
u0683,i352,4,1711749805
u0738,i053,4,1711751338
u0928,i541,5,1711751461
u1567,i334,4,1711751502
u1696,i467,3,1711752137
u1374,i120,5,1711752140
u0475,i092,5,1711752814
u1426,i507,5,1711753146
u1902,i026,4,1711754229
u1093,i428,4,1711754490
u1333,i158,4,1711754533
u1929,i507,2,1711755075
u0326,i237,4,1711755650
u0052,i334,5,1711756144
u0770,i291,3,1711756433
u1622,i487,3,1711756779
u1217,i472,4,1711758070
u1700,i217,4,1711758633
u0727,i598,4,1711759578
u1760,i459,5,1711759727
u0382,i227,5,1711760328
u0240,i597,5,1711760436
u0830,i385,5,1711761016
u1503,i292,3,1711761444
u0996,i064,4,1711761478
u1537,i516,4,1711761497
u0700,i593,5,1711761861
u1961,i252,4,1711761925
u1748,i507,1,1711762046
u1651,i072,4,1711762187
u0239,i377,5,1711762636
u1422,i377,1,1711763125
u1297,i568,2,1711763354
u0432,i269,2,1711763595
u0673,i304,4,1711764191
u0170,i247,1,1711765321
u1159,i417,5,1711765976
u1432,i115,4,1711766959
u0700,i591,5,1711767067
u1082,i209,4,1711767336
u1727,i577,4,1711767395
u0059,i204,2,1711768573
u1664,i237,5,1711769174
u0426,i384,4,1711769701
u0556,i402,3,1711769725
u0559,i013,5,1711770266
u1701,i194,4,1711770656
u1650,i268,5,1711770768
u0259,i459,5,1711771652
u1650,i371,4,1711771929
u1231,i461,5,1711772647
u0319,i493,1,1711772884
u1458,i586,4,1711773419
u1484,i025,4,1711774532
u1574,i099,5,1711774755
u1589,i303,4,1711775214
u0516,i074,5,1711775242
u0771,i384,5,1711775760
u0953,i108,5,1711776749
u1596,i140,5,1711777130
u1096,i598,4,1711778775
u0552,i176,5,1711778863
u0700,i524,4,1711779563
u1167,i071,4,1711779636
u1318,i445,4,1711780060
u0802,i507,2,1711780153
u1593,i577,5,1711780768
u0026,i428,3,1711780818
u1065,i144,3,1711780830
u1328,i043,4,1711781036
u1374,i092,5,1711782174
u1858,i117,4,1711782541
u0883,i146,4,1711782849
u0635,i413,4,1711783057
u1663,i287,4,1711784372
u0589,i581,4,1711784545
u1608,i300,5,1711784635
u0063,i162,5,1711785278
u0606,i223,1,1711785991
u1599,i255,1,1711786228
u0451,i381,4,1711786767
u1814,i244,4,1711786772
u0686,i158,4,1711787095
u1085,i113,3,1711787277
u1799,i117,3,1711787358
u0971,i217,4,1711788121
u1920,i048,2,1711788329
u0777,i550,4,1711788373
u0931,i205,5,1711788468
u1229,i595,4,1711789186
u1864,i116,5,1711789424
u1244,i403,4,1711789752
u0724,i351,4,1711789923
u1888,i243,1,1711790067
u0322,i286,5,1711791380
u0053,i092,4,1711792062
u1661,i363,5,1711792467
u0375,i015,4,1711792519
u0363,i093,4,1711793055
u0635,i559,5,1711793126
u1341,i122,1,1711793542
u0538,i425,5,1711793596
u0860,i332,4,1711793964
u0159,i474,4,1711793995
u1557,i257,4,1711794006
u0392,i243,2,1711794533
u1038,i023,4,1711795353
u0473,i273,5,1711795844
u1626,i097,5,1711796095
u1298,i319,1,1711796113
u0067,i406,4,1711796411
u1089,i200,5,1711796864
u0021,i211,4,1711797032
u1519,i584,4,1711797525
u0292,i355,5,1711798052
u1582,i334,5,1711798202
u0956,i485,4,1711798451
u1825,i064,5,1711798594
u0841,i254,4,1711798945
u1482,i341,4,1711799065
u0971,i504,4,1711801002
u1921,i264,4,1711801060
u1564,i449,4,1711801093
u0867,i458,4,1711802005
u1832,i544,5,1711802057
u1921,i579,5,1711802751
u1893,i048,4,1711803169
u0733,i445,5,1711803247
u1528,i363,3,1711803330
u0529,i116,3,1711803540
u1256,i529,1,1711803683
u1452,i423,4,1711803929
u1719,i597,5,1711804264
u0747,i498,4,1711804497
u0807,i178,4,1711804699
u0085,i444,5,1711804703
u1406,i275,5,1711805199
u0994,i343,4,1711805855
u0325,i291,5,1711806260
u1641,i301,4,1711806860
u1042,i237,4,1711806916
u0861,i122,5,1711807210
u1913,i346,4,1711807252
u1042,i013,3,1711809206
u0408,i452,1,1711810184
u0255,i038,1,1711810307
u0851,i021,1,1711810506
u0282,i097,4,1711810703
u0581,i439,1,1711810931
u1378,i515,4,1711811175
u1011,i448,4,1711811656
u0155,i099,1,1711811809
u1700,i265,5,1711811867
u1841,i497,1,1711812924
u1774,i108,5,1711813069
u0925,i244,1,1711813545
u1648,i556,4,1711813580
u1831,i260,4,1711813919
u0069,i472,5,1711814418
u0582,i235,2,1711814418
u1813,i377,5,1711814942
u1008,i137,5,1711815654
u0273,i030,4,1711815969
u0438,i507,2,1711816073
u1938,i563,5,1711816769
u1633,i408,5,1711816812
u1274,i178,4,1711816945
u1032,i357,5,1711817888
u0339,i332,4,1711817909
u1292,i238,4,1711819309
u0718,i093,5,1711820120
u0897,i327,5,1711820872
u1564,i396,5,1711821328
u0819,i167,5,1711821861
u0557,i265,1,1711822642
u0811,i434,5,1711823828
u0024,i468,2,1711823880
u1283,i472,4,1711824079
u0013,i204,4,1711824326
u1642,i008,4,1711824560
u0181,i529,4,1711825352
u1589,i564,3,1711825804
u0246,i291,5,1711826096
u1206,i162,4,1711826596
u1303,i351,4,1711826775
u1103,i243,5,1711826967
u0441,i470,5,1711827314
u0452,i190,2,1711827459
u1584,i149,4,1711827837
u0743,i591,4,1711828822
u0022,i314,5,1711828861
u1100,i223,4,1711828865
u1248,i507,5,1711828929
u0400,i507,4,1711828957
u0995,i342,4,1711829119
u0465,i324,4,1711829155
u0516,i118,5,1711829373
u1789,i567,5,1711830469
u1564,i526,5,1711830566
u0732,i425,4,1711830667
u0889,i080,4,1711831513
u1871,i268,3,1711831706
u0640,i013,5,1711833340
u1368,i177,4,1711834317
u0562,i084,1,1711835023
u0566,i461,4,1711835105
u0360,i298,5,1711835147
u0375,i368,5,1711836325
u0321,i256,5,1711836704
u0949,i330,4,1711836840
u1547,i526,5,1711837027
u1206,i492,5,1711838171
u1351,i068,5,1711838581
u1322,i117,4,1711838594
u1022,i007,2,1711840136
u0604,i025,4,1711841229
u0738,i168,5,1711841750
u1298,i009,4,1711842519
u1342,i006,5,1711843553
u1303,i334,5,1711843824
u0599,i247,2,1711843911
u0664,i293,4,1711843941
u0418,i013,4,1711843999
u1926,i371,4,1711844550
u1051,i243,1,1711844890
u0008,i332,4,1711845021
u0291,i133,4,1711845057
u1125,i448,4,1711845288
u0787,i303,4,1711845317
u1311,i378,4,1711845466
u1348,i568,3,1711845491
u1240,i115,5,1711845587
u0739,i204,4,1711845602
u1853,i118,5,1711846023
u0537,i338,5,1711846327
u1567,i129,5,1711846617
u0688,i178,2,1711847587
u1215,i325,4,1711848780
u0529,i074,5,1711849979
u1921,i438,1,1711850071
u0277,i219,2,1711850375
u1754,i087,2,1711851341
u1993,i136,1,1711852113
u0125,i028,5,1711853115
u1846,i376,3,1711853168
u1873,i568,2,1711853396
u1716,i172,1,1711853482
u1740,i077,4,1711854401
u1780,i566,1,1711854771
u0582,i293,4,1711854827
u1660,i471,3,1711855037
u0413,i546,4,1711855592
u0819,i215,1,1711855676
u0777,i461,5,1711856062
u0818,i114,5,1711856861
u1002,i540,4,1711856882
u1849,i428,5,1711857896
u1869,i459,4,1711857919
u0524,i352,5,1711858194
u0550,i084,5,1711858257
u1021,i333,5,1711858566
u1938,i060,4,1711858586
u1980,i419,5,1711858977
u1822,i054,4,1711859913
u0738,i586,4,1711861124
u0888,i265,5,1711861528
u1809,i105,5,1711861928
u1168,i110,5,1711862310
u0252,i320,5,1711862640
u0196,i434,2,1711863177
u1105,i519,4,1711863562
u1368,i261,2,1711864348
u1616,i243,5,1711864550
u0336,i194,4,1711864578
u0053,i414,4,1711865030
u1463,i089,4,1711865282
u1741,i192,5,1711866486
u1204,i385,5,1711867684
u1152,i444,4,1711868279
u0764,i204,5,1711868477
u0834,i564,5,1711868597
u0038,i286,4,1711870080
u0102,i511,4,1711870639
u0426,i372,4,1711871060
u0676,i447,4,1711872046
u0052,i580,3,1711872459
u1045,i136,4,1711873451
u1387,i268,1,1711874333
u1269,i423,3,1711874432
u0896,i553,5,1711874973
u1312,i201,4,1711875985
u1160,i174,4,1711876224
u0713,i526,5,1711876277
u0324,i501,5,1711876577
u0607,i244,5,1711877154
u0212,i484,2,1711877595
u0039,i425,3,1711877941
u1557,i483,2,1711878780
u0002,i550,4,1711878978
u1807,i193,5,1711879161
u0366,i268,4,1711879339
u0512,i134,4,1711879489
u0184,i414,4,1711880396
u0541,i069,1,1711880601
u1110,i053,2,1711880784
u0479,i486,5,1711880903
u1333,i306,5,1711880927
u1510,i013,5,1711881056
u0338,i146,1,1711881595
u0543,i329,4,1711881815
u1216,i542,4,1711882138
u1257,i189,5,1711882266
u0878,i230,4,1711883591
u0002,i267,4,1711883635
u1600,i399,1,1711883870
u0016,i025,4,1711884026
u0646,i081,5,1711884027
u1211,i046,1,1711885254
u0281,i507,2,1711886010
u1904,i254,5,1711886881
u1785,i249,4,1711887377
u1673,i092,2,1711888475
u0494,i420,5,1711888744
u1361,i292,4,1711889530
u1974,i211,5,1711890797
u1362,i009,4,1711891237
u0256,i261,1,1711891269
u1304,i476,5,1711891399
u0648,i114,5,1711891550
u0630,i337,4,1711891653
u1489,i243,3,1711891773
u0354,i116,4,1711892714
u1063,i426,5,1711892928
u1244,i194,5,1711893496
u0165,i524,2,1711893760
u0943,i467,5,1711894451
u0419,i568,3,1711894801
u0641,i425,4,1711895034
u1076,i484,5,1711895276
u0085,i220,4,1711895710
u1857,i565,5,1711895845
u0164,i363,2,1711896229
u0761,i023,5,1711896351
u1497,i015,2,1711896722
u0547,i393,1,1711897875
u0222,i060,4,1711897878
u1226,i333,5,1711898700
u0492,i413,4,1711898914
u0817,i507,2,1711899175
u0389,i428,2,1711899528
u1713,i013,4,1711899680
u1262,i117,4,1711899808
u0005,i424,5,1711900587
u0812,i106,2,1711900828
u1281,i363,2,1711900989
u1744,i282,4,1711901655
u1414,i357,4,1711901688
u1973,i564,4,1711901906
u1690,i396,4,1711901909
u1087,i526,5,1711902475
u1966,i332,1,1711902913
u0223,i243,3,1711903431
u1637,i173,5,1711903675
u1784,i552,1,1711903782
u0283,i142,5,1711904439
u1060,i424,5,1711904486
u1967,i399,1,1711904912
u0418,i093,4,1711905280
u0834,i568,1,1711905721
u1451,i317,5,1711905816
u1934,i057,5,1711905889
u0831,i548,5,1711906423
u1313,i154,4,1711907227
u0958,i548,5,1711908089
u0231,i500,5,1711909131
u1728,i108,4,1711909203
u0720,i428,5,1711909583
u0385,i266,5,1711909746
u0898,i480,5,1711910303
u1005,i268,2,1711911306
u0188,i243,1,1711911630
u0997,i153,5,1711912597
u0953,i405,5,1711914043
u1141,i411,4,1711914361
u0137,i026,5,1711914544
u1005,i547,5,1711915005
u0335,i015,1,1711915079
u0704,i006,4,1711915325
u1267,i020,4,1711916087
u1663,i299,5,1711916426
u0348,i425,4,1711916457
u0336,i100,5,1711916486
u0151,i055,4,1711916924
u1089,i048,4,1711917130
u1780,i495,2,1711917238
u0659,i492,4,1711917441
u1463,i376,2,1711917547
u1443,i352,4,1711917817
u1548,i234,4,1711917817
u1757,i324,4,1711919079
u0625,i105,5,1711922188
u0028,i455,4,1711922606
u1342,i044,4,1711922610
u1692,i381,5,1711922647
u1817,i597,4,1711923389
u1917,i273,5,1711923995
u0800,i012,5,1711925203
u0216,i549,4,1711925437
u0896,i544,5,1711926796
u1114,i122,3,1711926847
u1884,i399,5,1711926888
u0411,i304,5,1711928654
u1284,i417,4,1711929806
u0190,i152,5,1711931152
u1226,i298,5,1711931197
u0585,i535,4,1711931632
u0193,i443,4,1711931686
u0252,i053,4,1711931700
u0121,i559,2,1711931968
u1920,i319,5,1711932316
u0863,i541,4,1711932401
u1556,i333,5,1711932492
u1623,i193,5,1711932956
u1369,i257,2,1711933177
u1713,i268,5,1711933396
u0931,i331,5,1711933777
u0857,i535,4,1711934298
u1963,i278,5,1711935309
u1969,i417,4,1711936597
u0793,i454,4,1711936829
u0475,i048,4,1711937075
u1233,i500,4,1711937553
u1842,i227,5,1711937567
u1861,i165,2,1711938227
u1862,i377,5,1711938811
u1906,i048,4,1711939841
u1786,i145,4,1711940154
u0092,i243,1,1711941047
u0382,i550,1,1711941539
u0960,i511,4,1711941744
u1991,i154,4,1711941807
u1413,i075,5,1711941898
u0710,i536,5,1711941910
u1593,i455,5,1711942345
u1172,i234,1,1711942508
u1715,i113,1,1711942981
u0652,i376,5,1711943419
u1131,i232,4,1711943429
u0411,i036,5,1711944115
u0819,i406,5,1711944659
u1433,i357,1,1711945626
u1580,i363,3,1711946120
u0523,i410,2,1711946982
u0990,i357,4,1711947703
u0712,i506,4,1711948350
u0023,i446,5,1711948398
u0554,i361,5,1711948908
u0092,i351,4,1711948963
u1701,i015,3,1711949054
u1575,i535,5,1711949416
u1363,i146,4,1711949430
u0710,i492,5,1711949645
u1717,i220,5,1711949716
u1554,i597,4,1711949976
u0980,i313,5,1711950279
u0793,i471,4,1711951852
u0216,i568,2,1711952496
u0100,i012,5,1711953334
u0119,i595,5,1711953500
u1371,i309,5,1711953610
u0648,i331,4,1711954138
u0363,i373,4,1711954343
u0613,i443,4,1711955172
u1586,i431,4,1711956054
u0949,i524,5,1711956096
u1744,i445,4,1711956147
u0903,i357,2,1711956231
u0525,i207,1,1711956639
u0320,i140,5,1711957027
u1029,i097,5,1711957223
u1105,i460,5,1711957364
u0316,i243,2,1711957437
u1507,i261,1,1711957746
u0571,i156,4,1711958072
u1861,i563,4,1711958093
u1434,i020,4,1711958437
u0849,i143,4,1711960082
u0552,i547,4,1711961929
u0934,i265,4,1711962176
u0747,i290,3,1711962372
u1981,i375,5,1711962570
u1866,i414,5,1711962727
u1128,i243,3,1711962828
u1787,i428,1,1711963659
u0585,i334,1,1711963663
u0458,i519,5,1711963667
u1458,i133,4,1711964192
u0462,i571,5,1711964287
u1455,i488,3,1711965361
u0139,i097,3,1711965803
u0835,i108,4,1711965871
u0569,i547,4,1711966007
u1078,i562,5,1711966742
u0113,i170,4,1711967256
u1154,i219,4,1711967263
u1864,i526,5,1711968090
u0554,i550,3,1711968283
u0762,i193,3,1711968477
u1927,i240,5,1711969594
u1056,i394,4,1711970766
u1537,i492,4,1711971088
u1362,i364,3,1711972050
u1424,i298,2,1711972253
u1643,i330,4,1711973404
u0941,i357,5,1711973925
u0991,i053,4,1711974117
u1981,i049,4,1711974349
u1192,i529,5,1711975001
u1428,i288,1,1711975013
u1043,i504,4,1711975217
u0462,i243,2,1711975269
u0205,i498,1,1711976429
u1688,i384,4,1711976771
u1979,i261,5,1711976973
u0987,i564,5,1711977937
u0965,i094,4,1711978137
u1734,i333,4,1711980316
u1774,i449,4,1711980965
u0211,i586,4,1711981050
u1590,i097,4,1711981386
u0773,i483,5,1711981631
u0323,i332,4,1711982378
u1249,i547,4,1711982469
u1063,i060,5,1711982914
u0222,i313,4,1711983251
u1245,i261,3,1711984005
u1138,i350,4,1711984038
u1916,i011,5,1711984411
u1149,i491,4,1711984465
u1720,i333,1,1711984539
u0501,i374,4,1711985445
u0858,i375,5,1711985537
u0885,i014,5,1711985749
u1683,i456,5,1711987038
u0954,i274,4,1711987649
u0668,i048,1,1711988058
u1508,i334,5,1711988136
u0952,i219,4,1711989575
u1672,i297,4,1711990016
u0967,i245,1,1711990198
u0792,i551,4,1711990681
u0164,i092,4,1711991192
u0265,i169,5,1711992651
u1046,i103,4,1711992729
u1467,i243,5,1711992990
u0110,i113,5,1711993816
u0589,i384,5,1711994637
u0358,i108,4,1711994687
u0309,i343,5,1711994995
u1591,i092,5,1711995339
u0601,i346,5,1711996434
u1982,i424,5,1711998383
u1917,i176,5,1711998862
u1859,i357,5,1711999078
u0446,i093,4,1711999294
u0516,i540,4,1712001349
u1256,i140,5,1712001522
u1813,i537,5,1712001685
u0239,i130,4,1712001958
u0985,i574,5,1712002153
u0866,i381,5,1712003593
u1127,i268,3,1712004077
u1978,i393,2,1712004559
u0268,i122,2,1712005022
u1549,i038,5,1712005116
u0607,i243,3,1712005152
u0619,i022,4,1712005363
u1070,i333,1,1712005666
u0063,i557,4,1712005957
u1388,i493,4,1712006200
u1377,i388,5,1712006950
u0379,i385,5,1712007369
u0143,i476,2,1712007538
u0712,i024,5,1712007600
u1102,i062,5,1712008085
u0935,i282,4,1712008269
u0385,i268,3,1712009411
u0930,i580,3,1712010180
u0009,i270,5,1712010658
u1491,i597,5,1712010838
u1473,i097,5,1712012257
u0886,i345,4,1712012367
u1864,i097,4,1712013150
u0633,i232,4,1712013185
u1161,i106,5,1712013609
u0129,i254,5,1712014132
u1246,i568,1,1712014352
u1320,i489,4,1712014438
u1142,i092,3,1712014599
u1549,i322,4,1712015542
u1111,i201,5,1712015711
u0908,i255,2,1712015910
u1530,i015,5,1712016405
u0345,i237,5,1712016752
u0915,i268,5,1712017300
u1843,i048,5,1712017379
u1717,i122,1,1712017691
u1999,i334,4,1712017927
u0103,i015,5,1712018027
u0639,i519,5,1712018257
u1002,i061,5,1712019168
u0602,i480,5,1712019318
u1404,i225,5,1712019345
u0108,i504,5,1712019716
u1441,i507,4,1712020032
u0914,i027,4,1712020317
u0886,i364,5,1712020491
u1071,i044,5,1712020590
u0810,i291,4,1712020639
u1936,i097,5,1712020962
u0067,i179,5,1712021066
u1692,i378,2,1712021748
u1564,i567,4,1712021780
u0466,i581,5,1712022932
u0222,i047,2,1712023030
u0613,i507,4,1712024002
u0238,i419,5,1712024030
u1667,i357,4,1712024177
u1658,i106,4,1712024430
u0643,i072,4,1712024443
u1419,i036,4,1712024793
u0457,i243,5,1712025883
u1546,i221,4,1712025913
u1567,i145,1,1712026076
u1940,i008,5,1712026079
u1100,i291,5,1712026458
u0355,i152,3,1712026729
u1042,i091,3,1712027268
u1341,i575,5,1712027559
u0592,i261,4,1712029381
u0479,i198,5,1712029461
u0008,i566,5,1712029677
u1907,i355,3,1712030056
u1430,i470,2,1712030523
u1532,i049,4,1712031034
u0670,i297,4,1712031127
u0747,i031,5,1712031568
u1267,i492,4,1712032353
u1724,i212,4,1712033290
u1887,i526,1,1712033317
u0879,i074,3,1712034661
u1427,i202,4,1712035041
u0936,i568,5,1712035114
u0957,i377,5,1712035506
u1885,i480,4,1712035815
u0242,i037,4,1712036123
u0277,i460,4,1712037696
u1795,i469,5,1712037997
u1932,i385,4,1712038007
u1147,i243,5,1712038573
u1247,i529,3,1712039002
u0352,i221,5,1712039170
u1203,i381,5,1712039183
u1902,i314,2,1712040261
u0415,i429,3,1712040314
u1427,i268,4,1712040869
u1581,i143,5,1712041039
u0789,i143,5,1712041649
u0342,i370,5,1712041739
u0019,i333,4,1712044328
u1410,i296,4,1712044554
u1463,i555,4,1712044807
u1647,i431,5,1712044963
u1510,i140,5,1712044990
u1546,i054,5,1712045451
u0740,i201,5,1712045562
u0324,i023,4,1712046383
u1507,i584,5,1712046581
u0768,i564,4,1712046660
u1526,i414,5,1712046690
u1991,i013,1,1712047773
u1385,i378,5,1712047938
u1192,i332,4,1712047977
u1877,i501,5,1712048212
u0065,i275,5,1712049051
u0576,i334,4,1712049457
u0168,i507,5,1712049613
u1313,i297,4,1712050222
u0655,i013,4,1712050426
u1659,i268,5,1712050576
u1479,i291,4,1712050651
u1044,i292,5,1712050801
u0396,i579,5,1712051055
u1459,i565,5,1712051208
u0277,i337,4,1712051335
u0005,i149,4,1712051777
u1406,i037,5,1712053167
u1525,i034,5,1712053308
u0580,i585,4,1712053515
u1689,i133,5,1712053603
u1080,i422,4,1712054493
u0601,i008,5,1712054541
u0389,i005,4,1712054551
u0217,i485,2,1712055214
u0441,i073,4,1712056082
u0529,i271,5,1712056151
u0213,i237,4,1712056409
u1070,i023,4,1712057005
u1281,i526,4,1712057045
u0311,i292,3,1712057597
u1442,i428,4,1712057846
u0507,i023,4,1712057874
u1236,i243,4,1712058077
u1478,i268,2,1712058183
u1689,i363,2,1712060183
u1659,i192,5,1712060647
u0096,i025,5,1712061097
u1078,i535,4,1712062083
u1143,i122,4,1712062353
u1781,i103,4,1712062693
u1920,i107,1,1712065378
u1844,i332,5,1712065579
u1529,i195,3,1712066037
u1308,i286,4,1712066328
u1402,i536,4,1712066342
u0257,i084,5,1712067051
u1665,i240,5,1712067274
u0847,i058,4,1712067527
u0806,i096,4,1712068495
u0379,i020,1,1712069122
u0953,i314,4,1712069424
u0299,i375,1,1712069568
u1151,i310,2,1712070280
u0858,i352,5,1712070348
u1473,i124,4,1712071888
u0638,i025,4,1712072047
u1071,i020,5,1712072123
u0493,i256,4,1712072183
u1839,i595,3,1712072242
u1863,i568,4,1712072420
u1399,i233,2,1712072506
u1715,i013,4,1712072661
u1441,i526,3,1712073387
u0833,i526,4,1712073948
u0913,i233,5,1712073966
u1262,i063,1,1712074768
u0989,i499,4,1712074838
u0636,i448,4,1712075075
u1123,i149,3,1712075861
u1640,i212,5,1712076448
u1902,i261,4,1712076714
u0532,i463,5,1712077018
u0986,i463,4,1712077819
u0239,i509,4,1712078340
u1358,i048,4,1712078509
u1917,i472,2,1712078735
u1923,i467,3,1712078977
u0446,i013,4,1712080282
u1484,i504,4,1712080839
u1398,i219,5,1712081090
u1697,i282,4,1712081451
u0684,i254,5,1712082507
u0962,i334,4,1712083358
u1600,i140,5,1712083707
u1407,i533,5,1712083932
u1120,i559,5,1712084059
u1904,i524,5,1712084179
u1666,i103,5,1712085832
u1848,i026,1,1712086884
u1260,i546,4,1712087116
u1173,i409,5,1712087209
u0770,i207,4,1712087327
u0672,i364,5,1712087674
u0747,i103,4,1712087724
u1075,i507,4,1712088416
u1748,i073,4,1712089282
u1058,i419,1,1712089368
u1243,i255,4,1712089999
u1562,i060,5,1712090643
u0475,i501,3,1712092781
u1214,i292,5,1712093130
u1712,i351,4,1712093333
u1262,i021,2,1712093488
u0794,i108,4,1712093994
u1844,i016,4,1712095211
u1089,i194,2,1712095242
u1004,i597,5,1712096018
u0876,i305,3,1712096462
u0952,i563,3,1712096903
u0239,i550,5,1712098277
u1523,i333,3,1712098813
u0182,i428,4,1712098929
u1796,i521,5,1712099711
u0476,i274,3,1712099761
u1719,i243,1,1712099889
u0414,i243,2,1712100590
u1138,i328,4,1712100749
u0479,i034,1,1712100866
u0911,i333,5,1712100929
u0208,i428,5,1712102443
u1837,i224,4,1712103553
u1192,i338,5,1712104145
u0161,i261,4,1712104206
u0238,i013,5,1712104627
u1879,i340,5,1712105017
u1844,i084,4,1712105282
u1368,i215,1,1712106053
u1461,i539,5,1712107251
u1585,i097,3,1712107461
u1931,i490,4,1712107532
u0898,i055,4,1712107987
u0743,i264,4,1712108023
u1013,i047,4,1712109083
u0289,i377,5,1712109286
u1614,i382,4,1712110333
u0121,i514,4,1712110942
u1043,i009,4,1712112058
u1511,i588,2,1712114476
u0605,i062,4,1712114599
u1703,i250,4,1712115056
u0712,i243,4,1712115487
u0110,i516,4,1712116365
u1141,i105,4,1712116432
u0749,i475,4,1712117186
u0576,i208,5,1712117393
u0119,i570,4,1712117926
u0548,i207,3,1712117940
u1878,i072,5,1712118143
u0130,i568,5,1712118316
u1043,i143,5,1712118741
u0788,i436,5,1712118853
u1950,i179,5,1712119573
u1366,i568,4,1712119707
u0132,i419,4,1712119889
u1957,i235,5,1712120112
u0323,i477,1,1712120130
u1114,i417,5,1712120641
u0816,i374,2,1712120862
u0036,i268,2,1712120889
u1568,i332,3,1712121286
u1000,i517,5,1712122023
u0362,i211,4,1712122872
u0821,i374,4,1712123188
u1326,i384,4,1712123740
u0826,i055,1,1712123963
u0486,i423,4,1712125501
u1145,i358,4,1712125759
u0407,i357,4,1712125984
u0981,i470,4,1712126534
u0327,i560,5,1712126960
u1158,i205,4,1712128126
u0805,i254,2,1712128492
u0229,i585,4,1712128611
u1057,i243,5,1712128713
u1509,i060,5,1712128796
u1591,i118,4,1712128991
u1147,i089,5,1712129551
u1226,i165,4,1712130740
u0598,i181,4,1712131039
u0193,i084,5,1712131172
u0452,i159,5,1712132479
u0869,i268,4,1712132597
u1635,i013,4,1712132602
u0550,i576,4,1712132862
u0250,i117,5,1712134129
u1724,i192,5,1712135249
u0082,i261,4,1712135563
u0133,i475,4,1712135701
u1100,i484,4,1712137203
u0645,i417,4,1712137849
u0178,i243,1,1712137922
u1095,i514,5,1712137984
u1436,i428,4,1712138068
u0571,i323,4,1712138907
u1536,i219,1,1712138995
u1863,i026,4,1712139307
u0024,i461,4,1712139651
u1998,i219,5,1712140413
u0037,i232,5,1712141375
u1029,i420,5,1712142260
u0395,i514,3,1712143376
u0376,i368,5,1712143390
u0667,i372,5,1712143682
u1296,i375,4,1712144811
u1515,i597,1,1712144816
u0243,i360,5,1712145157
u1837,i369,5,1712145853
u1503,i162,4,1712146243
u0559,i526,1,1712146948
u1091,i507,3,1712147025
u1514,i417,1,1712147417
u0587,i055,5,1712147629
u1543,i143,5,1712148054
u1575,i301,5,1712148156
u1192,i373,1,1712148579
u1454,i201,4,1712149508
u0663,i136,4,1712151005
u1734,i187,4,1712151091
u0558,i419,3,1712151318
u1923,i258,5,1712152463
u1161,i247,1,1712153226
u0082,i246,4,1712154646
u1452,i377,5,1712154736
u1567,i120,5,1712155354
u1562,i355,2,1712155574
u0513,i498,5,1712155640
u0814,i290,3,1712156658
u0736,i294,4,1712157119
u1265,i068,5,1712157446
u1655,i363,3,1712157602
u0472,i333,2,1712157983
u0318,i042,4,1712158778
u0755,i072,3,1712158898
u0769,i175,5,1712159239
u1287,i294,3,1712161510
u1570,i489,4,1712162559
u1483,i170,5,1712163027
u0101,i097,1,1712164137
u1564,i564,1,1712165447
u1775,i363,5,1712165536
u0184,i112,4,1712166351
u1539,i082,4,1712167657
u0694,i493,4,1712167743
u0333,i361,5,1712168252
u1966,i074,4,1712169054
u0442,i092,5,1712169794
u1686,i566,4,1712169942
u1473,i207,5,1712170383
u1681,i466,4,1712170536
u0273,i103,5,1712170752
u1337,i371,5,1712171342
u1590,i367,4,1712171738
u1831,i261,2,1712172179
u1839,i541,4,1712172385
u1704,i104,4,1712172418
u0371,i333,2,1712172675
u1869,i363,5,1712172952
u1144,i405,2,1712173024
u1532,i584,5,1712173508
u0818,i237,4,1712173634
u0483,i205,4,1712175569
u1522,i453,4,1712175659
u0243,i286,5,1712175785
u0262,i582,4,1712177832
u0256,i453,4,1712177962
u1454,i579,4,1712178489
u0023,i254,3,1712178514
u0359,i291,4,1712178788
u1660,i221,4,1712178958
u1167,i407,4,1712180216
u1334,i013,5,1712180265
u1480,i582,3,1712181142
u0799,i341,2,1712182184
u1140,i531,5,1712182278
u0554,i232,1,1712182375
u1758,i402,4,1712182598
u1117,i055,5,1712184071
u0759,i384,5,1712185934
u0985,i211,3,1712186069
u1525,i262,5,1712186451
u1621,i494,4,1712186654
u0391,i054,5,1712187136
u1208,i457,5,1712188028
u1500,i289,4,1712188738
u0608,i090,5,1712190439
u1184,i430,4,1712191453
u1171,i421,4,1712191998
u0426,i568,2,1712192453
u1459,i371,4,1712192876
u1867,i243,2,1712192964
u1268,i377,4,1712193015
u1394,i248,5,1712193124
u1674,i526,5,1712193148
u0502,i551,4,1712193677
u1789,i554,3,1712193816
u1883,i417,1,1712193839
u0252,i374,4,1712193904
u1100,i117,4,1712194028
u1654,i413,5,1712194077
u0399,i495,3,1712194292
u1297,i393,5,1712194319
u1832,i333,3,1712194599
u1168,i532,2,1712194742
u1138,i204,4,1712195131
u0517,i580,4,1712195268
u1061,i526,5,1712195397
u1481,i268,3,1712195434
u0724,i452,4,1712195472
u1155,i484,4,1712195930
u0354,i541,4,1712195985
u1476,i090,5,1712196048
u1454,i415,5,1712196136
u1411,i564,5,1712198213
u1916,i467,3,1712198547
u1733,i544,4,1712198738
u1717,i213,5,1712198929
u1435,i232,5,1712199153
u0382,i126,5,1712199474
u1480,i337,5,1712199490
u1953,i470,1,1712199584
u1193,i204,4,1712200074
u0990,i350,4,1712200662
u1847,i212,5,1712201812
u0278,i117,4,1712201888
u0002,i106,1,1712202506
u1451,i007,4,1712203029
u1125,i060,5,1712203123
u1366,i585,2,1712203769
u1291,i177,5,1712204026
u1257,i313,5,1712205555
u1312,i254,5,1712205656
u1842,i450,2,1712205936
u0904,i194,5,1712206014
u1932,i371,4,1712206107
u0167,i091,4,1712206685
u1542,i080,5,1712207867
u1659,i013,5,1712207935
u1614,i055,4,1712208459
u1452,i338,2,1712209785
u1306,i568,5,1712209896
u0898,i291,4,1712211155
u0363,i425,4,1712211391
u0747,i387,4,1712211900
u0916,i194,3,1712211952
u1243,i288,4,1712212153
u1663,i361,5,1712212276
u1899,i570,3,1712212687
u1364,i595,3,1712212724
u1951,i472,4,1712212993
u0191,i514,4,1712213158
u0802,i419,1,1712213785
u1232,i568,4,1712213889
u0483,i243,3,1712216329
u1575,i573,4,1712217405
u1943,i529,3,1712217601
u1623,i292,5,1712217662
u0981,i217,4,1712219220
u1978,i290,5,1712219466
u0438,i324,5,1712219930
u0975,i459,1,1712220153
u1049,i204,3,1712220177
u1883,i251,4,1712221125
u0012,i364,1,1712222233
u0765,i307,4,1712222542
u0516,i285,4,1712222717
u1266,i037,4,1712222740
u0798,i294,3,1712223179
u1529,i004,5,1712223364
u0453,i008,5,1712223434
u0884,i241,2,1712224135
u0850,i113,4,1712224276
u1496,i291,4,1712224489
u0385,i084,5,1712224522
u0946,i243,5,1712224575
u1043,i303,1,1712225099
u1713,i333,3,1712225371
u0184,i334,4,1712225871
u0440,i371,4,1712225890
u1575,i537,5,1712226523
u1990,i512,4,1712226589
u0787,i422,4,1712226875
u1879,i417,4,1712227022
u0112,i063,5,1712227096
u1464,i065,2,1712227663
u0398,i513,4,1712227668
u0382,i480,5,1712228285
u0113,i286,4,1712228341
u0958,i334,1,1712228590
u0096,i461,4,1712228838
u1045,i152,5,1712229484
u1175,i363,1,1712230685
u1384,i107,4,1712231689
u1446,i268,4,1712231918
u1374,i237,4,1712232273
u0977,i519,5,1712233501
u1182,i572,5,1712233550
u0039,i002,4,1712233746
u0559,i425,4,1712236988
u0877,i268,1,1712237792
u1068,i113,5,1712238120
u0657,i516,1,1712238158
u0124,i381,2,1712239250
u1746,i507,4,1712239363
u1672,i045,5,1712239418
u1461,i516,4,1712239874
u0731,i454,1,1712240926
u0645,i504,1,1712241955
u1192,i460,2,1712242567
u1438,i061,4,1712243452
u1017,i266,4,1712244353
u0102,i526,1,1712244424
u1748,i005,2,1712244890
u0062,i361,3,1712245179
u0682,i312,5,1712245550
u0878,i580,4,1712245815
u1095,i426,5,1712246071
u1430,i529,1,1712246488
u0257,i382,3,1712247377
u0486,i550,4,1712247861
u1190,i248,5,1712248056
u0248,i152,2,1712248128
u1188,i292,4,1712248944
u0380,i394,4,1712249636
u0568,i013,5,1712249725
u1359,i162,3,1712250332
u1097,i277,4,1712250480
u0011,i091,4,1712250536
u1138,i592,5,1712250653
u0284,i117,5,1712250699
u1076,i055,4,1712251503
u0674,i225,5,1712251601
u0948,i092,4,1712252993
u1795,i372,4,1712253058
u1647,i243,2,1712253366
u0779,i529,1,1712253779
u0787,i139,3,1712254281
u0952,i445,5,1712255268
u0419,i522,4,1712255393
u0057,i188,5,1712255519
u0598,i013,5,1712255557
u1294,i425,4,1712255711
u1535,i090,4,1712255744
u0268,i427,5,1712255840
u1354,i015,4,1712255859
u0055,i174,5,1712256343
u0768,i036,5,1712256735
u0534,i042,4,1712257113
u0492,i595,4,1712257146
u0560,i507,3,1712257572
u1358,i414,5,1712258424
u0779,i521,4,1712259332
u0767,i302,5,1712259646
u0916,i504,4,1712259948
u0163,i466,5,1712260533
u0777,i255,5,1712261078
u1480,i423,4,1712261437
u0549,i531,2,1712261761
u0240,i304,3,1712262617
u0767,i011,5,1712262804
u0519,i483,4,1712263940
u1843,i481,4,1712264244
u1807,i047,4,1712264753
u0668,i234,5,1712265717
u0070,i244,5,1712265934
u0819,i243,2,1712266570
u1781,i333,5,1712266588
u1161,i357,4,1712266779
u1128,i270,1,1712267370
u1103,i141,5,1712268037
u1759,i243,3,1712268447
u1559,i116,4,1712270733
u1361,i392,5,1712271047
u0472,i122,5,1712272231
u1269,i181,4,1712272357
u1069,i188,4,1712274491
u1168,i274,4,1712275172
u1757,i401,5,1712276384
u1322,i169,5,1712276475
u1719,i035,4,1712278171
u1094,i268,1,1712279099
u0268,i364,4,1712279717
u1330,i291,5,1712279843
u1968,i072,5,1712280172
u1232,i273,4,1712280221
u1938,i155,3,1712280693
u1101,i048,5,1712281805
u1128,i526,3,1712282075
u0403,i256,5,1712283611
u1966,i107,5,1712283918
u1143,i599,4,1712284449
u0406,i303,2,1712285048
u0915,i352,5,1712285240
u0786,i353,5,1712286163
u1403,i409,2,1712286166
u0376,i569,4,1712286298
u0582,i049,5,1712286786
u1494,i597,4,1712287199
u0590,i208,5,1712287242
u1893,i118,5,1712288623
u0485,i495,4,1712290320
u0744,i564,5,1712290481
u1076,i261,5,1712290634
u1722,i492,5,1712291130
u1676,i056,5,1712291183
u1857,i425,5,1712291981
u0434,i023,5,1712292189
u0694,i111,4,1712292633
u1779,i293,1,1712292887
u1231,i268,3,1712292971
u0380,i107,5,1712294009
u0678,i263,4,1712294522
u1540,i146,1,1712294694
u0954,i428,5,1712294797
u1073,i594,5,1712294839
u0170,i266,5,1712295626
u0504,i372,5,1712295869
u0194,i143,2,1712296186
u0481,i263,2,1712297041
u1151,i490,4,1712297757
u1408,i219,4,1712297827
u1518,i243,5,1712298212
u1209,i282,5,1712298541
u0827,i364,4,1712298907
u1285,i286,5,1712298967
u1422,i597,5,1712299166
u0720,i250,4,1712299384
u0940,i525,5,1712300809
u0622,i094,4,1712301124
u0508,i106,4,1712302370
u0049,i460,5,1712303031
u1022,i377,5,1712303590
u0516,i511,5,1712303993
u0992,i243,5,1712304345
u1517,i334,4,1712304486
u0935,i444,5,1712304815
u0324,i550,5,1712305174
u1948,i394,4,1712306348
u1456,i113,5,1712306366
u0040,i427,5,1712306604
u0155,i526,5,1712306855
u1213,i332,4,1712306950
u1349,i104,5,1712307173
u0786,i559,4,1712307266
u1769,i058,4,1712307959
u1252,i243,2,1712308103
u1316,i419,5,1712309150
u0661,i434,4,1712310391
u1629,i268,5,1712310453
u1083,i037,5,1712310458
u0605,i511,4,1712312960
u1993,i428,2,1712313121
u1056,i048,5,1712313718
u1787,i122,4,1712313821
u0401,i560,4,1712314570
u1830,i566,4,1712315979
u1319,i268,2,1712317097
u0931,i268,2,1712317803
u0758,i243,4,1712318018
u0462,i424,4,1712318052
u1381,i031,4,1712318501
u0337,i100,5,1712318650
u0326,i122,4,1712318875
u0572,i237,5,1712319172
u1329,i457,5,1712319743
u0534,i186,5,1712320680
u0710,i085,3,1712321299
u1331,i292,4,1712322021
u0610,i062,4,1712322182
u1933,i378,5,1712322281
u0435,i577,1,1712322695
u0229,i363,5,1712322762
u1677,i333,5,1712323153
u1915,i377,2,1712323206
u1305,i522,4,1712323404
u0291,i208,5,1712323492
u1450,i286,2,1712324250
u1379,i520,5,1712324438
u0325,i363,2,1712324857
u1093,i424,4,1712325829
u0240,i516,5,1712325923
u1645,i091,4,1712326497
u0861,i114,5,1712326626
u1595,i268,3,1712328230
u0925,i097,4,1712328450
u0444,i216,2,1712329719
u0461,i205,4,1712330102
u1988,i257,4,1712330165
u1222,i324,5,1712330843
u1206,i150,4,1712330913
u1843,i334,4,1712331014
u0719,i186,4,1712331031
u0845,i568,3,1712331034
u0308,i243,2,1712331211
u1386,i060,4,1712331970
u1231,i255,4,1712333120
u1538,i428,1,1712333297
u0962,i469,1,1712333542
u1893,i136,5,1712334071
u1499,i441,4,1712334275
u1544,i084,4,1712334644
u1531,i539,5,1712334932
u0274,i097,5,1712334977
u1747,i384,4,1712335162
u1924,i308,4,1712335366
u0745,i377,5,1712335449
u1012,i445,5,1712335702
u0213,i341,5,1712336677
u0547,i470,4,1712336865
u0041,i040,4,1712337144
u0831,i116,3,1712338289
u1453,i498,4,1712338739
u0557,i268,2,1712339214
u0222,i255,4,1712339893
u1692,i332,4,1712340022
u1683,i480,5,1712340245
u1912,i352,2,1712340339
u0149,i168,4,1712340527
u1131,i072,4,1712340684
u0165,i334,5,1712340959
u0537,i372,5,1712342412
u0784,i357,3,1712344507
u0724,i053,5,1712344755
u0642,i548,3,1712344815
u1978,i117,2,1712344896
u1073,i113,5,1712344935
u0188,i134,1,1712345158
u0868,i250,4,1712345608
u0736,i268,1,1712345660
u1594,i470,4,1712345884
u0055,i243,1,1712345933
u1942,i459,5,1712345969
u1662,i430,4,1712346177
u1367,i357,1,1712346381
u0500,i123,5,1712346418
u1547,i037,4,1712346675
u1284,i492,5,1712346987
u1783,i424,5,1712347018
u0843,i551,2,1712347194
u0914,i243,1,1712347373
u0345,i481,5,1712348596
u1692,i468,5,1712349169
u1065,i281,4,1712349481
u1624,i237,5,1712349514
u1517,i341,5,1712349959
u1040,i593,5,1712351662
u1153,i321,5,1712351702
u0834,i234,4,1712352053
u0380,i206,3,1712352125
u0787,i243,1,1712352127
u1168,i131,5,1712352730
u1391,i162,4,1712352990
u1713,i248,5,1712353128
u0119,i238,4,1712353450
u1119,i140,5,1712353745
u0044,i507,4,1712354872
u0759,i566,5,1712354947
u0672,i354,4,1712355055
u1627,i134,5,1712355847
u0651,i467,3,1712356627
u1544,i372,5,1712356803
u0753,i461,5,1712357703
u0503,i355,4,1712357767
u1526,i208,4,1712358086
u1070,i301,4,1712358094
u0642,i524,4,1712359314
u1652,i243,5,1712359938
u0450,i445,5,1712360398
u1129,i486,4,1712360543
u1480,i130,4,1712361436
u0903,i413,5,1712361507
u0485,i335,5,1712361842
u0253,i243,2,1712362441
u1240,i122,5,1712363421
u0385,i004,2,1712363909
u1670,i461,4,1712364276
u1111,i568,5,1712364899
u1919,i340,4,1712366113
u1575,i470,4,1712366753
u1110,i209,4,1712367563
u1771,i054,2,1712368283
u1422,i113,5,1712368406
u0222,i514,5,1712369179
u0364,i256,5,1712369187
u0741,i424,5,1712369533
u1836,i402,5,1712369938
u0219,i272,2,1712369990
u1215,i522,1,1712370074
u1944,i219,4,1712370217
u0368,i268,4,1712370834
u1983,i443,5,1712370859
u0761,i377,5,1712371483
u0839,i117,4,1712372730
u1611,i117,1,1712373216
u1646,i417,5,1712373522
u1332,i596,4,1712373684
u1958,i054,4,1712373985
u1368,i355,1,1712374221
u1603,i221,4,1712375150
u0771,i428,4,1712375235
u0556,i490,5,1712375393
u1831,i224,2,1712375517
u0213,i384,1,1712375764
u1738,i031,5,1712377726
u1474,i391,5,1712378287
u1557,i507,5,1712378381
u1664,i341,5,1712378573
u0513,i333,5,1712380313
u0744,i072,4,1712380746
u1239,i037,5,1712381104
u0917,i292,4,1712381924
u1710,i237,5,1712383585
u1001,i480,5,1712383656
u0180,i419,5,1712383695
u1933,i478,5,1712384305
u0470,i106,4,1712384386
u0541,i355,4,1712384447
u1783,i149,5,1712385096
u0913,i398,5,1712385840
u0099,i130,4,1712385843
u1299,i097,5,1712386456
u1238,i143,1,1712386701
u1283,i237,4,1712386742
u1225,i507,5,1712387806
u0732,i243,3,1712388872
u0549,i550,5,1712389060
u0872,i550,5,1712389088
u1026,i102,4,1712389637
u1036,i097,4,1712390552
u0656,i291,4,1712391371
u1422,i015,4,1712391614
u0289,i464,5,1712392135
u0615,i507,2,1712392149
u1952,i243,2,1712392160
u1561,i212,4,1712392165
u0098,i529,4,1712392465
u0815,i160,1,1712393420
u1336,i082,4,1712393620
u0075,i383,4,1712393892
u1188,i229,4,1712393965
u1412,i092,5,1712394570
u0641,i388,4,1712394797
u0607,i586,5,1712394917
u1071,i417,4,1712395381
u0312,i097,4,1712397044
u1918,i060,5,1712397114
u0530,i408,1,1712397974
u0677,i221,4,1712398420
u1804,i342,4,1712398494
u1738,i399,4,1712398535
u0814,i062,5,1712398833
u1493,i549,1,1712398966
u1542,i561,2,1712399053
u0711,i133,4,1712399153
u0598,i268,4,1712399465
u0356,i495,4,1712399539
u1420,i345,4,1712399811
u0736,i164,5,1712399961
u1096,i037,5,1712400381
u1688,i566,4,1712400581
u0274,i220,4,1712400946
u0153,i023,5,1712400996
u1881,i153,4,1712401666
u1600,i241,5,1712401827
u0614,i283,5,1712401838
u0320,i135,5,1712402162
u0032,i429,1,1712402163
u0627,i085,5,1712402266
u0436,i340,5,1712402829
u0274,i230,4,1712403010
u0151,i291,5,1712403914
u0804,i300,5,1712405129
u0852,i177,3,1712405387
u1922,i128,3,1712405531
u1663,i115,2,1712405645
u1026,i091,4,1712405664
u1603,i056,4,1712406522
u0016,i337,5,1712406608
u0490,i099,5,1712407850
u0437,i459,4,1712408194
u1969,i017,4,1712408383
u0812,i516,4,1712408482
u1402,i438,4,1712408586
u0749,i389,4,1712409567
u1189,i448,5,1712409605
u1545,i335,4,1712409865
u0145,i097,4,1712410297
u1949,i283,1,1712411416
u1509,i333,2,1712411690
u0086,i363,4,1712412227
u0044,i522,5,1712412378
u1845,i324,5,1712412805
u0219,i198,5,1712413713
u0604,i044,2,1712414021
u0140,i332,5,1712414418
u1738,i283,5,1712415598
u0689,i126,4,1712416065
u1384,i334,4,1712416247
u0715,i589,4,1712417560
u1782,i333,3,1712419282
u0638,i009,4,1712419525
u1107,i378,2,1712419968
u0431,i189,1,1712420297
u0643,i215,5,1712422768
u1479,i533,5,1712423116
u0247,i263,5,1712423905
u0963,i125,4,1712424558
u1378,i054,4,1712424616
u1481,i100,5,1712424718
u0957,i214,4,1712425916
u0020,i280,5,1712426345
u0501,i243,2,1712426352
u1687,i357,2,1712426635
u1642,i268,4,1712427614
u1802,i594,3,1712428226
u0596,i377,5,1712428234
u1555,i339,1,1712428744
u0790,i470,5,1712429204
u0243,i467,5,1712430130
u0325,i273,4,1712430207
u0911,i512,5,1712430605
u1256,i349,5,1712431352
u0602,i254,4,1712432055
u0959,i245,4,1712432111
u0815,i198,5,1712432315
u0468,i541,5,1712432514
u0322,i116,1,1712433310
u0268,i453,4,1712433655
u1523,i055,3,1712434314
u1895,i007,1,1712434765
u1025,i595,5,1712435270
u0414,i042,1,1712435299
u1469,i117,1,1712435439
u1120,i162,5,1712435981
u0541,i340,5,1712435991
u1453,i568,3,1712436074
u1651,i362,5,1712436168
u1611,i373,4,1712438185
u0445,i050,5,1712438433
u0495,i205,4,1712438695
u1609,i349,4,1712439100
u1780,i486,4,1712440197
u0273,i558,4,1712440317
u0755,i177,4,1712441574
u1559,i490,4,1712442473
u1263,i298,5,1712442546
u0309,i089,4,1712444026
u0324,i337,5,1712445137
u1576,i243,1,1712445615
u1308,i380,5,1712446199
u0415,i074,4,1712446998
u1350,i110,4,1712447124
u1546,i245,5,1712447865
u1342,i113,5,1712448573
u0688,i341,5,1712448700
u1183,i286,5,1712449166
u0673,i345,5,1712449226
u1873,i219,4,1712449478
u0476,i233,3,1712450055
u1643,i126,4,1712450255
u1780,i292,1,1712450336
u0462,i188,1,1712451020
u1712,i107,4,1712451101
u0736,i424,4,1712451334
u0479,i467,4,1712451357
u1488,i293,5,1712451499
u1158,i062,4,1712451586
u1028,i170,4,1712451630
u0118,i268,4,1712451952
u0528,i419,4,1712454085
u1577,i189,4,1712454859
u0159,i007,1,1712455231
u0250,i279,5,1712455282
u0693,i121,5,1712455647
u0385,i159,5,1712455935
u0808,i331,5,1712456476
u1348,i574,3,1712456511
u0746,i329,5,1712456957
u1907,i553,4,1712457292
u1525,i268,1,1712457355
u1021,i297,4,1712458022
u1146,i361,4,1712458112
u0550,i384,5,1712459204
u0643,i293,1,1712459240
u0964,i268,1,1712460217
u1135,i550,3,1712460931
u1567,i205,4,1712460974
u1095,i421,5,1712461502
u1359,i254,4,1712461529
u0815,i261,4,1712461908
u1847,i256,5,1712462428
u1764,i279,4,1712462745
u0122,i290,5,1712463462
u1137,i295,5,1712463617
u0332,i245,3,1712463986
u0602,i356,5,1712464735
u1916,i015,4,1712466429
u1055,i166,4,1712466825
u0915,i565,4,1712469253
u0039,i364,5,1712469315
u1438,i208,4,1712469653
u0103,i363,4,1712469984
u0729,i325,4,1712470041
u1345,i268,4,1712470275
u1604,i106,4,1712470391
u1873,i073,1,1712470505
u1404,i566,5,1712470977
u1341,i119,4,1712471696
u0331,i428,4,1712472340
u0768,i194,4,1712472771
u0051,i507,2,1712473023
u0170,i437,4,1712473466
u1832,i419,4,1712473904
u1861,i377,4,1712474060
u0385,i494,4,1712474312
u0178,i015,4,1712474418
u1956,i550,4,1712475153
u0728,i397,4,1712475162
u1819,i421,5,1712475699
u1786,i363,4,1712476103
u0786,i510,4,1712476159
u0584,i093,4,1712476508
u0505,i377,1,1712477519
u1587,i447,3,1712477524
u0205,i374,4,1712478897
u0182,i200,1,1712479050
u1128,i585,5,1712479068
u0937,i424,4,1712479512
u0424,i207,4,1712479553
u0706,i487,5,1712480022
u1652,i564,4,1712480028
u1521,i447,4,1712480792
u0552,i568,5,1712481096
u0015,i268,4,1712481205
u1197,i247,4,1712481402
u0882,i443,4,1712482637
u0283,i419,4,1712483386
u0225,i268,2,1712483584
u1992,i002,5,1712483999
u1258,i246,4,1712484110
u0732,i104,4,1712485596
u1186,i113,4,1712485683
u0639,i322,5,1712485858
u0931,i599,4,1712486203
u1281,i445,5,1712486414
u0805,i357,4,1712487447
u0582,i193,4,1712487495
u0559,i568,3,1712487673
u1642,i004,2,1712487955
u0220,i116,4,1712488105
u1580,i086,5,1712488685
u1881,i397,4,1712488687
u0506,i349,1,1712488700
u1509,i255,4,1712488764
u0591,i140,4,1712488790
u1142,i384,4,1712488906
u0925,i498,4,1712489005
u1637,i367,5,1712489248
u0278,i334,1,1712489551
u0954,i494,4,1712490306
u0994,i345,4,1712490441
u1688,i372,5,1712490580
u1788,i013,1,1712491002
u0753,i447,1,1712491358
u1486,i261,5,1712491694
u1956,i470,5,1712491809
u1925,i171,1,1712491851
u0808,i315,5,1712493001
u1788,i435,5,1712493951
u0048,i075,5,1712493964
u0674,i412,4,1712494024
u1370,i377,5,1712494262
u0283,i354,2,1712494829
u0743,i007,2,1712494839
u0839,i568,5,1712497629
u0605,i334,5,1712497704
u0747,i247,4,1712497737
u0579,i293,5,1712497775
u1901,i107,4,1712497884
u0609,i507,1,1712498469
u0216,i540,5,1712498528
u0152,i204,4,1712498814
u0056,i080,5,1712499226
u1367,i136,5,1712500325
u1411,i072,5,1712500551
u1037,i015,5,1712500684
u0594,i413,3,1712500938
u1785,i097,1,1712500984
u0475,i129,4,1712502170
u0861,i425,3,1712503199
u0864,i332,5,1712503466
u0305,i516,5,1712503625
u0769,i108,1,1712503631
u1089,i329,2,1712504089
u0449,i189,2,1712504492
u0366,i292,5,1712505141
u1974,i519,5,1712505584
u1474,i073,3,1712506489
u0236,i599,5,1712506627
u0093,i304,4,1712507176
u1349,i492,2,1712507892
u1644,i341,4,1712507959
u1381,i051,5,1712508089
u0710,i006,5,1712508099
u0717,i108,5,1712508099
u1290,i005,3,1712508554
u1517,i336,5,1712508777
u1041,i294,5,1712509465
u0690,i565,4,1712509774
u0544,i372,1,1712509954
u1675,i521,1,1712510554
u1324,i519,5,1712510830
u1493,i519,4,1712513371
u1041,i056,1,1712514335
u0082,i291,5,1712514432
u1412,i289,4,1712514672
u0903,i113,4,1712515130
u1478,i539,4,1712515494
u1496,i361,5,1712515955
u1279,i054,4,1712515980
u1740,i368,5,1712516887
u1674,i037,4,1712517489
u1983,i404,5,1712517751
u0787,i439,5,1712518938
u0993,i230,4,1712519163
u1425,i007,4,1712519310
u1049,i097,4,1712519318
u1775,i124,3,1712519565
u0008,i149,5,1712519667
u0780,i461,5,1712520056
u0419,i507,4,1712520155
u0614,i526,4,1712520423
u0851,i272,1,1712520816
u1699,i113,4,1712520901
u0022,i333,4,1712521359
u1087,i333,4,1712522839
u1066,i322,5,1712522931
u0769,i334,4,1712523255
u0691,i373,4,1712524012
u0225,i164,4,1712524215
u1094,i368,4,1712526755
u1241,i054,5,1712526771
u1230,i514,5,1712527110
u1204,i293,5,1712528455
u0590,i303,2,1712528626
u1739,i125,5,1712528729
u1494,i417,4,1712528798
u0666,i107,4,1712529284
u1591,i100,3,1712529598
u1467,i125,4,1712530921
u0915,i393,5,1712532111
u1117,i261,5,1712532479
u1719,i361,3,1712532766
u1642,i493,3,1712532928
u1845,i492,5,1712533315
u0420,i206,5,1712533506
u1050,i590,5,1712533550
u0390,i486,4,1712535424
u0709,i127,4,1712536054
u1799,i572,5,1712539407
u1688,i274,4,1712539482
u0010,i529,2,1712539920
u1574,i238,4,1712540770
u0811,i013,3,1712540784
u1024,i332,5,1712541264
u0125,i136,4,1712541302
u1160,i135,4,1712541430
u1290,i514,4,1712542074
u0278,i261,4,1712542252
u0103,i401,4,1712542553
u0531,i191,2,1712543897
u0656,i083,5,1712545208
u0611,i291,5,1712545522
u1984,i219,5,1712545596
u1911,i373,5,1712546087
u1655,i373,4,1712546248
u1098,i004,3,1712546586
u1582,i014,4,1712547116
u1997,i568,4,1712547251
u0499,i254,5,1712550717
u0864,i482,4,1712551824
u1588,i340,4,1712551950
u0809,i456,1,1712552012
u0774,i507,4,1712552696
u0070,i175,4,1712553254
u1483,i227,5,1712553323
u1847,i352,4,1712553886
u0449,i129,4,1712554478
u1542,i364,3,1712554732
u1695,i485,4,1712555226
u1404,i159,5,1712556264
u0404,i093,4,1712556384
u1357,i291,5,1712556722
u0113,i003,4,1712557429
u0941,i204,4,1712558194
u0143,i428,1,1712559147
u0471,i015,5,1712560096
u0406,i478,5,1712560356
u0316,i241,3,1712560678
u0332,i119,1,1712561779
u1684,i374,5,1712562607
u1141,i425,5,1712562701
u1668,i215,2,1712563567
u0680,i093,4,1712563770
u1404,i468,4,1712563956
u1679,i372,4,1712564137
u1777,i091,1,1712564997
u1444,i106,4,1712565757
u0467,i180,4,1712565880
u1070,i504,4,1712567156
u1212,i528,4,1712567159
u1484,i473,1,1712567561
u1910,i288,4,1712567866
u0135,i074,4,1712567955
u0892,i529,3,1712568905
u1109,i461,2,1712569233
u0800,i467,4,1712569486
u1208,i221,4,1712569801
u0873,i180,4,1712570057
u0487,i291,4,1712570452
u0011,i564,5,1712570740
u1713,i451,4,1712571201
u1508,i472,5,1712573530
u1160,i411,4,1712574303
u1017,i338,5,1712574647
u0425,i501,5,1712574894
u1864,i333,4,1712575548
u1061,i387,5,1712575602
u0395,i243,1,1712575885
u1426,i468,5,1712576032
u1148,i361,4,1712576105
u0027,i334,3,1712579008
u0521,i348,3,1712579018
u1991,i116,5,1712579500
u0096,i143,5,1712579921
u1695,i541,3,1712580275
u0159,i089,5,1712581727
u0478,i117,5,1712581868
u0959,i363,4,1712582227
u0507,i423,5,1712582553
u1490,i307,5,1712584355
u1239,i108,4,1712584404
u1014,i131,4,1712584492
u0258,i497,5,1712585726
u1829,i567,5,1712586429
u1911,i483,3,1712586671
u1780,i426,1,1712586787
u0952,i119,5,1712587668
u0626,i507,2,1712587859
u1384,i341,4,1712588033
u1429,i023,4,1712588635
u0725,i591,3,1712588856
u0754,i047,5,1712588880
u0685,i447,5,1712588979
u1112,i337,5,1712588981
u0431,i245,4,1712589211
u1058,i341,3,1712589430
u0797,i248,5,1712589453
u1081,i536,4,1712591057
u0809,i261,1,1712591519
u1916,i363,5,1712592692
u0924,i062,1,1712592816
u1789,i004,4,1712594708
u0242,i449,4,1712595320
u0310,i053,4,1712595809
u1288,i519,3,1712597334
u0438,i099,4,1712598051
u1679,i094,4,1712598154
u0805,i473,5,1712598423
u0455,i062,4,1712599086
u1729,i244,4,1712599731
u1859,i447,5,1712600189
u1160,i419,4,1712600481
u0750,i469,5,1712601111
u1977,i385,5,1712601319
u0208,i526,1,1712601504
u0683,i341,3,1712602317
u1878,i489,2,1712602462
u0078,i568,5,1712603721
u1514,i332,4,1712605336
u0222,i322,4,1712606236
u0796,i122,3,1712606954
u0837,i526,5,1712607392
u1586,i060,4,1712608831
u1598,i388,1,1712608901
u1017,i164,5,1712609247
u0658,i055,4,1712609663
u1679,i016,4,1712609830
u1264,i089,4,1712610376
u1920,i390,4,1712610577
u0758,i072,4,1712611253
u1051,i376,1,1712611981
u1838,i254,4,1712612588
u0488,i564,4,1712612977
u0928,i230,4,1712613230
u1837,i408,3,1712614835
u1539,i568,5,1712615306
u0235,i392,5,1712615450
u1561,i378,1,1712615966
u0503,i417,5,1712616235
u1849,i292,3,1712616507
u1901,i129,4,1712616566
u1208,i440,4,1712616605
u0805,i204,5,1712617193
u0035,i265,3,1712617589
u1922,i296,4,1712617766
u1642,i248,5,1712618051
u1264,i171,4,1712618310
u0184,i552,5,1712618745
u1987,i371,1,1712618932
u0543,i477,5,1712618966
u0332,i140,4,1712618993
u0305,i538,4,1712619375
u0008,i308,4,1712619380
u1158,i243,2,1712619390
u1867,i077,3,1712619480
u1622,i184,4,1712619929
u1191,i466,5,1712619980
u1502,i319,4,1712621114
u1739,i564,5,1712621733
u0770,i116,5,1712621762
u0919,i025,4,1712622539
u1100,i200,1,1712622758
u1451,i566,5,1712622919
u0155,i062,2,1712624175
u0694,i274,4,1712624481
u1775,i233,4,1712624496
u1376,i477,5,1712625447
u1118,i362,4,1712626261
u1045,i511,5,1712626345
u0610,i540,4,1712626359
u1561,i008,4,1712626539
u0459,i555,4,1712626678
u1536,i034,4,1712627404
u0943,i593,5,1712627415
u1148,i273,5,1712627430
u1784,i569,5,1712627440
u0138,i152,1,1712627474
u1502,i090,5,1712627959
u0409,i553,5,1712628273
u0930,i143,5,1712628404
u1602,i227,4,1712628682
u0961,i387,5,1712628723
u0554,i227,4,1712629530
u1952,i579,4,1712629762
u0350,i371,1,1712629964
u0734,i428,4,1712632259
u0030,i564,5,1712632642
u0607,i434,5,1712633902
u0362,i572,4,1712634945
u1890,i317,4,1712635190
u0424,i121,4,1712635922
u1596,i176,2,1712636595
u0061,i504,4,1712637104
u0064,i417,5,1712637316
u0648,i549,4,1712637649
u0913,i548,5,1712637761
u1148,i269,5,1712638433
u1243,i514,4,1712639172
u0271,i301,4,1712639233
u1262,i261,5,1712640610
u0243,i261,5,1712640722
u1924,i529,5,1712641016
u0508,i577,4,1712641037
u1239,i517,4,1712641044
u1518,i069,5,1712642316
u0860,i404,4,1712642874
u0802,i176,5,1712642878
u1738,i268,2,1712643668
u1646,i233,5,1712644285
u0785,i417,4,1712645618
u1612,i363,4,1712646678
u0016,i297,2,1712649631
u0539,i349,1,1712650008
u1298,i504,5,1712650104
u1242,i106,4,1712650348
u0686,i081,5,1712651297
u0178,i401,5,1712651320
u1543,i436,5,1712652103
u0719,i471,1,1712652488
u1769,i334,4,1712653048
u0324,i312,4,1712653239
u1608,i166,3,1712653517
u0163,i019,5,1712654544
u0239,i195,5,1712655338
u1349,i268,5,1712655893
u0446,i489,5,1712656776
u1177,i093,4,1712656981
u0348,i513,5,1712657371
u1256,i223,3,1712658010
u0506,i472,4,1712658413
u1292,i570,5,1712658501
u1902,i286,4,1712658526
u0197,i221,2,1712658806
u0455,i549,4,1712659967
u0393,i592,4,1712660453
u1511,i286,4,1712661189
u0639,i275,3,1712661702
u0799,i013,5,1712662645
u1652,i300,4,1712662723
u1530,i508,2,1712662821
u0309,i532,4,1712662975
u1060,i050,4,1712663493
u1721,i311,1,1712663626
u1830,i271,3,1712665083
u0286,i361,5,1712665256
u0330,i025,4,1712666219
u0842,i162,5,1712666342
u1863,i339,5,1712666877
u0977,i568,1,1712667365
u0809,i526,3,1712667402
u1869,i497,5,1712669586
u1427,i105,5,1712670242
u0191,i023,5,1712670644
u1664,i274,1,1712671264
u0987,i102,4,1712671951
u1023,i243,1,1712671954
u1793,i045,5,1712672127
u0373,i414,5,1712672217
u0466,i321,4,1712673290
u1013,i181,4,1712673291
u1262,i510,3,1712674357
u1532,i293,4,1712675039
u0855,i334,5,1712675619
u1773,i448,4,1712675821
u0016,i268,1,1712676278
u0436,i368,5,1712678465
u1402,i504,3,1712678990
u0915,i008,4,1712679065
u0139,i268,5,1712679714
u0025,i191,5,1712680178
u1207,i595,4,1712680418
u1056,i334,4,1712682500
u0062,i480,3,1712682691
u0648,i223,3,1712682724
u1547,i080,4,1712683035
u0529,i062,5,1712683585
u0185,i186,5,1712684548
u1026,i378,4,1712685942
u1547,i490,5,1712686068
u1706,i210,4,1712686410
u0892,i205,4,1712686989
u0376,i597,5,1712687240
u0667,i424,4,1712687396
u1317,i448,5,1712687720
u0041,i136,4,1712687737
u1864,i148,4,1712687905
u0889,i207,4,1712688153
u1986,i054,5,1712688486
u1906,i491,5,1712688487
u0293,i209,5,1712688895
u0403,i349,5,1712688948
u1467,i357,5,1712689806
u0406,i510,3,1712690285
u1042,i334,5,1712691237
u0713,i409,5,1712691928
u1814,i491,4,1712692345
u1003,i236,5,1712692678
u0224,i093,5,1712692779
u1782,i039,5,1712693911
u0118,i565,4,1712694161
u0986,i116,3,1712694168
u0542,i357,4,1712694209
u1121,i026,4,1712695103
u0122,i204,4,1712695738
u1717,i526,5,1712695787
u0950,i368,4,1712695877
u0466,i178,5,1712696802
u1088,i204,5,1712696828
u1950,i081,3,1712697228
u1369,i548,5,1712697247
u0113,i117,4,1712697392
u1900,i109,5,1712697836
u1249,i254,5,1712698061
u0039,i316,4,1712698699
u1436,i527,4,1712699310
u0364,i291,3,1712699862
u0174,i564,4,1712700095
u0846,i387,5,1712700458
u1927,i261,5,1712700730
u0736,i127,5,1712700962
u0620,i363,2,1712701211
u1235,i364,4,1712702568
u0342,i038,4,1712702861
u0944,i333,4,1712703298
u0869,i049,4,1712703409
u1716,i166,5,1712705307
u1992,i526,3,1712705517
u1776,i310,5,1712705964
u0250,i470,1,1712706002
u0663,i586,4,1712706342
u0387,i088,3,1712706462
u0445,i084,5,1712707027
u1635,i065,5,1712707094
u1090,i514,4,1712707331
u0082,i055,4,1712709257
u1348,i015,4,1712709458
u0833,i498,5,1712710051
u1706,i530,5,1712710093
u0102,i205,4,1712710222
u0956,i168,4,1712710607
u0372,i532,4,1712710994
u1623,i204,1,1712712145
u0689,i498,1,1712712240
u0310,i546,2,1712712544
u0566,i410,1,1712713517
u0626,i108,4,1712713875
u1549,i430,4,1712714264
u1811,i117,5,1712714707
u1949,i332,4,1712714799
u1682,i171,4,1712714922
u0571,i117,4,1712714939
u1928,i507,4,1712714993
u1182,i265,5,1712715731
u1773,i010,5,1712715898
u0082,i568,4,1712716787
u1307,i125,5,1712717897
u0363,i245,2,1712718510
u1815,i556,5,1712719482
u0624,i351,5,1712720268
u1335,i243,2,1712720539
u1568,i334,3,1712720580
u1065,i447,4,1712720604
u0717,i504,2,1712722337
u1098,i507,4,1712722344
u1935,i238,4,1712722499
u0938,i527,5,1712722975
u1198,i119,4,1712723076
u1414,i013,3,1712724009
u1545,i495,4,1712724021
u0571,i275,1,1712724534
u0446,i119,2,1712725796
u1788,i417,4,1712725891
u1174,i564,4,1712726079
u1253,i469,4,1712726136
u0363,i521,5,1712726357
u1000,i219,4,1712727053
u0971,i265,5,1712728807
u0875,i002,4,1712728949
u0713,i173,4,1712730174
u0024,i220,2,1712730206
u1021,i282,5,1712730569
u0469,i494,4,1712731441
u0667,i274,5,1712731537
u0386,i023,4,1712733133
u0741,i274,5,1712734051
u0487,i227,4,1712734138
u1648,i531,4,1712734332
u0971,i448,5,1712736069
u0064,i548,5,1712736460
u0623,i377,1,1712736484
u0425,i259,5,1712737479
u1954,i018,5,1712737859
u1619,i226,2,1712738636
u1044,i418,5,1712738910
u1830,i507,4,1712739106
u1152,i029,5,1712739612
u1255,i381,4,1712739870
u0242,i399,5,1712739979
u0876,i480,5,1712740206
u0320,i256,4,1712741124
u0942,i129,4,1712741335
u1172,i512,5,1712741778
u0955,i429,4,1712741858
u0793,i268,5,1712741887
u0093,i498,1,1712742102
u0451,i084,5,1712742658
u0648,i334,5,1712742916
u1761,i584,5,1712743107
u1948,i048,5,1712743787
u0080,i192,5,1712745101
u0873,i335,4,1712745252
u0612,i013,5,1712745445
u0983,i001,5,1712746240
u1795,i424,5,1712746349
u1997,i155,4,1712747676
u1927,i170,5,1712748346
u1729,i280,1,1712748839
u1630,i461,4,1712749027
u0842,i333,3,1712749908
u1378,i368,4,1712750561
u0867,i017,1,1712752817
u0608,i363,2,1712752876
u1849,i251,4,1712752910
u0114,i519,2,1712754527
u0703,i372,4,1712754742
u0483,i208,4,1712755071
u1508,i133,4,1712755438
u1680,i399,4,1712756044
u0968,i007,4,1712756136
u1867,i254,5,1712756396
u1866,i237,4,1712757161
u0472,i053,5,1712757307
u0407,i100,4,1712757859
u0473,i229,3,1712757865
u1174,i093,1,1712758380
u0290,i377,5,1712759429
u1636,i005,4,1712760201
u1929,i077,4,1712761234
u1762,i117,4,1712761522
u1358,i118,4,1712761561
u1936,i219,4,1712761912
u0873,i215,5,1712762057
u0437,i595,5,1712762094
u1437,i005,5,1712762345
u1251,i285,5,1712762506
u1403,i550,5,1712763068
u0424,i291,1,1712763629
u0042,i526,4,1712763874
u1040,i355,1,1712764333
u0978,i529,5,1712764416
u0041,i190,4,1712764440
u1724,i317,2,1712765254
u0827,i243,5,1712765353
u1815,i268,5,1712766185
u1080,i363,4,1712766239
u0622,i412,5,1712766376
u1570,i013,4,1712767177
u1919,i209,5,1712767310
u1006,i297,3,1712768101
u0331,i084,5,1712768573
u1108,i446,2,1712769353
u1443,i181,4,1712770648
u0807,i170,3,1712771181
u1279,i333,1,1712771902
u0193,i493,4,1712772853
u0507,i117,2,1712772959
u1436,i507,5,1712773214
u0322,i268,1,1712774558
u0874,i138,5,1712774656
u0130,i126,5,1712774708
u1329,i363,5,1712774722
u1329,i134,4,1712774835
u0600,i592,3,1712774844
u1520,i361,5,1712775128
u1720,i404,4,1712775221
u0194,i291,5,1712775337
u1973,i100,4,1712775657
u0909,i200,4,1712776016
u0032,i261,5,1712776057
u0375,i417,5,1712776908
u0528,i454,5,1712777186
u1723,i192,5,1712777187
u1076,i451,3,1712777590
u1765,i447,5,1712777679
u0264,i588,5,1712777769
u1190,i419,4,1712778370
u1792,i125,5,1712778542
u1505,i406,5,1712778716
u1224,i372,4,1712780065
u0987,i232,4,1712780332
u1222,i034,4,1712781182
u0904,i372,1,1712781547
u1096,i030,5,1712781864
u1408,i089,1,1712782541
u1249,i291,5,1712782776
u0532,i455,4,1712782888
u0765,i171,5,1712783465
u1935,i274,2,1712783677
u0637,i297,4,1712784092
u0377,i391,4,1712784391
u1984,i333,4,1712784539
u0463,i333,4,1712785658
u1840,i266,1,1712786873
u0621,i097,1,1712787026
u1732,i419,5,1712787079
u0746,i526,4,1712787122
u1353,i119,3,1712788118
u0793,i371,4,1712788378
u1197,i172,4,1712788641
u0426,i016,5,1712790156
u0155,i004,4,1712790574
u0098,i372,5,1712790709
u0750,i067,5,1712791218
u1489,i117,4,1712791902
u1103,i364,5,1712792057
u0355,i302,5,1712792760
u0435,i254,5,1712793001
u0417,i027,5,1712793858
u0271,i363,3,1712793935
u1356,i100,5,1712795107
u0062,i484,2,1712797173
u0453,i095,1,1712797631
u1256,i419,5,1712797921
u1851,i546,5,1712797934
u0497,i460,4,1712798065
u1202,i292,3,1712798124
u1716,i140,5,1712798300
u0736,i250,4,1712798329
u1202,i004,4,1712798344
u0026,i443,2,1712798767
u1926,i256,4,1712799087
u0570,i507,4,1712799101
u1237,i141,4,1712799633
u1015,i574,4,1712799998
u0649,i092,5,1712800186
u0997,i417,1,1712801161
u1341,i526,4,1712802596
u0166,i117,2,1712802655
u0865,i062,1,1712802961
u1508,i590,5,1712803003
u1042,i053,5,1712803570
u1092,i412,5,1712804414
u1680,i085,4,1712804481
u1563,i471,5,1712804902
u0923,i422,5,1712805671
u0955,i413,5,1712805766
u1537,i515,5,1712805964
u0872,i377,5,1712806368
u0406,i243,5,1712806643
u1075,i372,4,1712806870
u0163,i120,5,1712806909
u1277,i388,5,1712806909
u0982,i443,4,1712806919
u0072,i493,4,1712807236
u1059,i521,5,1712807621
u1161,i578,4,1712807894
u0987,i345,4,1712808023
u0690,i066,4,1712808225
u1027,i329,5,1712808527
u1462,i498,5,1712808831
u0598,i227,1,1712808944
u1388,i381,4,1712809953
u1353,i568,5,1712810826
u0447,i377,5,1712811231
u0706,i089,5,1712811380
u1420,i059,1,1712811520
u1813,i113,3,1712812144
u1891,i369,4,1712812159
u1496,i153,4,1712812451
u1381,i541,4,1712812520
u1583,i570,2,1712812852
u1690,i029,5,1712813276
u1842,i254,4,1712813492
u1418,i453,5,1712814090
u1308,i515,1,1712814592
u1409,i568,1,1712814637
u0823,i361,4,1712814758
u1019,i491,1,1712814855
u0309,i463,5,1712814947
u1783,i274,4,1712815068
u1651,i564,4,1712815810
u1828,i220,4,1712815951
u0109,i305,4,1712816177
u1705,i136,4,1712816263
u0898,i198,4,1712818611
u0546,i055,5,1712818836
u1739,i106,4,1712819543
u1182,i195,4,1712820093
u0285,i246,5,1712820191
u0116,i568,5,1712820833
u0062,i127,5,1712821826
u1887,i243,4,1712822307
u1105,i431,5,1712823161
u1621,i204,3,1712823468
u1959,i422,4,1712823643
u0959,i044,4,1712823848
u0061,i265,4,1712824622
u1931,i160,5,1712825427
u1232,i117,4,1712825631
u0665,i572,5,1712825848
u0927,i479,4,1712826119
u1613,i460,5,1712826189
u0404,i132,4,1712826230
u0133,i274,4,1712826309
u0350,i243,1,1712826387
u0190,i146,1,1712827469
u1810,i476,5,1712827828
u0370,i420,4,1712827974
u0662,i247,4,1712827999
u1000,i018,3,1712828320
u0664,i066,4,1712828731
u1614,i261,4,1712829202
u1057,i088,5,1712829630
u1447,i026,4,1712830148
u0656,i364,2,1712830368
u1728,i025,3,1712830923
u0740,i361,4,1712831131
u1942,i017,4,1712831583
u0335,i477,4,1712832535
u0170,i493,5,1712833393
u1021,i526,5,1712833779
u1589,i108,2,1712833907
u0105,i568,3,1712834491
u1346,i073,4,1712835353
u0794,i095,5,1712835784
u1298,i337,4,1712836008
u0306,i357,4,1712836014
u0437,i364,2,1712836111
u1788,i034,5,1712837627
u0614,i535,1,1712837748
u0001,i396,2,1712838287
u1561,i066,5,1712838626
u0181,i073,2,1712838917
u1313,i189,1,1712838932
u0428,i492,5,1712840082
u1789,i333,5,1712840239
u1617,i106,5,1712840625
u1285,i333,1,1712841183
u0510,i536,4,1712842438
u0201,i507,5,1712843262
u1650,i241,4,1712843364
u0885,i511,5,1712843417
u1406,i444,5,1712843530
u0968,i576,4,1712844281
u0925,i243,3,1712845437
u1023,i138,4,1712846224
u0208,i067,5,1712846276
u1842,i518,5,1712847649
u0670,i162,1,1712847669
u0712,i060,1,1712848173
u1021,i037,4,1712848743
u0531,i593,5,1712848865
u0444,i461,4,1712850161
u0416,i034,5,1712850667
u1747,i388,3,1712851125
u0367,i526,1,1712851548
u1368,i115,4,1712851840
u1530,i280,4,1712852324
u1842,i291,5,1712852337
u0815,i223,4,1712852667
u1038,i109,5,1712852839
u0701,i302,3,1712853141
u0749,i469,4,1712853517
u0520,i110,4,1712854182
u0704,i594,4,1712854819
u0525,i411,4,1712854980
u1316,i066,5,1712855279
u1880,i333,4,1712855834
u0794,i283,4,1712856508
u0302,i117,4,1712856637
u0442,i177,4,1712856858
u0261,i216,4,1712857043
u0971,i460,4,1712857084
u0957,i022,5,1712857161
u1646,i548,5,1712857931
u1421,i319,5,1712858052
u0336,i594,3,1712858867
u0121,i423,5,1712858912
u1992,i564,5,1712858955
u1411,i096,4,1712859016
u1363,i373,4,1712859204
u0837,i399,5,1712861244
u1849,i243,2,1712861353
u0114,i032,4,1712862171
u1570,i119,3,1712862484
u1919,i284,4,1712862563
u1538,i368,5,1712862794
u1753,i507,4,1712864318
u1950,i252,5,1712864475
u1879,i113,4,1712864625
u1446,i559,3,1712866210
u1557,i016,4,1712866495
u1810,i250,4,1712866525
u1276,i289,5,1712867456
u1197,i329,5,1712867623
u1302,i377,4,1712867658
u1215,i092,3,1712868471
u1784,i233,5,1712868972
u1075,i546,4,1712868990
u1503,i221,5,1712870041
u1505,i117,1,1712870184
u0466,i372,4,1712870467
u1614,i404,1,1712870747
u0109,i209,1,1712870930
u0285,i055,4,1712871173
u1098,i428,4,1712872200
u0871,i207,5,1712872203
u0275,i237,5,1712872614
u1575,i464,5,1712872645
u1342,i523,5,1712873805
u0261,i236,5,1712875264
u0459,i364,5,1712876024
u1782,i117,4,1712876036
u1521,i364,5,1712876037
u1323,i248,4,1712876734
u0810,i261,4,1712876774
u1028,i278,5,1712877214
u0779,i042,1,1712877419
u1629,i448,3,1712877440
u0993,i213,4,1712878312
u0814,i048,5,1712878351
u0731,i223,5,1712878387
u1456,i363,4,1712879097
u1089,i545,5,1712879608
u0412,i038,5,1712879865
u0084,i492,4,1712880153
u1033,i023,4,1712880202
u0866,i250,5,1712880228
u0625,i130,2,1712880766
u0599,i005,5,1712881415
u0474,i333,5,1712881710
u0207,i366,2,1712882320
u1998,i220,4,1712882478
u1480,i023,4,1712882587
u1358,i122,4,1712883097
u1092,i355,3,1712883114
u0888,i259,4,1712883578
u1279,i363,4,1712883618
u0338,i329,5,1712883729
u1659,i193,5,1712884484
u0813,i507,5,1712884734
u1579,i205,2,1712885186
u1210,i419,5,1712885211
u1868,i515,4,1712887474
u1064,i118,4,1712887649
u0922,i053,4,1712887798
u0631,i291,2,1712888144
u1394,i268,4,1712888270
u0940,i588,4,1712888438
u1092,i428,4,1712888959
u1253,i428,5,1712890028
u0417,i372,2,1712891236
u0502,i448,2,1712891486
u1420,i554,5,1712892155
u1836,i092,5,1712892346
u1257,i563,4,1712892402
u0558,i058,5,1712893199
u1436,i230,2,1712894046
u0240,i015,5,1712894124
u1600,i373,4,1712894496
u1723,i199,5,1712894805
u0439,i113,4,1712895118
u0202,i355,4,1712895190
u0441,i370,5,1712895706
u0574,i277,4,1712895739
u0906,i185,2,1712896022
u1621,i164,4,1712896176
u1070,i461,4,1712897059
u0052,i549,4,1712898071
u0575,i357,5,1712898671
u1486,i547,4,1712899288
u1050,i507,3,1712900877
u1979,i012,5,1712901105
u0273,i275,4,1712901572
u1529,i512,4,1712902266
u0882,i180,2,1712902408
u0274,i419,3,1712904020
u1004,i162,4,1712904577
u1453,i268,3,1712904881
u0954,i294,4,1712905169
u0359,i484,5,1712905414
u1568,i337,5,1712905716
u0332,i568,1,1712906016
u0458,i377,5,1712906049
u1377,i419,4,1712907539
u0131,i274,5,1712908290
u1135,i152,1,1712908732
u0339,i214,1,1712909828
u0983,i243,5,1712909833
u0034,i219,5,1712910064
u0889,i526,4,1712910346
u0607,i545,5,1712910471
u0435,i480,5,1712911288
u0995,i266,4,1712911742
u1923,i442,4,1712912245
u1690,i173,4,1712912370
u1822,i538,4,1712912886
u0834,i307,4,1712913140
u0776,i425,5,1712914002
u0316,i542,5,1712914268
u1726,i237,4,1712914942
u1103,i278,1,1712915485
u0164,i394,5,1712916228
u0067,i384,4,1712916362
u0432,i563,4,1712917940
u0515,i092,5,1712918259
u0175,i397,3,1712919787
u1992,i106,4,1712920042
u1915,i498,5,1712920869
u0386,i016,1,1712920967
u1594,i537,5,1712921789
u0479,i286,4,1712921852
u1857,i256,5,1712922966
u0741,i363,3,1712923326
u1701,i589,5,1712923495
u1889,i315,4,1712924958
u1339,i129,5,1712925729
u0647,i477,5,1712926079
u1041,i571,5,1712926522
u0599,i113,4,1712927043
u0253,i323,2,1712927495
u1157,i507,4,1712927950
u1840,i360,5,1712928395
u0725,i453,5,1712929428
u1670,i023,4,1712929481
u0636,i255,5,1712930383
u0931,i507,1,1712930410
u1532,i388,4,1712931057
u0570,i428,5,1712931293
u1778,i292,2,1712932474
u0596,i060,4,1712933042
u1534,i445,4,1712933538
u0570,i566,4,1712933572
u1843,i097,3,1712933690
u0121,i519,5,1712934173
u0916,i022,5,1712934290
u0775,i127,4,1712934805
u0881,i133,1,1712935547
u1708,i436,5,1712936392
u1847,i319,4,1712936618
u0076,i341,4,1712936870
u0045,i006,5,1712937057
u0226,i444,5,1712937290
u0937,i243,3,1712938056
u1869,i553,3,1712938375
u0415,i586,4,1712941134
u1497,i428,1,1712941320
u0421,i015,1,1712941845
u0868,i043,4,1712941941
u1104,i073,5,1712941978
u1520,i117,4,1712942715
u0966,i363,5,1712942981
u1935,i243,3,1712943280
u0993,i559,3,1712944851
u0502,i063,1,1712944874
u1501,i473,5,1712944985
u1993,i261,3,1712945148
u1255,i384,4,1712945172
u0915,i261,1,1712945647
u1226,i076,4,1712945958
u0483,i188,4,1712946794
u0343,i005,5,1712947311
u1126,i364,2,1712948177
u1597,i130,5,1712949396
u0164,i152,5,1712950689
u1000,i431,2,1712950962
u0311,i430,4,1712951653
u1637,i282,4,1712953769
u1951,i564,3,1712953823
u0411,i354,4,1712953914
u0310,i289,4,1712954501
u1125,i022,5,1712955749
u1760,i440,5,1712956806
u1960,i479,4,1712957368
u0973,i268,5,1712958015
u1144,i370,5,1712958110
u1197,i004,4,1712958333
u0936,i286,4,1712958373
u1805,i099,4,1712958660
u0385,i443,4,1712959104
u1805,i516,4,1712959627
u0593,i243,1,1712960102
u1313,i526,5,1712960512
u1573,i040,5,1712960869
u1585,i115,5,1712961129
u1900,i537,5,1712961740
u1036,i085,5,1712961882
u1412,i048,4,1712962607
u1967,i074,4,1712962836
u0243,i254,5,1712963092
u1183,i568,4,1712963575
u0143,i273,4,1712963593
u0833,i095,4,1712964124
u1046,i333,5,1712964483
u0153,i504,5,1712964489
u1609,i392,5,1712964640
u0985,i243,4,1712964700
u0964,i111,5,1712964828
u1055,i327,5,1712965306
u0548,i307,4,1712965986
u0529,i028,5,1712966020
u1691,i233,5,1712966363
u0654,i268,5,1712966761
u1724,i292,4,1712967220
u1934,i205,2,1712967291
u1716,i327,5,1712967464
u1190,i197,4,1712968214
u1566,i323,1,1712968835
u0188,i370,5,1712969106
u0597,i268,2,1712969484
u1934,i291,3,1712969694
u0861,i341,4,1712971897
u0111,i226,4,1712973335
u0345,i208,4,1712973451
u0344,i334,4,1712973735
u1263,i568,3,1712973815
u0664,i521,4,1712973883
u0235,i268,5,1712974056
u1175,i023,4,1712974276
u0265,i201,4,1712974458
u0084,i134,5,1712974692
u0393,i106,5,1712975388
u0584,i286,1,1712975432
u1444,i463,5,1712976031
u0394,i211,5,1712977137
u0142,i060,5,1712977556
u1332,i113,2,1712978057
u0743,i286,4,1712978453
u0171,i599,4,1712978956
u1198,i297,5,1712979326
u1775,i595,5,1712979857
u0995,i566,5,1712979986
u1588,i429,4,1712980532
u1855,i125,4,1712980596
u1415,i243,5,1712980793
u1256,i013,5,1712980997
u0754,i147,3,1712983502
u1819,i158,5,1712983508
u1944,i157,5,1712983810
u0592,i227,4,1712983896
u0800,i593,5,1712984303
u1672,i029,5,1712984339
u0437,i355,5,1712985483
u0266,i029,4,1712986099
u1199,i436,5,1712986397
u0567,i254,5,1712986664
u0852,i456,4,1712986756
u0585,i265,5,1712987112
u1947,i382,4,1712987233
u1434,i212,1,1712987342
u1978,i357,5,1712987919
u0171,i499,5,1712988411
u0990,i072,5,1712989873
u0916,i288,4,1712990739
u1663,i311,4,1712991216
u1384,i453,2,1712993013
u1564,i580,4,1712993176
u1660,i011,4,1712994458
u1174,i072,5,1712994745
u1444,i002,4,1712995004
u0689,i254,4,1712995404
u1207,i242,4,1712995719
u1582,i168,4,1712996224
u0766,i547,4,1712996960
u0955,i015,4,1712997146
u0944,i470,2,1712997924
u0647,i420,5,1712998306
u0744,i427,4,1712998347
u0757,i146,5,1712999015
u0729,i233,5,1712999253
u0652,i470,4,1712999260
u0615,i500,5,1712999790
u1692,i566,4,1712999901
u1711,i013,2,1713000206
u1295,i512,4,1713000922
u1505,i507,4,1713001429
u0566,i483,5,1713001530
u1385,i141,4,1713001655
u0049,i363,1,1713001662
u0121,i125,3,1713003585
u0139,i411,4,1713003930
u1023,i117,5,1713004835
u1167,i428,5,1713006170
u1451,i372,5,1713006415
u0325,i064,5,1713007547
u1359,i311,4,1713007679
u0327,i548,5,1713007887
u1700,i114,2,1713008606
u0030,i357,5,1713009165
u0742,i233,4,1713009704
u0020,i274,3,1713009709
u1090,i023,4,1713009891
u1934,i171,5,1713011353
u0304,i291,4,1713011923
u0167,i089,5,1713012729
u0744,i108,1,1713012971
u1674,i097,5,1713013671
u0059,i013,2,1713013702
u1563,i268,4,1713013771
u0329,i571,5,1713013847
u0480,i073,5,1713013955
u1531,i239,4,1713014337
u1801,i333,1,1713014626
u0587,i286,4,1713015116
u0839,i291,5,1713015639
u0190,i481,4,1713015984
u0155,i580,5,1713016469
u0667,i243,3,1713016632
u1071,i363,5,1713016778
u1528,i529,4,1713017352
u1095,i519,4,1713017391
u1292,i150,4,1713017982
u1327,i255,4,1713018123
u1639,i288,5,1713018367
u1931,i165,4,1713018711
u0213,i434,4,1713018920
u1457,i205,5,1713019050
u0457,i357,5,1713019253
u1983,i094,4,1713019523
u1536,i162,4,1713019576
u0402,i271,4,1713019606
u1614,i254,4,1713020750
u0171,i205,5,1713020847
u1502,i230,1,1713020894
u0345,i291,1,1713020995
u0192,i340,5,1713021378
u1906,i334,5,1713021924
u0555,i470,5,1713022030
u0471,i239,4,1713022532
u1267,i113,5,1713022716
u1465,i432,5,1713023424
u1314,i351,4,1713023487
u1524,i326,4,1713024021
u0102,i410,4,1713024194
u0892,i152,5,1713024251
u1912,i424,2,1713025358
u0056,i220,4,1713025608
u1560,i343,2,1713026775
u1365,i241,4,1713026936
u0352,i236,5,1713027193
u1299,i103,4,1713027232
u0375,i447,1,1713027644
u0063,i435,5,1713029412
u0524,i105,5,1713029705
u1132,i575,3,1713029754
u1642,i489,5,1713029923
u0691,i093,5,1713030465
u1302,i461,5,1713030568
u1679,i588,4,1713030716
u1555,i490,5,1713031061
u1295,i375,3,1713031268
u0057,i341,5,1713031553
u1723,i419,4,1713031554
u1824,i331,5,1713032062
u1551,i233,5,1713033736
u1079,i380,5,1713034138
u0392,i141,3,1713034586
u0657,i097,5,1713034814
u0337,i335,5,1713035102
u0133,i495,2,1713035517
u1453,i333,5,1713035752
u0528,i352,5,1713037842
u1496,i518,5,1713038234
u1505,i566,4,1713040015
u0981,i361,3,1713040081
u1023,i486,4,1713040326
u1358,i208,4,1713040403
u1001,i572,3,1713040838
u1853,i270,1,1713040860
u1531,i245,4,1713041001
u1814,i364,1,1713041030
u1012,i200,2,1713041589
u0717,i243,2,1713041771
u1861,i109,5,1713042333
u1706,i102,5,1713042947
u0433,i243,3,1713043162
u0965,i347,5,1713043788
u1571,i022,4,1713043896
u0370,i030,5,1713043999
u1859,i243,5,1713044173
u1330,i298,3,1713044816
u1138,i357,4,1713045915
u0845,i391,4,1713046788
u1141,i553,4,1713046922
u1595,i243,4,1713046942
u1609,i319,4,1713047055
u1197,i283,5,1713047373
u0557,i122,3,1713048380
u0850,i353,4,1713048499
u1681,i254,3,1713050609
u0886,i391,5,1713050725
u0905,i117,3,1713051125
u1574,i568,2,1713051384
u0412,i395,4,1713051437
u0737,i087,4,1713051632
u0103,i516,4,1713053346
u1993,i167,1,1713053806
u1020,i274,4,1713055989
u0231,i424,1,1713056797
u0723,i420,5,1713057071
u0712,i529,3,1713058813
u1652,i427,4,1713058862
u0399,i526,2,1713058937
u1364,i190,3,1713058977
u0105,i072,4,1713059065
u0755,i419,1,1713059902
u1896,i492,4,1713060129
u0894,i535,4,1713060537
u0227,i597,5,1713061622
u0665,i130,5,1713062899
u1320,i268,5,1713062904
u0871,i165,5,1713063034
u0552,i358,3,1713063211
u1920,i349,4,1713063478
u0820,i113,4,1713063747
u1907,i419,4,1713065202
u1981,i086,1,1713065210
u1550,i545,4,1713065300
u0600,i426,5,1713065308
u1815,i521,4,1713065781
u0974,i564,4,1713066109
u1964,i334,5,1713066550
u0596,i023,4,1713067004
u0706,i243,5,1713067473
u1490,i343,4,1713067694
u1042,i331,4,1713067719
u1085,i417,2,1713068016
u0957,i073,5,1713068343
u0613,i110,4,1713068578
u0076,i466,4,1713069943
u1197,i031,5,1713070250
u0985,i447,5,1713070619
u0375,i363,5,1713070703
u1433,i186,4,1713071055
u1170,i360,4,1713071191
u1015,i378,4,1713071744
u1149,i374,4,1713072683
u1995,i243,4,1713074808
u1434,i440,4,1713074991
u1697,i498,5,1713075104
u0952,i282,5,1713075146
u0959,i186,5,1713075568
u1600,i248,5,1713075904
u1292,i368,5,1713076885
u0248,i052,4,1713076993
u0131,i406,5,1713077067
u0972,i420,4,1713077462
u0708,i097,5,1713077898
u1123,i377,5,1713077974
u0748,i263,2,1713078507
u1327,i259,5,1713078840
u0622,i243,3,1713079154
u0059,i409,4,1713079203
u1920,i013,4,1713079359
u0847,i374,4,1713079539
u1904,i097,1,1713079981
u1463,i357,4,1713080004
u0067,i372,4,1713080482
u0005,i493,5,1713080831
u0593,i261,1,1713081667
u1941,i488,5,1713083124
u1100,i456,4,1713083297
u1483,i568,4,1713083702
u0716,i399,5,1713083920
u1229,i094,3,1713084148
u1634,i507,5,1713084196
u1269,i192,5,1713084257
u1845,i056,4,1713084669
u0931,i107,4,1713084875
u1770,i315,4,1713085411
u1389,i169,2,1713086050
u0293,i280,4,1713087065
u1029,i526,5,1713087076
u0422,i440,4,1713087194
u1870,i083,4,1713087393
u0143,i291,5,1713088794
u1570,i293,5,1713089070
u0639,i461,4,1713089288
u1034,i357,3,1713089537
u0394,i097,3,1713090403
u0358,i059,5,1713091625
u1071,i439,5,1713092061
u0930,i499,1,1713092225
u0838,i084,5,1713092403
u1138,i316,4,1713092781
u1664,i205,4,1713092984
u1724,i451,5,1713093072
u1250,i393,1,1713093187
u1531,i113,4,1713093313
u1227,i268,2,1713094198
u0160,i553,5,1713094229
u0940,i217,3,1713095791
u1082,i559,4,1713096388
u0794,i031,5,1713096576
u1434,i363,4,1713096989
u0893,i506,4,1713098159
u1466,i332,3,1713098434
u0417,i268,1,1713098455
u0748,i510,5,1713098901
u1859,i073,3,1713099035
u0428,i539,4,1713099628
u0719,i245,5,1713099925
u1616,i335,5,1713099970
u1530,i005,5,1713100306
u0057,i590,4,1713100455
u0413,i048,3,1713100971
u0431,i538,4,1713101236
u0555,i357,1,1713102291
u0561,i355,4,1713102495
u0589,i144,1,1713102505
u0348,i596,5,1713102553
u1165,i199,4,1713103129
u0724,i122,5,1713104563
u1168,i149,5,1713105054
u1883,i179,4,1713105586
u0394,i023,4,1713106019
u1430,i112,4,1713106564
u0913,i113,4,1713106574
u1589,i492,5,1713107148
u1943,i573,4,1713107176
u0310,i092,4,1713107486
u1932,i419,4,1713107661
u1828,i554,3,1713108229
u1182,i470,5,1713108611
u0148,i244,5,1713109099
u0517,i564,2,1713109265
u0452,i525,4,1713109412
u1938,i500,4,1713109998
u0615,i400,2,1713110204
u1121,i254,4,1713111213
u1806,i243,5,1713112273
u0911,i119,4,1713112379
u1653,i441,1,1713112465
u0005,i428,5,1713112822
u1732,i097,2,1713112931
u1026,i106,4,1713113006
u0179,i210,4,1713113613
u0568,i219,3,1713113989
u1926,i419,5,1713114060
u1426,i117,1,1713114203
u1688,i294,5,1713114623
u1197,i030,5,1713114980
u0615,i255,5,1713115052
u1777,i523,4,1713115364
u1336,i568,4,1713115768
u0253,i402,5,1713115803
u0750,i318,4,1713116465
u0584,i256,5,1713117343
u0690,i013,4,1713117388
u1978,i447,5,1713117562
u0411,i335,4,1713117623
u0878,i396,4,1713117649
u0207,i268,4,1713117808
u0948,i537,3,1713118117
u1932,i243,1,1713118245
u0449,i190,4,1713118279
u0931,i188,5,1713119386
u0475,i205,5,1713119938
u1066,i337,5,1713120102
u0331,i508,5,1713121177
u0386,i529,3,1713121959
u0446,i090,4,1713122117
u1622,i095,4,1713123229
u0241,i397,5,1713123684
u1528,i405,1,1713124433
u1055,i419,5,1713124541
u0091,i357,4,1713124554
u0008,i081,3,1713125072
u0468,i051,4,1713125109
u1711,i361,5,1713125196
u1620,i114,4,1713127153
u0361,i038,4,1713127464
u1327,i158,4,1713127474
u0593,i260,5,1713127515
u1884,i558,5,1713127587
u0425,i243,3,1713128025
u1769,i545,5,1713128075
u0520,i372,5,1713129560
u1804,i007,5,1713129906
u1993,i444,5,1713130862
u0818,i341,4,1713131721
u1539,i524,5,1713131721
u1590,i526,5,1713132432
u0512,i136,3,1713133459
u0500,i378,5,1713135219
u0162,i106,5,1713137193
u1488,i090,4,1713138133
u0536,i123,4,1713138329
u0535,i409,5,1713138481
u0863,i095,4,1713138530
u0627,i526,4,1713138846
u0770,i542,2,1713139348
u0248,i261,4,1713141012
u1182,i519,5,1713141689
u1590,i220,4,1713141729
u0039,i125,4,1713141745
u0859,i241,5,1713142111
u0884,i526,5,1713143069
u1496,i117,4,1713143427
u1912,i265,4,1713143531
u0577,i357,4,1713143983
u1720,i050,5,1713146083
u0738,i048,5,1713146336
u0706,i304,4,1713146992
u1590,i567,4,1713147186
u0735,i304,4,1713148457
u1079,i419,1,1713148885
u0917,i568,2,1713151155
u0772,i243,5,1713151243
u1778,i236,4,1713151511
u0045,i536,4,1713152214
u0972,i333,4,1713152280
u1883,i384,5,1713153615
u0506,i188,4,1713153680
u0495,i126,1,1713154218
u1657,i162,4,1713155346
u1322,i092,3,1713156032
u0323,i134,3,1713156202
u0183,i448,4,1713156837
u1109,i032,5,1713157284
u0238,i319,5,1713158460
u1939,i385,4,1713159093
u1611,i268,4,1713159630
u0292,i516,5,1713160321
u0697,i438,5,1713160339
u0769,i048,5,1713161431
u1396,i549,5,1713161543
u0204,i004,5,1713161607
u1465,i577,5,1713161656
u0791,i405,4,1713162058
u0254,i030,5,1713163126
u1032,i551,4,1713163867
u1636,i492,4,1713164180
u1913,i373,4,1713165095
u1130,i500,5,1713165315
u1280,i341,5,1713165579
u0214,i022,4,1713166102
u0906,i597,4,1713167018
u0374,i341,5,1713167445
u1538,i336,3,1713168933
u1759,i104,5,1713169764
u1471,i417,5,1713169800
u1122,i291,5,1713170179
u0516,i582,1,1713170359
u0423,i249,4,1713171034
u0234,i104,5,1713171312
u0187,i204,5,1713171633
u1876,i319,1,1713171650
u0195,i092,5,1713171713
u0884,i230,5,1713172127
u0427,i568,2,1713172693
u0543,i495,1,1713172754
u1171,i143,4,1713172877
u1056,i092,5,1713173944
u0963,i551,5,1713174029
u0687,i127,5,1713174335
u1863,i243,1,1713174705
u0567,i083,5,1713175202
u0320,i419,4,1713175762
u1640,i268,4,1713176158
u0553,i215,5,1713176305
u0272,i341,5,1713178847
u0871,i230,4,1713179793
u1562,i519,5,1713180128
u1443,i211,1,1713180373
u0205,i172,2,1713181287
u0828,i172,4,1713181877
u1611,i202,5,1713181957
u0470,i322,1,1713182027
u1243,i261,3,1713182403
u1034,i537,5,1713182471
u0297,i382,5,1713182676
u1108,i463,5,1713183279
u0667,i529,5,1713183756
u0037,i243,5,1713184929
u1859,i478,5,1713185104
u0600,i116,1,1713185143
u1916,i035,4,1713185773
u1066,i073,5,1713185815
u1282,i519,2,1713186838
u0348,i553,4,1713186987
u1422,i097,2,1713187044
u0766,i182,5,1713187143
u1393,i016,4,1713187202
u0254,i377,1,1713187626
u0340,i169,5,1713188212
u0137,i201,5,1713188401
u0897,i451,5,1713188512
u1697,i567,5,1713189035
u1415,i350,5,1713189084
u0317,i268,2,1713189310
u0661,i549,4,1713189893
u1661,i516,4,1713191263
u0929,i335,5,1713191803
u0375,i213,2,1713192131
u1249,i261,4,1713192312
u1396,i414,4,1713192903
u1983,i543,5,1713193812
u0417,i118,5,1713194288
u0952,i293,3,1713194407
u0209,i151,4,1713194627
u1489,i068,4,1713194976
u0710,i340,5,1713195127
u0845,i106,4,1713195883
u1586,i306,4,1713196102
u1983,i237,1,1713196159
u0352,i358,4,1713196235
u1341,i263,4,1713196713
u0059,i230,5,1713197540
u0677,i510,4,1713200542
u0545,i103,4,1713200696
u1010,i026,4,1713200888
u0047,i419,5,1713201000
u1968,i117,1,1713201456
u0700,i393,2,1713201470
u1721,i394,5,1713202255
u0619,i363,3,1713202790
u1983,i266,4,1713202906
u1734,i116,4,1713204617
u0304,i456,4,1713204802
u1932,i026,3,1713205216
u0475,i107,5,1713206899
u1469,i448,5,1713207320
u0224,i565,5,1713207604
u1761,i319,4,1713207673
u0816,i112,2,1713207896
u1900,i460,5,1713208777
u1499,i117,5,1713209003
u1409,i073,5,1713209153
u1166,i334,4,1713209466
u1273,i268,5,1713210644
u0264,i428,5,1713210929
u0151,i456,4,1713211057
u1016,i354,5,1713211479
u1774,i526,5,1713211877
u1460,i140,4,1713212010
u0320,i596,4,1713212504
u0554,i547,4,1713213393
u1278,i352,5,1713213437
u1948,i084,1,1713215650
u0842,i597,5,1713216061
u0995,i270,5,1713216113
u0835,i268,3,1713216133
u1785,i505,3,1713216528
u1227,i438,5,1713216962
u0554,i333,2,1713217529
u0494,i580,4,1713217924
u1461,i233,4,1713218635
u0277,i335,3,1713218679
u0874,i533,4,1713218934
u1653,i084,5,1713219525
u0348,i093,5,1713219766
u0878,i282,5,1713220891
u0458,i259,4,1713221240
u1769,i586,5,1713222962
u1944,i333,5,1713223023
u1041,i463,3,1713223275
u1509,i460,5,1713223343
u1245,i213,5,1713223658
u0950,i238,4,1713224548
u0063,i221,4,1713224656
u0068,i018,5,1713224684
u1518,i403,5,1713225702
u1552,i555,4,1713225720
u1866,i511,5,1713226083
u1925,i140,4,1713226104
u1721,i237,5,1713226508
u1334,i093,5,1713226926
u1308,i382,4,1713228328
u0718,i584,4,1713228494
u1133,i219,5,1713228673
u0373,i136,5,1713228712
u1661,i595,4,1713228846
u1235,i069,4,1713229174
u1672,i268,2,1713229664
u1166,i566,3,1713230055
u1588,i570,5,1713230096
u1698,i213,5,1713230505
u1171,i599,1,1713230572
u0914,i058,4,1713231724
u0501,i229,1,1713231917
u0547,i255,5,1713232036
u0746,i059,4,1713232621
u1009,i306,5,1713232889
u1639,i568,1,1713233321
u1703,i428,5,1713234573
u1441,i529,5,1713234742
u1774,i029,5,1713234960
u0592,i360,4,1713235106
u0465,i363,5,1713235172
u1688,i178,5,1713235224
u0012,i152,4,1713235591
u1884,i037,4,1713236450
u1145,i595,4,1713236553
u1925,i008,5,1713237065
u0067,i111,4,1713237348
u0780,i504,5,1713237564
u0985,i564,4,1713237662
u1287,i361,1,1713237875
u0684,i593,5,1713237923
u1156,i472,1,1713237974
u0777,i377,5,1713238700
u0130,i254,4,1713238934
u0977,i082,1,1713239006
u0777,i023,5,1713239724
u0926,i366,4,1713242553
u0181,i508,4,1713242635
u1209,i032,5,1713243027
u1677,i156,3,1713243975
u1094,i510,4,1713245099
u1847,i461,1,1713246485
u0419,i268,2,1713247374
u1623,i359,4,1713247818
u0191,i241,2,1713248701
u0991,i115,5,1713248933
u0228,i134,3,1713249225
u0338,i261,1,1713249297
u0544,i226,5,1713249378
u1638,i426,4,1713249392
u0994,i334,1,1713249492
u1762,i568,5,1713250742
u0459,i554,5,1713250930
u1296,i472,3,1713251007
u1092,i566,4,1713251255
u1652,i261,1,1713251330
u1067,i470,1,1713251973
u1901,i205,4,1713252056
u0810,i484,5,1713252351
u0724,i517,3,1713252844
u1883,i482,5,1713253769
u0723,i004,5,1713254031
u1786,i084,3,1713254092
u1234,i593,3,1713254699
u1461,i589,1,1713255428
u0613,i216,3,1713256087
u1318,i517,5,1713256137
u0874,i060,1,1713256644
u1652,i333,3,1713256947
u0478,i201,4,1713257127
u0311,i461,4,1713258303
u1311,i564,5,1713258513
u0087,i342,5,1713258789
u1158,i129,4,1713259075
u0827,i015,3,1713259640
u0909,i385,1,1713260040
u0398,i292,5,1713260086
u1070,i060,4,1713260197
u1409,i255,5,1713260344
u1697,i297,5,1713260812
u0115,i334,4,1713261004
u0317,i006,4,1713261229
u1206,i417,5,1713261406
u0888,i143,4,1713263176
u1781,i498,5,1713263320
u1740,i056,5,1713263551
u1839,i128,5,1713264880
u1033,i485,3,1713265074
u1688,i225,4,1713265555
u1198,i154,5,1713265790
u0414,i261,5,1713266047
u0670,i550,3,1713266772
u1410,i097,2,1713267705
u0892,i237,5,1713268177
u0689,i261,4,1713268552
u1215,i079,3,1713268955
u0766,i568,5,1713269055
u0749,i507,5,1713270080
u1360,i474,1,1713270792
u1649,i313,5,1713270963
u1066,i568,2,1713272562
u0121,i572,5,1713272937
u0067,i374,2,1713273027
u1929,i151,5,1713273986
u0127,i540,5,1713274227
u1842,i191,1,1713274399
u1986,i280,5,1713275212
u1631,i506,4,1713275781
u1848,i523,5,1713275845
u1758,i112,5,1713277610
u1816,i227,5,1713277965
u0664,i013,4,1713278002
u1232,i286,4,1713278147
u1684,i055,3,1713278217
u0220,i160,5,1713278776
u0165,i092,5,1713279340
u0494,i080,4,1713280259
u1457,i062,5,1713281027
u1705,i237,4,1713281423
u1788,i429,5,1713281520
u1964,i053,4,1713281948
u1594,i572,5,1713282355
u0859,i140,5,1713282416
u1989,i062,5,1713282470
u0650,i085,5,1713282741
u1712,i177,5,1713283051
u1161,i096,5,1713283341
u1557,i529,4,1713283687
u1273,i521,4,1713284247
u1788,i239,5,1713285055
u1704,i310,2,1713286246
u1381,i220,5,1713287488
u1983,i507,5,1713287641
u0996,i286,4,1713288114
u1343,i202,5,1713288420
u0938,i252,5,1713291290
u0620,i431,4,1713291516
u1174,i053,2,1713292847
u1758,i271,4,1713293123
u0604,i470,5,1713293480
u1383,i562,5,1713295739
u1927,i484,5,1713295787
u0942,i243,3,1713296290
u1351,i382,5,1713297438
u0790,i337,5,1713297515
u0441,i211,5,1713297721
u0418,i243,2,1713300330
u1081,i560,5,1713300900
u0546,i170,4,1713301001
u0326,i417,2,1713301269
u1937,i342,4,1713301806
u1738,i329,5,1713302023
u0746,i108,5,1713302067
u1224,i294,4,1713303179
u0739,i357,4,1713303720
u1589,i557,5,1713303944
u0365,i526,1,1713305527
u1482,i357,3,1713306086
u1624,i226,4,1713306196
u0842,i417,5,1713306297
u0958,i150,5,1713307192
u0335,i314,5,1713307295
u0027,i492,4,1713307574
u1800,i498,4,1713307624
u0125,i507,3,1713308238
u0036,i126,4,1713309131
u1234,i018,5,1713309954
u0120,i268,1,1713310237
u1135,i507,1,1713310465
u0143,i339,5,1713310662
u0717,i165,4,1713310980
u1762,i380,4,1713311323
u0768,i455,5,1713311468
u0592,i366,4,1713311559
u1773,i060,5,1713311841
u1726,i374,4,1713312485
u1420,i520,2,1713312636
u0274,i526,4,1713312968
u0027,i011,4,1713313156
u0564,i470,4,1713313846
u0504,i220,2,1713313953
u0974,i243,5,1713313955
u0948,i175,4,1713314177
u0736,i381,5,1713315041
u1646,i134,4,1713315660
u0034,i470,3,1713315826
u0624,i136,5,1713316310
u0003,i571,5,1713317074
u1331,i385,5,1713317176
u1262,i064,4,1713317389
u0149,i227,2,1713317528
u0025,i570,5,1713317701
u0641,i352,5,1713317766
u0886,i473,4,1713318018
u1213,i234,1,1713318884
u0727,i517,4,1713319046
u0017,i433,4,1713319274
u1309,i239,5,1713319317
u0994,i291,1,1713319555
u0612,i291,2,1713319614
u0687,i372,4,1713320327
u1049,i282,4,1713321120
u1186,i340,4,1713321407
u1438,i243,2,1713322113
u1568,i514,5,1713322141
u0385,i566,4,1713322559
u1299,i048,2,1713322768
u0669,i428,3,1713322789
u1195,i102,4,1713323025
u1676,i368,5,1713324111
u1866,i092,4,1713324287
u0031,i111,4,1713324384
u1241,i333,3,1713325766
u0576,i244,4,1713325799
u1347,i182,4,1713326267
u1528,i520,5,1713326854
u0295,i492,3,1713328470
u0391,i113,4,1713328918
u1448,i032,5,1713329520
u0084,i216,5,1713330745
u1361,i268,4,1713330839
u1306,i279,5,1713331037
u0713,i275,4,1713331163
u0799,i093,4,1713331197
u1840,i155,5,1713331309
u1276,i062,4,1713331515
u1176,i268,5,1713331813
u0971,i461,5,1713332293
u1446,i513,4,1713332625
u0214,i377,5,1713332890
u1962,i295,3,1713333216
u1478,i358,4,1713333223
u0707,i583,4,1713333671
u0856,i179,5,1713334112
u1884,i243,1,1713335240
u1051,i467,4,1713335382
u0852,i117,5,1713335383
u1720,i424,5,1713336019
u1724,i393,4,1713337447
u1650,i544,4,1713337575
u0619,i461,4,1713338074
u0034,i512,4,1713338213
u0366,i142,5,1713338410
u0089,i496,4,1713339073
u0725,i084,3,1713339280
u0483,i410,5,1713339809
u0019,i444,5,1713341819
u1445,i493,2,1713341854
u1397,i448,3,1713343161
u0718,i013,4,1713343733
u0498,i268,4,1713343825
u1359,i286,4,1713344015
u0681,i420,4,1713344320
u1671,i334,5,1713344351
u0952,i103,4,1713344383
u0320,i268,5,1713345523
u0147,i568,2,1713345524
u0761,i211,5,1713346432
u0648,i044,2,1713346950
u0930,i060,5,1713347256
u0266,i378,2,1713347944
u0807,i139,5,1713348306
u1261,i013,5,1713348412
u1735,i550,5,1713348685
u1921,i227,4,1713349071
u0639,i211,5,1713349155
u0338,i275,4,1713349456
u0303,i341,5,1713349802
u1715,i293,4,1713350067
u0911,i116,4,1713350195
u1505,i372,4,1713350250
u0480,i526,3,1713350312
u0138,i042,4,1713350315
u1820,i233,5,1713350391
u0716,i445,5,1713350473
u1286,i084,1,1713351494
u0287,i229,5,1713351639
u1311,i332,1,1713351762
u1807,i293,4,1713352526
u1405,i143,4,1713353356
u1509,i023,4,1713353460
u0620,i130,4,1713354558
u1572,i480,4,1713355068
u1520,i291,5,1713355097
u0023,i599,5,1713355876
u0225,i342,5,1713357032
u0873,i243,4,1713358265
u0586,i428,4,1713358815
u1173,i247,4,1713358851
u0588,i417,4,1713360113
u0665,i377,5,1713360299
u1308,i224,5,1713360622
u0078,i055,4,1713362174
u0385,i428,5,1713363118
u0988,i215,5,1713363182
u1832,i556,4,1713364069
u1767,i268,5,1713364298
u0186,i372,3,1713364444
u0615,i386,4,1713364696
u1322,i223,5,1713365936
u0287,i292,4,1713366022
u1162,i254,1,1713366428
u1434,i594,5,1713366871
u0900,i175,4,1713366962
u1907,i425,5,1713367230
u1635,i428,1,1713367594
u0559,i047,4,1713368019
u1895,i333,1,1713368445
u0072,i522,4,1713368933
u1530,i368,5,1713369252
u0008,i428,5,1713369489
u0577,i364,5,1713369721
u1021,i387,4,1713370460
u1699,i011,5,1713370803
u1988,i384,5,1713370950
u0030,i089,5,1713371822
u1834,i357,4,1713372985
u0422,i384,2,1713373032
u1165,i093,5,1713373074
u0817,i551,5,1713373160
u0268,i455,4,1713373249
u0335,i115,3,1713373348
u0976,i041,4,1713373523
u1142,i525,5,1713373563
u1990,i085,4,1713373767
u0082,i395,1,1713374139
u0780,i211,4,1713374377
u1078,i501,4,1713375859
u0319,i504,5,1713376844
u0965,i525,5,1713377395
u1500,i237,5,1713377529
u1757,i510,5,1713378424
u0090,i243,2,1713378681
u0726,i580,4,1713378824
u0311,i211,5,1713379368
u0748,i333,2,1713379576
u0407,i089,5,1713379970
u0129,i026,4,1713380105
u0119,i413,5,1713380502
u0179,i307,5,1713382263
u0237,i060,5,1713382971
u1809,i349,5,1713383320
u0189,i096,5,1713383900
u1209,i029,5,1713384056
u0317,i435,5,1713384893
u1017,i428,5,1713385707
u1524,i314,4,1713385935
u1607,i304,4,1713386058
u0478,i547,4,1713386190
u0309,i300,5,1713386385
u0046,i499,5,1713386449
u0876,i026,4,1713386877
u1506,i333,4,1713386919
u1714,i572,5,1713387326
u0302,i467,4,1713387801
u1512,i261,2,1713388981
u0891,i100,5,1713390082
u0681,i119,5,1713390146
u0285,i140,2,1713390822
u0732,i140,4,1713392598
u0106,i023,5,1713393294
u1145,i151,5,1713394151
u1604,i243,5,1713394360
u1298,i073,4,1713394538
u0570,i355,1,1713395053
u0668,i232,5,1713395624
u0335,i037,4,1713395732
u1689,i291,2,1713396455
u1741,i521,4,1713396794
u0507,i448,4,1713397039
u1987,i267,5,1713397090
u1692,i149,4,1713397349
u0601,i122,2,1713397381
u1752,i550,5,1713397659
u0267,i265,1,1713397884
u0896,i521,5,1713398551
u1619,i361,4,1713399247
u0446,i256,4,1713399506
u1058,i243,5,1713399828
u1459,i599,1,1713400141
u0288,i513,4,1713400902
u1173,i037,4,1713401348
u0453,i241,5,1713402216
u0630,i431,5,1713402523
u1974,i501,4,1713402728
u0339,i507,5,1713404035
u1362,i363,3,1713404408
u1501,i357,4,1713404431
u0500,i574,5,1713404435
u1863,i138,4,1713404581
u1852,i470,1,1713405911
u1779,i357,3,1713405982
u0251,i243,2,1713407009
u0793,i278,2,1713407205
u1160,i268,5,1713407270
u0725,i391,4,1713408536
u1179,i013,4,1713409901
u1661,i536,5,1713410446
u0290,i143,4,1713410519
u1215,i087,4,1713410941
u1134,i514,5,1713411139
u1003,i077,4,1713411492
u0125,i361,3,1713412658
u0038,i357,2,1713412840
u1944,i220,4,1713413398
u0354,i095,4,1713413638
u1989,i452,5,1713413829
u0859,i425,5,1713414120
u1716,i349,4,1713415222
u0626,i428,2,1713415695
u0987,i578,4,1713415829
u0343,i216,5,1713416261
u1360,i298,4,1713416303
u1060,i274,4,1713416865
u0330,i267,4,1713418363
u0888,i377,4,1713418464
u0712,i204,4,1713418588
u1171,i083,3,1713418611
u1407,i227,4,1713420738
u1906,i114,4,1713420842
u0406,i069,4,1713420939
u0602,i026,4,1713421311
u0346,i013,5,1713421416
u0503,i134,4,1713422690
u1547,i116,5,1713423769
u0273,i488,5,1713423809
u1549,i393,1,1713423940
u1190,i256,5,1713424580
u0187,i089,5,1713424804
u0746,i045,4,1713424989
u1918,i436,5,1713425001
u0984,i553,3,1713425215
u0404,i292,5,1713426480
u0774,i155,3,1713426886
u1230,i461,5,1713426971
u0535,i247,5,1713427112
u1096,i314,4,1713427339
u0457,i249,5,1713427681
u0295,i268,4,1713427935
u0720,i266,5,1713428105
u1296,i268,5,1713428480
u0585,i562,4,1713429224
u0140,i406,4,1713429762
u1982,i372,5,1713430436
u1483,i015,3,1713430523
u0637,i333,4,1713430597
u0941,i470,2,1713430890
u1024,i507,5,1713431290
u1605,i291,4,1713431683
u1142,i443,4,1713432246
u0617,i026,4,1713432519
u1408,i436,2,1713432829
u1816,i568,5,1713433830
u0674,i110,4,1713433921
u0634,i084,5,1713434633
u1109,i297,4,1713435248
u0758,i495,5,1713435941
u0001,i237,5,1713436266
u1236,i215,5,1713436654
u0073,i285,5,1713437193
u0326,i014,4,1713437271
u1315,i166,5,1713438979
u1942,i145,4,1713439072
u1340,i574,5,1713439497
u1394,i346,4,1713439937
u1199,i009,5,1713440128
u1112,i158,4,1713440322
u0242,i593,1,1713440479
u0733,i116,4,1713441529
u1787,i466,5,1713442052
u1316,i212,5,1713442541
u0946,i561,4,1713443140
u1125,i322,5,1713443734
u1238,i204,4,1713443740
u1104,i333,3,1713443996
u0598,i346,4,1713444866
u1824,i504,2,1713444954
u1438,i285,5,1713445447
u0691,i104,5,1713445526
u0765,i577,5,1713445584
u1029,i045,5,1713446264
u1698,i173,4,1713448607
u0455,i511,5,1713448757
u1898,i165,5,1713448775
u1498,i282,4,1713449245
u1104,i060,5,1713449821
u1353,i333,1,1713450961
u1093,i159,4,1713451829
u1637,i045,5,1713452203
u0320,i013,5,1713452209
u1690,i445,4,1713453926
u0595,i074,4,1713453957
u1611,i392,4,1713454595
u1679,i381,4,1713454860
u1975,i443,5,1713455009
u0794,i314,5,1713455198
u0593,i130,5,1713455690
u0680,i539,1,1713456041
u0522,i093,5,1713456046
u1294,i140,4,1713456222
u1684,i016,3,1713456713
u0136,i570,5,1713457286
u1879,i334,3,1713457902
u1800,i445,4,1713458238
u1656,i214,5,1713458753
u0208,i332,5,1713459093
u0935,i030,4,1713460062
u0319,i514,5,1713460766
u1774,i333,4,1713460927
u0639,i483,4,1713461288
u1345,i123,2,1713461950
u0109,i350,5,1713463078
u0766,i198,5,1713463768
u0821,i341,5,1713464020
u0686,i106,2,1713464521
u1282,i031,4,1713464759
u1865,i504,5,1713464999
u0204,i333,5,1713465781
u1458,i485,4,1713466749
u1847,i241,4,1713466782
u1233,i313,4,1713466892
u1773,i310,2,1713467049
u1320,i349,4,1713467984
u0845,i574,5,1713468215
u0481,i196,4,1713468216
u0056,i504,2,1713468761
u1508,i351,5,1713468897
u1639,i081,5,1713469028
u1989,i205,4,1713469138
u1831,i009,4,1713469339
u1104,i130,4,1713469735
u0275,i040,4,1713470858
u0614,i314,4,1713471498
u1843,i118,5,1713472316
u0075,i463,3,1713472541
u0584,i364,3,1713473088
u0560,i087,5,1713473340
u0571,i227,5,1713473827
u0348,i055,1,1713473861
u0182,i381,4,1713474311
u1369,i340,5,1713474936
u1388,i110,4,1713475221
u0553,i243,5,1713476507
u1438,i092,5,1713476769
u0735,i592,4,1713477606
u0370,i297,5,1713477797
u0618,i108,1,1713477948
u1551,i570,4,1713477950
u0079,i419,5,1713478365
u0868,i116,2,1713478511
u1643,i292,3,1713478661
u0878,i558,5,1713478924
u0355,i238,5,1713478948
u0056,i282,5,1713479630
u1349,i093,5,1713480470
u1637,i230,5,1713481293
u0753,i377,4,1713481526
u0682,i130,5,1713482226
u0610,i334,4,1713482515
u1669,i078,5,1713482561
u0806,i243,5,1713483010
u1251,i334,4,1713483843
u1639,i519,5,1713484045
u1144,i023,5,1713484414
u0430,i035,4,1713484732
u1435,i300,5,1713485811
u0047,i352,4,1713486060
u1234,i105,5,1713486239
u0374,i357,2,1713486837
u0747,i097,5,1713487704
u0789,i376,4,1713488208
u1264,i506,4,1713488453
u1212,i284,5,1713489126
u0373,i351,4,1713489156
u0189,i215,4,1713489657
u1610,i230,4,1713489926
u1125,i073,4,1713490341
u1198,i230,5,1713490608
u0915,i100,2,1713492222
u0162,i463,4,1713492691
u1329,i042,5,1713493543
u0734,i321,4,1713494944
u1800,i201,3,1713496123
u0239,i060,5,1713496477
u0594,i211,5,1713496686
u1097,i004,5,1713496974
u0460,i261,5,1713497399
u0434,i470,4,1713497515
u0520,i007,4,1713498185
u1960,i356,4,1713498313
u1005,i198,5,1713499316
u1298,i448,4,1713499396
u1784,i517,2,1713500045
u1050,i107,4,1713500228
u1617,i243,4,1713501542
u0019,i541,4,1713502025
u1209,i097,4,1713502108
u1854,i243,4,1713502316
u1462,i097,4,1713502961
u1196,i381,5,1713503448
u1758,i345,2,1713503931
u0225,i493,4,1713504229
u0601,i419,4,1713504403
u0666,i117,2,1713504580
u1908,i550,4,1713504689
u1290,i550,5,1713504733
u1213,i041,5,1713505411
u1680,i113,3,1713505540
u1001,i052,5,1713506454
u0467,i364,5,1713507557
u0647,i029,5,1713507918
u0358,i598,4,1713508382
u0634,i294,5,1713509056
u1657,i364,2,1713509760
u1373,i448,4,1713509960
u1348,i113,5,1713510404
u0441,i015,1,1713510468
u1492,i045,5,1713510553
u1248,i567,1,1713510603
u1996,i333,2,1713511134
u0660,i454,5,1713511218
u0287,i513,4,1713511613
u1125,i274,1,1713513391
u1562,i101,5,1713513553
u1665,i287,4,1713513883
u0923,i164,2,1713514054
u0466,i094,5,1713515339
u1900,i470,4,1713515649
u0711,i402,5,1713515800
u1081,i363,5,1713515856
u0243,i323,5,1713515921
u0417,i028,5,1713516096
u0570,i334,3,1713516161
u0510,i233,4,1713517204
u1526,i341,4,1713517223
u0534,i363,4,1713518411
u0460,i194,3,1713518557
u1067,i261,4,1713519187
u1123,i448,5,1713519485
u0997,i419,2,1713519508
u0617,i415,4,1713519634
u0459,i067,1,1713519937
u1735,i241,2,1713519962
u1907,i274,1,1713520043
u0829,i568,4,1713520213
u1284,i570,4,1713522734
u1952,i273,5,1713523661
u0415,i550,1,1713524609
u0372,i447,4,1713526776
u1831,i211,4,1713527764
u1614,i176,5,1713527809
u1495,i268,3,1713528108
u0542,i056,1,1713528678
u0763,i376,1,1713529111
u1174,i057,5,1713529943
u1623,i419,4,1713530688
u0437,i363,5,1713530934
u0529,i168,5,1713531184
u1371,i305,4,1713531507
u1029,i275,5,1713531581
u0395,i529,5,1713532329
u1303,i521,2,1713532718
u0545,i160,5,1713532895
u1003,i239,4,1713533596
u1120,i594,4,1713535157
u0619,i025,5,1713535934
u1928,i581,4,1713536433
u1143,i540,5,1713536458
u1990,i445,4,1713536669
u0889,i277,5,1713536726
u1480,i448,5,1713537903
u1774,i486,2,1713538449
u0362,i373,3,1713540154
u1706,i372,1,1713540722
u0324,i073,4,1713541036
u1649,i143,5,1713541530
u0928,i449,4,1713541966
u1482,i062,4,1713542166
u1422,i324,5,1713542949
u0416,i363,5,1713543031
u0915,i544,5,1713543524
u1877,i073,4,1713543607
u0941,i463,5,1713545013
u1989,i237,4,1713545268
u0437,i020,5,1713545640
u0625,i229,5,1713546227
u1035,i263,3,1713547154
u1962,i537,4,1713547494
u0035,i150,5,1713547681
u0065,i399,5,1713548186
u1437,i087,5,1713548580
u1069,i168,5,1713548598
u0434,i424,2,1713548930
u1217,i115,4,1713549041
u0401,i450,4,1713549166
u0714,i582,4,1713549425
u1458,i237,5,1713549706
u0159,i300,5,1713550794
u1621,i512,1,1713550893
u1659,i093,4,1713551252
u0307,i522,4,1713551960
u1968,i566,3,1713552916
u0665,i504,5,1713552947
u0794,i029,5,1713553199
u1877,i516,1,1713553359
u1900,i436,5,1713553490
u0851,i291,1,1713553984
u1146,i399,1,1713554147
u0997,i261,4,1713554832
u1783,i252,5,1713554982
u1548,i568,2,1713555978
u0556,i568,3,1713556509
u0165,i048,4,1713556708
u1697,i116,4,1713556850
u0512,i534,1,1713557086
u0516,i177,4,1713558432
u1506,i263,4,1713558839
u1811,i441,5,1713559308
u1019,i109,4,1713559834
u0080,i193,5,1713560189
u1784,i238,4,1713560735
u1003,i340,4,1713560774
u0039,i001,4,1713561226
u1211,i204,4,1713561709
u1185,i507,1,1713561801
u0720,i404,5,1713562726
u0413,i308,4,1713562803
u0549,i504,5,1713562885
u0673,i507,3,1713563019
u1737,i329,5,1713563618
u1056,i434,4,1713563676
u0414,i117,4,1713564438
u0687,i529,5,1713564663
u0686,i372,2,1713565182
u1719,i408,4,1713565365
u1773,i255,4,1713565660
u0583,i363,5,1713565813
u0446,i419,4,1713565890
u0842,i557,5,1713566142
u0339,i363,2,1713566291
u1765,i364,5,1713566330
u0931,i491,4,1713567228
u1063,i211,4,1713567594
u0208,i387,2,1713567827
u0268,i002,4,1713569372
u1562,i461,5,1713569462
u1232,i183,4,1713571031
u1731,i417,2,1713571345
u1861,i580,3,1713572464
u1496,i295,2,1713573995
u1964,i285,5,1713575494
u1461,i162,4,1713575856
u0644,i140,4,1713575924
u0213,i357,2,1713576155
u1032,i106,4,1713576675
u1234,i049,5,1713577086
u0441,i143,4,1713577436
u0152,i057,4,1713577938
u0687,i043,4,1713578114
u1956,i504,5,1713578128
u1374,i168,5,1713579015
u0317,i417,5,1713579205
u1309,i150,5,1713580061
u0811,i285,5,1713580686
u0220,i030,4,1713581112
u0257,i507,4,1713582442
u1792,i215,5,1713582655
u1383,i021,5,1713582669
u1908,i013,1,1713582679
u0985,i108,3,1713583028
u1473,i095,4,1713584087
u1832,i293,5,1713584121
u1081,i280,5,1713584164
u0072,i097,2,1713585375
u1591,i019,4,1713586261
u0555,i519,4,1713586357
u1135,i516,4,1713586408
u0701,i084,4,1713586683
u0567,i361,5,1713587567
u0352,i038,1,1713588138
u1651,i215,4,1713589068
u0268,i194,4,1713589539
u0941,i333,2,1713589692
u0850,i568,1,1713590094
u0896,i451,4,1713591347
u1435,i385,1,1713591524
u1740,i151,5,1713591896
u0584,i425,5,1713591998
u1422,i595,4,1713592012
u1698,i098,4,1713592589
u0093,i193,3,1713592917
u1071,i151,5,1713593171
u1689,i152,4,1713594270
u0309,i551,5,1713594395
u1921,i000,4,1713594445
u0653,i428,4,1713594753
u0463,i237,1,1713595264
u1759,i319,5,1713595616
u1839,i405,4,1713595741
u1100,i480,5,1713596107
u0126,i485,4,1713596634
u1410,i050,4,1713598011
u0325,i286,5,1713599200
u1808,i243,1,1713599456
u0699,i268,3,1713599938
u0624,i315,5,1713599987
u0712,i473,4,1713600068
u1318,i297,4,1713600845
u1983,i571,5,1713601273
u1898,i374,3,1713601369
u1593,i091,5,1713601389
u0124,i516,1,1713602229
u0359,i268,3,1713603150
u0102,i295,5,1713603891
u0374,i136,5,1713604473
u1196,i519,2,1713604520
u1923,i334,4,1713605154
u1568,i425,3,1713605589
u0174,i304,5,1713605844
u1530,i145,5,1713606078
u1308,i467,4,1713606339
u0500,i243,4,1713606589
u1589,i191,4,1713606853
u1629,i192,4,1713607749
u1499,i480,4,1713607923
u1546,i515,5,1713608600
u0034,i526,5,1713609250
u1235,i589,5,1713609437
u0970,i352,4,1713610870
u0431,i113,4,1713612751
u1015,i473,5,1713612906
u1133,i097,5,1713615465
u0766,i360,5,1713616405
u0833,i298,4,1713616508
u1573,i456,3,1713616947
u0229,i340,5,1713617779
u1537,i285,2,1713617828
u1151,i148,5,1713618708
u0695,i255,4,1713619551
u0811,i115,5,1713619614
u0170,i546,5,1713619636
u0571,i155,4,1713620540
u0383,i579,4,1713620907
u1813,i116,3,1713622253
u0620,i313,5,1713622460
u0444,i301,5,1713622531
u0900,i485,4,1713622605
u0468,i275,5,1713622609
u0092,i434,4,1713622961
u0343,i570,4,1713623021
u1649,i461,4,1713623591
u1788,i339,1,1713624007
u1546,i268,2,1713624839
u0592,i568,4,1713625177
u0563,i314,5,1713626212
u1679,i050,4,1713627535
u0426,i139,4,1713627890
u0062,i384,4,1713628851
u1564,i230,5,1713628935
u0406,i530,4,1713629879
u1696,i257,4,1713630092
u0238,i075,4,1713630812
u1128,i134,4,1713631355
u1151,i383,5,1713631400
u0427,i454,5,1713631991
u1885,i026,4,1713632037
u0555,i448,5,1713632102
u0883,i292,4,1713633564
u1206,i528,5,1713634022
u0997,i291,4,1713634296
u1952,i083,5,1713634564
u0429,i174,5,1713634801
u1788,i575,2,1713635050
u0089,i243,5,1713635807
u1257,i377,4,1713636227
u0741,i406,5,1713636718
u1449,i038,4,1713637376
u1114,i221,5,1713637781
u1092,i372,5,1713638421
u0291,i044,2,1713639582
u0610,i446,5,1713640203
u0136,i569,4,1713640230
u1038,i254,1,1713640279
u1674,i298,4,1713640352
u1383,i301,4,1713640467
u1773,i377,4,1713640542
u0130,i169,4,1713641980
u0726,i230,5,1713643430
u0354,i498,4,1713643984
u1385,i474,5,1713644095
u0244,i417,4,1713644132
u1563,i018,4,1713644363
u0322,i273,4,1713644371
u0769,i226,4,1713644895
u0163,i334,5,1713645643
u1556,i503,5,1713647105
u1103,i106,5,1713649039
u0549,i009,4,1713649349
u1778,i447,3,1713649895
u1286,i104,4,1713650395
u0164,i112,4,1713650499
u1835,i268,1,1713650770
u0074,i134,5,1713651470
u0787,i340,4,1713653200
u0892,i122,4,1713653391
u0745,i237,2,1713653456
u1148,i480,4,1713654296
u1705,i315,4,1713655128
u1273,i513,4,1713655920
u0663,i185,5,1713656327
u0781,i505,5,1713656409
u1319,i423,5,1713656638
u1863,i323,4,1713657205
u0301,i311,4,1713658412
u1556,i575,4,1713658736
u0504,i507,5,1713658929
u1467,i568,3,1713659466
u1880,i567,5,1713659642
u1590,i383,4,1713662050
u1290,i314,2,1713662169
u1540,i582,5,1713662245
u0375,i516,4,1713662717
u0569,i524,4,1713663455
u1194,i261,5,1713664558
u0750,i347,4,1713664612
u0459,i373,3,1713665632
u1033,i159,2,1713666314
u0807,i428,4,1713666347
u0626,i580,4,1713666535
u1033,i210,2,1713667044
u1734,i029,4,1713667392
u1976,i120,4,1713667581
u1794,i471,2,1713667684
u0628,i268,2,1713668119
u0725,i362,5,1713668535
u0361,i426,5,1713668775
u1432,i481,5,1713668932
u0041,i341,5,1713671511
u1567,i440,1,1713671996
u0086,i162,5,1713672611
u1320,i352,4,1713672927
u0332,i049,5,1713673977
u1892,i439,4,1713673985
u1481,i072,5,1713674268
u1950,i384,5,1713674317
u1792,i595,3,1713674394
u1816,i415,4,1713674567
u0956,i048,4,1713675345
u1945,i553,4,1713675517
u0074,i231,5,1713675532
u0950,i417,4,1713676995
u1553,i111,5,1713677466
u0019,i219,4,1713677501
u0373,i237,5,1713677569
u1430,i374,4,1713677810
u0483,i072,1,1713677919
u1209,i498,4,1713678014
u1054,i594,5,1713678317
u0479,i273,4,1713678562
u0464,i333,4,1713678906
u0833,i268,1,1713679049
u1063,i421,4,1713679607
u0685,i134,1,1713682315
u1843,i168,5,1713682583
u0708,i498,4,1713682950
u1664,i019,5,1713683466
u1460,i243,2,1713683944
u0157,i455,5,1713684278
u0973,i229,4,1713685686
u0927,i434,3,1713686081
u1976,i185,4,1713686387
u1181,i144,4,1713686606
u0914,i244,5,1713686711
u1183,i070,5,1713687088
u1279,i594,5,1713687260
u0717,i580,4,1713687427
u1974,i322,4,1713687916
u0462,i576,5,1713688639
u1697,i333,5,1713689305
u1282,i219,4,1713689359
u1606,i042,5,1713689549
u0364,i140,4,1713690270
u0007,i030,4,1713690278
u0247,i097,4,1713690821
u0121,i143,4,1713690943
u1146,i533,4,1713690944
u0057,i062,4,1713690963
u1735,i073,4,1713690974
u1195,i243,5,1713691461
u0001,i062,5,1713692073
u0723,i045,4,1713692311
u0760,i333,5,1713692991
u0879,i389,5,1713693078
u0472,i599,5,1713693120
u1724,i425,4,1713693993
u0877,i148,5,1713694243
u1457,i092,4,1713694516
u0515,i336,5,1713695340
u0836,i306,4,1713695829
u1063,i383,1,1713695890
u0030,i211,2,1713696249
u1995,i290,4,1713697287
u0912,i267,5,1713697571
u1098,i529,5,1713697718
u0203,i371,5,1713698242
u1846,i026,4,1713698552
u1556,i048,1,1713699061
u1530,i510,4,1713699498
u1616,i362,4,1713699885
u1327,i377,4,1713700012
u1275,i117,5,1713700089
u1366,i223,4,1713700323
u1291,i112,5,1713700692
u1962,i334,2,1713702205
u1009,i483,4,1713702320
u1412,i485,4,1713702408
u1503,i447,3,1713702675
u0607,i490,3,1713702716
u0446,i105,5,1713702774
u1655,i349,5,1713702936
u0338,i207,4,1713703890
u0419,i002,2,1713705276
u1867,i261,5,1713705291
u1285,i246,5,1713705565
u1757,i597,4,1713706219
u0872,i501,4,1713706362
u1432,i452,4,1713707042
u1838,i117,4,1713707643
u0271,i572,5,1713709311
u0082,i416,5,1713709422
u1637,i220,5,1713709483
u1152,i598,5,1713711237
u1271,i133,4,1713712574
u0637,i037,5,1713712865
u1262,i456,4,1713713468
u1314,i586,4,1713713651
u1280,i243,2,1713714475
u1585,i568,1,1713714984
u0593,i268,2,1713715124
u0212,i540,4,1713715548
u0093,i578,5,1713715822
u1910,i243,2,1713715889
u0092,i334,4,1713715910
u0949,i182,5,1713716161
u0874,i278,5,1713717503
u0872,i370,5,1713717672
u0991,i040,4,1713718354
u1468,i042,5,1713719083
u1233,i460,4,1713719454
u1481,i057,5,1713719510
u0610,i341,5,1713720368
u0613,i296,4,1713721146
u0352,i162,4,1713721485
u0109,i304,4,1713721962
u1158,i074,5,1713723170
u0730,i480,4,1713723610
u0763,i194,3,1713724608
u1003,i429,4,1713724726
u1269,i075,4,1713725046
u0133,i266,5,1713725441
u1318,i243,2,1713725529
u1643,i227,4,1713725588
u1600,i525,3,1713725777
u0681,i375,1,1713726122
u1497,i558,5,1713726505
u0473,i376,2,1713726598
u0270,i480,4,1713726615
u0234,i411,5,1713727406
u0036,i356,4,1713728377
u1332,i181,4,1713729563
u0892,i511,4,1713729623
u0551,i568,2,1713729984
u0531,i568,5,1713730342
u0914,i061,4,1713730482
u1495,i285,5,1713730623
u0335,i498,4,1713730646
u0329,i482,5,1713731062
u0669,i402,4,1713731694
u1038,i351,3,1713732318
u0984,i062,5,1713733264
u0337,i194,4,1713733754
u0626,i230,4,1713734710
u1800,i574,2,1713734832
u1839,i314,5,1713735233
u1676,i100,1,1713735961
u0049,i009,4,1713736746
u0501,i040,5,1713737301
u1503,i099,5,1713737500
u1206,i143,2,1713737801
u1926,i292,4,1713738114
u0543,i333,5,1713739504
u1813,i568,2,1713739510
u0669,i331,5,1713739628
u1758,i566,3,1713740167
u1777,i510,5,1713740192
u1395,i456,5,1713740561
u0113,i182,4,1713740619
u1109,i119,4,1713741226
u1880,i322,2,1713741364
u0907,i348,5,1713741953
u1137,i092,5,1713742641
u1157,i591,2,1713742888
u1960,i176,4,1713744508
u1209,i461,2,1713746347
u0080,i577,2,1713747349
u0296,i595,5,1713747818
u0866,i443,4,1713748352
u1535,i140,4,1713749277
u1472,i547,5,1713750252
u1735,i464,4,1713752049
u0252,i549,4,1713752105
u1552,i473,5,1713752425
u1938,i417,1,1713753035
u0348,i256,5,1713753338
u1322,i361,5,1713754104
u0406,i574,5,1713755324
u0958,i243,2,1713755335
u0086,i417,5,1713755556
u1120,i585,5,1713755590
u1169,i500,5,1713755667
u1313,i085,5,1713755923
u1313,i220,5,1713756083
u1411,i377,2,1713757014
u1467,i592,5,1713759561
u1161,i243,5,1713759895
u1907,i292,5,1713760372
u1481,i204,5,1713760910
u0171,i134,1,1713761000
u1998,i097,5,1713761248
u0588,i465,4,1713761377
u1211,i243,4,1713761453
u0978,i274,5,1713762000
u1454,i560,3,1713762321
u0931,i048,4,1713762558
u0950,i015,5,1713762844
u0998,i504,5,1713763258
u0346,i544,5,1713763629
u0760,i116,4,1713764084
u0263,i388,5,1713766423
u1408,i405,5,1713767102
u0154,i447,4,1713767223
u0182,i261,2,1713767416
u1602,i243,2,1713767885
u0084,i044,5,1713768219
u0659,i284,5,1713769120
u0388,i104,4,1713769322
u1151,i503,4,1713769809
u0819,i494,4,1713770560
u0541,i398,4,1713770634
u1109,i097,4,1713771793
u1954,i372,2,1713772495
u1679,i342,4,1713772676
u1298,i377,5,1713773119
u1758,i019,5,1713773442
u1485,i117,5,1713774218
u0174,i595,1,1713774662
u0417,i144,4,1713774726
u1664,i414,5,1713775038
u1477,i413,5,1713775604
u0998,i470,4,1713776144
u0086,i117,2,1713776448
u0198,i434,2,1713776694
u1498,i333,5,1713776998
u1177,i243,3,1713777361
u0836,i377,4,1713777374
u0886,i036,4,1713778104
u0605,i122,4,1713778118
u1580,i055,5,1713778319
u1382,i073,4,1713780348
u1256,i454,4,1713780434
u1001,i291,4,1713780486
u0361,i550,5,1713780873
u0446,i375,5,1713781082
u0647,i387,4,1713783691
u1332,i140,5,1713784294
u1459,i268,5,1713785186
u1534,i160,5,1713785239
u1777,i087,5,1713785527
u0143,i261,5,1713786113
u1636,i384,1,1713786254
u0763,i079,5,1713787327
u0020,i408,5,1713787403
u0403,i324,3,1713787900
u0858,i584,5,1713788595
u0810,i361,4,1713789075
u0987,i089,5,1713789243
u0786,i363,4,1713789270
u0623,i593,5,1713789712
u1097,i230,4,1713790274
u1576,i313,4,1713790284
u0764,i377,3,1713791251
u0279,i134,1,1713791364
u0555,i031,2,1713791526
u1241,i233,4,1713791603
u1229,i536,5,1713792191
u1234,i241,5,1713792314
u1437,i526,2,1713792369
u0197,i372,4,1713793048
u0027,i243,2,1713793908
u1687,i511,5,1713794120
u0252,i579,3,1713794301
u0605,i107,5,1713794594
u0596,i189,4,1713794926
u0353,i444,5,1713795142
u1910,i519,5,1713795720
u0739,i564,5,1713795990
u0748,i008,1,1713797017
u1671,i205,4,1713797195
u1420,i526,2,1713797371
u0954,i243,3,1713797931
u0286,i510,3,1713798299
u1124,i283,5,1713798565
u1741,i352,4,1713798945
u0696,i174,1,1713799016
u0647,i097,4,1713799178
u0103,i150,5,1713799413
u1553,i139,4,1713799907
u1469,i288,5,1713800703
u0619,i038,4,1713802102
u0898,i570,2,1713802133
u1807,i584,5,1713802316
u0468,i030,4,1713803394
u0854,i122,5,1713803402
u1227,i113,4,1713803511
u1395,i361,5,1713803579
u1042,i252,3,1713804909
u0297,i243,1,1713805424
u1279,i099,5,1713805682
u1059,i065,5,1713805943
u1937,i384,5,1713805985
u1824,i334,5,1713806173
u1177,i256,5,1713806337
u0131,i134,3,1713806379
u0217,i084,4,1713806584
u0319,i189,4,1713807258
u1269,i109,3,1713807604
u1755,i513,5,1713809357
u1809,i090,5,1713810019
u0731,i240,5,1713810038
u1870,i173,2,1713810766
u0876,i593,5,1713811546
u0033,i217,4,1713811862
u1735,i113,3,1713812270
u1942,i363,4,1713812384
u0727,i103,4,1713812794
u1221,i561,5,1713813163
u0370,i173,4,1713813833
u0423,i214,3,1713814137
u1014,i360,1,1713814623
u0812,i054,4,1713814838
u0528,i166,4,1713815118
u1071,i150,5,1713815289
u1503,i381,3,1713815332
u0057,i118,5,1713815531
u1282,i547,1,1713815546
u0409,i390,4,1713815935
u0794,i116,5,1713816421
u0251,i285,5,1713817195
u0281,i114,5,1713817444
u1744,i108,4,1713817576
u0820,i054,5,1713818051
u0440,i335,3,1713818244
u0619,i377,5,1713818579
u1669,i561,5,1713819651
u1515,i119,5,1713819716
u1046,i213,4,1713820061
u1807,i352,4,1713820321
u0423,i400,4,1713820757
u0717,i184,4,1713821516
u1681,i205,5,1713822274
u1930,i093,5,1713822780
u1712,i118,5,1713823174
u1285,i227,5,1713823804
u0272,i599,5,1713824497
u0026,i117,5,1713825181
u0483,i511,5,1713825613
u1715,i373,4,1713826439
u0900,i419,1,1713826609
u0155,i498,5,1713826618
u1644,i168,4,1713826840
u0213,i268,2,1713826949
u0140,i013,3,1713826979
u0422,i355,5,1713827065
u0202,i231,4,1713827583
u0814,i268,1,1713827945
u1680,i220,4,1713828174
u1182,i550,4,1713828332
u0391,i358,5,1713829001
u0686,i023,5,1713830762
u0115,i472,5,1713831143
u0517,i450,3,1713831425
u0294,i243,1,1713831792
u1817,i113,4,1713832302
u0997,i349,2,1713833157
u0183,i217,4,1713833648
u0971,i568,2,1713833914
u1672,i128,4,1713834199
u0730,i117,4,1713834579
u0585,i537,4,1713835229
u0807,i127,4,1713835251
u1774,i489,3,1713835338
u1842,i055,4,1713835529
u0639,i572,4,1713836712
u1619,i291,5,1713837253
u1715,i115,3,1713837509
u1793,i541,4,1713838564
u0610,i237,5,1713838853
u0311,i470,5,1713840619
u0451,i326,1,1713840672
u1066,i243,2,1713840976
u0021,i140,1,1713841348
u1255,i094,4,1713841910
u0267,i363,5,1713843170
u1138,i472,1,1713843545
u0182,i508,4,1713843717
u0728,i155,5,1713844168
u0379,i556,4,1713844444
u1672,i219,4,1713844484
u1563,i104,5,1713844524
u1622,i004,5,1713845051
u1723,i268,5,1713845059
u0338,i217,3,1713845080
u1003,i595,4,1713845080
u1788,i548,5,1713845115
u1776,i292,1,1713845969
u1079,i117,5,1713846510
u0685,i088,5,1713847424
u0976,i571,4,1713847589
u1369,i459,4,1713847701
u1638,i023,4,1713847792
u0454,i529,2,1713848460
u0299,i091,5,1713848760
u0657,i405,4,1713849454
u1891,i055,4,1713850981
u0353,i219,5,1713851488
u1178,i495,4,1713851658
u1746,i412,4,1713851818
u1347,i261,5,1713853292
u1609,i282,1,1713853419
u1045,i590,5,1713854749
u0254,i409,5,1713855827
u0724,i334,5,1713855827
u0251,i150,3,1713855929
u0030,i281,5,1713856457
u0075,i219,5,1713857015
u1900,i261,1,1713858515
u1249,i201,4,1713858852
u0379,i013,4,1713859058
u0767,i597,4,1713859185
u0770,i526,4,1713859244
u0701,i317,5,1713859746
u0209,i599,3,1713859789
u1243,i265,5,1713859811
u0981,i550,4,1713860063
u0084,i023,2,1713861471
u0111,i549,4,1713861587
u1506,i526,4,1713861965
u1948,i118,4,1713862186
u1372,i097,5,1713862430
u1515,i409,4,1713862795
u0961,i443,1,1713862881
u0532,i210,5,1713863720
u1447,i291,5,1713863821
u0204,i220,5,1713864807
u0704,i134,5,1713864978
u0449,i205,4,1713865999
u0973,i425,5,1713866253
u0053,i136,5,1713866261
u1824,i540,4,1713867174
u0047,i013,4,1713867201
u1670,i570,3,1713867763
u1510,i454,4,1713867913
u0678,i541,5,1713867953
u1435,i243,4,1713868180
u0616,i438,5,1713868189
u1795,i529,5,1713869832
u1247,i523,5,1713870739
u0571,i254,4,1713871419
u1555,i409,4,1713872444
u0291,i320,4,1713873871
u0024,i038,4,1713874598
u0618,i556,5,1713874929
u1114,i510,5,1713875057
u0198,i445,3,1713875313
u1378,i568,2,1713875960
u0093,i488,2,1713876250
u0737,i516,5,1713876365
u0503,i398,5,1713876804
u0499,i579,4,1713876934
u0158,i219,5,1713877339
u0636,i267,5,1713877562
u0952,i243,2,1713877608
u0649,i089,1,1713879236
u0749,i428,5,1713879270
u1041,i507,5,1713879572
u1656,i377,4,1713879867
u0116,i170,5,1713880308
u1495,i599,4,1713880423
u0804,i595,1,1713880761
u1860,i126,4,1713881433
u1077,i004,3,1713881851
u0223,i068,5,1713882390
u0194,i287,4,1713882875
u0754,i256,5,1713882980
u1332,i556,5,1713883188
u0182,i529,5,1713884053
u0252,i014,4,1713884091
u0041,i334,4,1713884436
u0473,i137,5,1713885101
u0370,i275,5,1713885143
u0036,i579,5,1713886234
u0817,i564,5,1713886483
u1021,i291,2,1713886509
u1567,i080,3,1713886550
u0403,i265,3,1713886667
u1082,i113,4,1713887307
u1211,i403,5,1713887579
u1691,i507,2,1713889042
u1905,i079,4,1713889077
u1524,i526,5,1713889428
u1315,i419,5,1713890141
u0791,i103,4,1713890360
u0802,i591,4,1713891613
u1051,i083,4,1713891803
u1349,i372,2,1713891969
u0093,i204,5,1713893032
u1155,i436,1,1713893054
u1302,i337,4,1713893485
u0888,i204,2,1713894093
u0056,i163,2,1713894279
u1120,i363,5,1713895043
u0293,i245,4,1713895401
u1427,i425,5,1713895647
u1412,i549,4,1713895654
u1637,i199,3,1713896610
u1815,i584,4,1713896986
u1771,i178,4,1713898006
u0343,i221,5,1713898463
u0622,i252,4,1713899216
u0977,i217,5,1713900650
u1436,i007,5,1713901541
u0190,i485,5,1713902509
u0938,i588,4,1713902547
u0736,i254,3,1713902598
u0257,i342,4,1713902632
u1135,i054,4,1713904620
u0325,i340,2,1713904829
u0397,i310,4,1713906176
u1610,i526,5,1713906680
u1126,i570,4,1713906801
u0746,i444,4,1713906815
u0265,i480,4,1713907752
u1438,i136,4,1713908356
u1592,i431,4,1713909136
u0935,i215,3,1713909885
u0940,i424,5,1713911422
u0230,i097,4,1713912038
u1186,i042,5,1713912218
u0090,i261,5,1713912319
u0706,i555,5,1713912577
u1361,i361,1,1713912963
u1797,i345,5,1713914133
u1750,i333,4,1713914268
u0960,i115,4,1713914458
u0003,i274,5,1713914952
u1395,i273,4,1713914997
u0271,i550,4,1713915128
u0812,i015,4,1713916014
u0914,i334,4,1713916702
u0125,i092,5,1713916859
u1152,i108,5,1713917256
u0017,i221,5,1713918447
u0702,i099,4,1713918565
u1554,i280,5,1713918576
u1806,i335,4,1713918796
u1262,i279,4,1713918893
u1872,i448,5,1713918931
u1341,i420,5,1713919134
u0596,i158,5,1713919518
u0640,i227,1,1713919810
u1008,i437,2,1713920086
u0781,i266,4,1713920218
u0954,i507,5,1713920430
u1517,i507,2,1713920606
u1086,i441,5,1713920876
u0947,i413,4,1713921733
u1003,i333,2,1713922141
u0912,i426,5,1713922612
u0042,i580,5,1713923247
u0016,i143,4,1713923606
u1077,i042,4,1713923697
u1450,i315,5,1713923768
u0555,i073,5,1713923794
u0169,i514,4,1713924364
u0556,i187,5,1713925385
u1374,i048,5,1713926771
u1171,i265,4,1713927336
u1021,i172,5,1713927794
u1042,i028,5,1713928499
u1694,i037,5,1713929526
u1403,i377,4,1713929781
u0523,i357,4,1713929833
u0557,i365,4,1713930195
u1125,i363,1,1713931255
u0757,i292,5,1713931467
u0013,i345,4,1713932467
u0402,i550,3,1713932805
u0132,i293,5,1713933554
u1903,i034,5,1713933658
u0304,i382,5,1713934254
u1857,i292,4,1713934494
u0438,i528,5,1713934663
u0356,i096,4,1713934727
u0253,i205,5,1713935059
u1072,i461,5,1713935361
u0423,i362,5,1713935564
u1287,i136,5,1713935941
u1922,i107,3,1713936593
u1422,i087,4,1713936837
u0965,i108,2,1713937248
u1807,i566,2,1713937408
u1844,i404,4,1713938040
u0913,i255,2,1713938684
u0754,i319,5,1713939335
u1713,i504,1,1713939357
u1984,i498,5,1713939704
u0273,i097,5,1713940169
u0133,i361,1,1713940173
u1774,i298,5,1713940298
u1531,i231,5,1713940346
u1944,i507,1,1713940910
u0268,i069,5,1713941100
u1105,i255,5,1713941487
u1845,i372,2,1713941503
u0260,i461,5,1713941955
u1175,i421,4,1713941975
u1654,i216,4,1713942381
u0732,i078,3,1713942908
u1613,i357,2,1713943174
u1737,i261,2,1713944671
u0545,i362,2,1713944791
u0432,i022,5,1713944883
u1161,i215,4,1713945045
u1566,i298,5,1713945363
u1273,i541,3,1713946101
u0853,i223,5,1713946221
u0501,i377,1,1713946645
u0861,i545,4,1713947389
u0397,i083,5,1713947417
u1844,i334,1,1713947496
u0378,i448,5,1713948436
u0522,i352,5,1713949835
u1915,i119,5,1713949908
u0266,i230,5,1713951966
u0591,i451,4,1713952049
u1570,i220,3,1713952295
u1989,i122,4,1713952402
u1564,i591,2,1713952724
u1022,i060,5,1713953485
u0757,i119,1,1713953621
u0961,i575,5,1713953641
u0119,i243,2,1713954426
u0508,i055,3,1713955054
u0142,i572,4,1713955125
u1216,i550,2,1713955458
u0357,i357,4,1713955485
u1855,i097,3,1713956334
u1623,i013,4,1713956615
u0552,i082,5,1713956653
u0744,i432,4,1713956729
u0701,i566,4,1713956904
u0003,i317,5,1713957109
u1216,i340,4,1713957151
u1665,i365,4,1713958085
u1387,i377,5,1713958567
u1831,i265,5,1713958812
u0659,i542,4,1713958839
u1317,i002,1,1713958995
u0958,i457,4,1713960252
u0660,i584,4,1713960266
u0716,i526,4,1713960285
u1680,i567,5,1713960669
u1534,i332,1,1713960721
u1597,i461,5,1713961022
u1881,i571,1,1713961029
u0058,i243,4,1713962724
u0593,i563,4,1713963257
u0846,i383,5,1713963799
u1711,i042,1,1713963820
u1042,i414,4,1713963981
u1489,i093,3,1713964006
u0501,i136,5,1713964309
u1130,i464,4,1713964884
u1808,i109,5,1713965327
u1959,i162,4,1713965357
u1583,i092,5,1713965799
u0441,i431,5,1713966505
u0699,i485,4,1713966528
u1877,i470,5,1713967769
u1972,i106,4,1713967803
u0485,i357,5,1713968105
u1932,i596,5,1713969080
u0971,i143,5,1713969096
u1411,i036,5,1713969491
u0940,i406,5,1713970288
u1753,i443,4,1713971668
u0352,i242,4,1713971867
u0935,i526,4,1713971905
u1542,i283,5,1713972038
u0819,i342,5,1713972289
u0480,i521,2,1713972524
u1674,i404,3,1713973346
u0576,i118,5,1713973626
u1363,i314,2,1713973725
u0032,i374,2,1713974713
u0150,i539,4,1713974975
u1211,i530,4,1713976219
u1927,i003,4,1713976280
u1588,i113,5,1713977672
u1567,i402,4,1713978441
u1778,i516,4,1713979290
u0623,i205,2,1713979374
u1777,i239,5,1713979468
u0428,i134,5,1713980031
u0232,i599,5,1713981763
u0855,i562,2,1713982470
u1183,i366,4,1713982611
u0716,i417,3,1713982978
u0131,i507,4,1713983680
u1593,i243,5,1713984704
u0216,i288,1,1713984718
u1495,i485,5,1713985211
u0839,i419,2,1713985612
u1133,i529,1,1713985903
u1484,i023,5,1713986035
u1900,i023,4,1713986067
u0180,i013,5,1713987178
u0138,i542,4,1713987762
u0835,i314,5,1713987898
u0388,i352,4,1713988004
u1570,i075,5,1713988012
u0374,i048,5,1713989948
u0950,i324,4,1713990149
u1768,i541,5,1713990839
u0219,i467,5,1713991214
u1725,i357,4,1713991279
u0395,i381,5,1713991730
u1454,i273,5,1713991736
u1446,i013,5,1713991832
u0350,i550,5,1713991975
u1811,i261,5,1713992612
u0317,i099,4,1713994690
u0399,i178,5,1713995461
u0719,i077,4,1713995975
u1499,i055,5,1713996147
u0831,i542,4,1713996594
u1097,i030,5,1713996772
u1540,i026,4,1713998030
u0994,i587,4,1713999499
u1913,i132,5,1713999642
u1277,i268,4,1713999738
u1844,i568,2,1713999920
u0251,i485,4,1714000683
u0791,i124,5,1714000760
u1707,i463,5,1714001752
u0820,i239,4,1714001980
u1340,i343,5,1714002757
u0396,i286,5,1714003171
u0869,i293,5,1714003308
u1679,i241,2,1714003433
u0233,i404,5,1714003457
u1955,i048,4,1714003526
u0520,i041,4,1714003871
u0971,i399,2,1714003998
u1221,i560,1,1714004129
u0169,i550,4,1714004527
u1899,i540,4,1714004654
u0907,i089,4,1714006340
u0716,i230,4,1714006905
u1655,i018,5,1714007084
u0562,i558,5,1714007195
u1015,i526,2,1714007274
u0846,i477,4,1714007305
u1388,i384,4,1714008094
u1199,i431,4,1714008953
u1962,i562,4,1714009614
u1492,i051,5,1714009615
u1926,i565,4,1714010062
u1475,i175,3,1714010280
u1544,i428,4,1714011850
u1414,i364,4,1714012189
u0171,i118,4,1714013256
u0705,i461,5,1714013442
u0058,i474,5,1714013888
u0164,i511,4,1714013920
u0993,i283,4,1714013982
u1767,i568,1,1714014665
u0915,i425,4,1714015474
u1050,i351,4,1714015600
u1313,i405,5,1714016283
u0290,i573,5,1714016313
u1478,i015,4,1714016691
u1649,i377,4,1714016863
u0612,i268,5,1714017012
u0686,i259,4,1714017587
u1574,i492,4,1714018632
u0862,i081,4,1714018677
u0041,i452,5,1714019487
u1879,i358,4,1714019523
u1684,i522,2,1714019573
u0891,i577,5,1714019716
u1515,i188,3,1714019994
u0548,i378,5,1714020456
u1466,i333,2,1714020779
u1568,i143,5,1714021159
u1384,i333,2,1714021866
u0054,i004,5,1714022544
u0517,i444,4,1714022868
u1104,i509,5,1714023128
u1079,i003,5,1714023335
u0846,i121,5,1714023696
u0468,i314,5,1714023951
u0767,i243,3,1714024080
u1574,i162,4,1714024195
u0878,i128,5,1714025578
u0203,i425,4,1714025584
u0266,i116,4,1714025660
u0343,i113,5,1714025806
u1767,i104,4,1714026184
u1303,i061,4,1714027073
u1409,i023,4,1714027875
u1763,i243,2,1714028020
u0087,i522,5,1714029638
u0541,i492,4,1714030100
u1588,i441,2,1714030830
u1064,i237,4,1714031189
u1161,i574,4,1714031572
u0957,i238,2,1714031583
u1878,i168,3,1714031824
u1190,i428,2,1714032148
u0155,i298,5,1714032254
u0969,i357,4,1714033669
u0285,i533,5,1714035471
u0483,i315,5,1714037057
u0363,i385,5,1714038083
u0280,i243,5,1714038223
u0180,i268,4,1714039837
u1813,i461,4,1714040409
u0162,i335,4,1714040675
u0404,i206,5,1714040840
u1876,i273,3,1714041095
u0098,i361,2,1714041110
u0267,i113,5,1714041657
u0319,i214,5,1714041806
u1275,i291,5,1714042666
u0859,i419,5,1714042962
u1308,i593,4,1714043335
u0653,i479,2,1714043417
u1394,i199,4,1714043887
u0692,i180,4,1714044288
u1283,i549,5,1714044856
u0546,i246,4,1714045281
u0620,i377,5,1714045703
u1019,i038,4,1714046134
u0343,i286,1,1714046851
u0679,i483,5,1714047312
u0724,i414,5,1714047481
u1586,i227,1,1714047602
u0033,i023,5,1714048430
u1600,i013,4,1714048998
u0375,i492,4,1714049084
u1515,i004,4,1714049161
u1959,i268,3,1714049413
u0753,i274,3,1714049613
u1711,i254,4,1714050188
u1312,i467,5,1714050340
u1730,i406,4,1714052727
u0061,i470,4,1714053415
u0117,i118,4,1714054609
u0657,i387,4,1714055650
u0218,i117,4,1714055814
u0999,i221,5,1714056112
u0388,i046,5,1714056504
u0935,i116,4,1714056745
u1023,i361,4,1714058080
u0292,i245,5,1714058717
u1276,i152,5,1714058867
u0372,i495,4,1714059248
u1345,i292,4,1714059859
u1452,i301,5,1714059899
u1324,i461,4,1714060271
u1600,i333,2,1714060281
u1178,i357,4,1714060554
u0993,i243,2,1714063534
u1488,i008,5,1714066127
u0715,i458,4,1714066460
u1672,i498,4,1714066544
u0518,i334,1,1714067164
u0775,i106,1,1714067319
u1772,i541,5,1714068096
u0641,i393,4,1714068387
u0459,i171,4,1714068499
u1538,i077,4,1714070324
u0009,i094,5,1714070500
u1019,i143,4,1714070585
u0751,i243,1,1714072160
u0766,i261,5,1714072800
u1684,i258,5,1714073169
u0804,i555,5,1714073859
u1414,i448,2,1714074251
u1474,i194,5,1714074699
u0377,i038,3,1714075250
u0681,i396,4,1714075394
u1098,i568,1,1714075681
u1636,i334,3,1714075700
u1080,i011,5,1714075724
u0864,i546,4,1714075962
u1529,i268,3,1714076838
u1808,i514,4,1714077212
u0192,i570,5,1714077713
u0881,i363,4,1714078646
u1905,i372,4,1714081028
u0711,i129,4,1714082327
u0370,i282,4,1714082639
u1642,i393,4,1714082664
u0754,i146,4,1714083628
u0147,i113,4,1714084808
u0143,i382,4,1714085353
u0162,i143,1,1714086313
u1933,i102,5,1714086646
u0869,i093,4,1714086834
u0797,i513,5,1714087006
u1383,i255,4,1714087792
u0413,i404,4,1714087822
u1854,i447,5,1714087972
u0298,i329,5,1714088804
u0208,i364,2,1714089760
u0358,i498,5,1714089851
u0520,i520,5,1714090587
u0413,i372,5,1714091104
u0307,i113,1,1714092201
u0672,i526,2,1714092204
u0014,i241,5,1714094075
u0897,i018,5,1714094463
u1092,i529,4,1714095362
u1123,i214,4,1714095670
u0746,i428,1,1714096778
u1870,i227,5,1714097314
u0317,i401,4,1714097922
u1834,i234,4,1714098295
u1907,i357,3,1714099028
u1364,i178,5,1714099580
u0942,i226,4,1714101642
u0223,i348,2,1714101806
u0987,i363,3,1714102028
u0904,i555,5,1714102366
u0702,i233,4,1714103005
u0902,i378,3,1714103425
u0475,i472,4,1714104594
u1779,i026,4,1714104626
u0765,i458,4,1714104713
u1077,i595,4,1714104884
u1040,i371,2,1714105218
u0706,i447,4,1714105234
u0084,i457,5,1714105256
u1934,i343,5,1714106111
u0904,i447,5,1714106978
u0137,i397,4,1714107223
u1234,i229,4,1714107736
u0346,i349,4,1714108956
u0214,i452,2,1714109944
u0726,i031,5,1714110175
u0712,i042,1,1714110251
u1409,i426,5,1714110606
u0908,i012,4,1714111326
u1927,i299,5,1714111628
u0243,i224,5,1714111825
u0251,i295,4,1714111993
u1738,i116,5,1714112195
u0968,i321,4,1714112222
u0448,i116,2,1714112572
u1892,i597,4,1714113281
u0738,i442,4,1714113491
u1617,i357,4,1714113769
u0725,i204,5,1714114323
u0680,i489,4,1714114342
u0562,i108,5,1714114589
u0798,i425,5,1714115697
u0095,i257,4,1714116390
u0321,i229,5,1714117631
u1167,i529,4,1714118163
u1289,i591,2,1714118184
u0633,i478,5,1714118607
u1443,i243,1,1714120972
u0211,i467,2,1714121355
u1159,i363,5,1714124001
u0113,i364,3,1714124569
u1539,i264,4,1714124835
u1844,i384,4,1714125039
u0801,i237,5,1714125161
u1411,i204,5,1714125381
u1431,i539,4,1714126280
u0658,i428,3,1714127646
u1217,i237,5,1714128877
u0401,i433,5,1714129101
u1883,i529,5,1714129144
u1273,i104,4,1714129209
u0746,i097,4,1714130461
u0803,i260,4,1714131647
u1687,i092,4,1714132161
u1289,i268,3,1714132205
u0269,i305,4,1714132318
u1499,i243,3,1714133015
u1012,i369,1,1714134018
u0018,i243,4,1714134137
u0839,i366,4,1714134258
u0849,i189,5,1714134354
u0272,i268,1,1714135142
u1335,i419,4,1714135273
u0056,i333,4,1714135388
u0589,i381,4,1714135439
u1779,i533,5,1714136056
u0015,i429,3,1714136246
u1474,i354,4,1714136468
u1735,i362,1,1714136480
u1773,i395,5,1714136671
u0227,i042,5,1714136695
u0681,i283,4,1714136983
u0517,i333,4,1714137589
u0680,i544,5,1714138804
u0478,i227,4,1714139363
u0815,i291,5,1714139632
u0407,i597,3,1714139655
u1832,i212,4,1714140951
u1394,i352,5,1714140962
u0203,i268,4,1714141185
u0183,i500,5,1714141444
u1519,i069,3,1714141468
u1859,i304,5,1714143188
u1411,i243,5,1714143477
u0343,i457,5,1714143770
u1215,i044,5,1714143884
u1581,i265,4,1714144825
u0675,i270,3,1714145279
u0717,i051,4,1714146106
u0915,i166,5,1714146628
u1441,i157,2,1714147204
u1116,i353,5,1714147435
u0112,i363,3,1714147959
u0635,i542,4,1714148560
u0096,i021,4,1714149590
u1241,i433,5,1714150013
u1679,i519,2,1714150370
u0285,i480,4,1714150504
u0073,i058,4,1714150569
u0640,i337,2,1714152073
u0193,i159,4,1714152121
u1320,i556,5,1714152131
u0588,i595,5,1714152555
u0313,i311,4,1714152711
u1936,i445,4,1714153023
u0662,i333,5,1714153553
u1539,i009,1,1714153821
u1698,i526,5,1714154208
u1628,i035,5,1714154221
u0497,i255,5,1714154320
u1566,i498,4,1714155771
u1096,i034,3,1714155920
u1540,i291,5,1714156151
u1850,i254,5,1714156744
u0023,i414,4,1714156788
u1573,i190,4,1714158472
u1013,i319,5,1714158503
u1310,i422,1,1714158612
u1573,i226,4,1714158641
u0102,i529,1,1714158933
u1401,i090,5,1714159626
u1888,i349,5,1714159971
u1567,i540,4,1714160096
u0494,i384,3,1714161431
u1670,i265,5,1714161662
u1853,i271,5,1714161967
u0816,i227,5,1714162167
u0719,i569,4,1714162436
u1956,i130,5,1714162850
u1248,i566,4,1714162852
u1949,i493,4,1714162853
u0935,i598,5,1714164327
u0007,i187,4,1714164622
u0549,i073,5,1714165162
u0326,i129,4,1714165689
u0738,i122,5,1714166407
u0461,i507,2,1714167198
u0593,i265,5,1714168112
u1337,i521,5,1714168524
u1983,i007,4,1714168614
u0721,i416,5,1714168940
u1764,i480,4,1714169128
u1408,i333,5,1714169858
u0219,i360,4,1714169962
u1665,i417,2,1714170270
u0397,i299,5,1714171131
u0070,i334,5,1714171264
u0784,i073,1,1714171371
u1995,i453,4,1714171484
u1003,i087,5,1714171941
u0364,i334,3,1714172052
u1871,i276,5,1714172251
u1016,i048,1,1714172358
u0117,i334,5,1714172974
u0343,i560,4,1714173202
u1546,i516,4,1714173362
u0699,i048,5,1714173612
u1467,i478,5,1714174521
u0621,i335,5,1714174931
u0911,i230,4,1714175271
u1244,i125,5,1714176576
u1178,i447,5,1714178465
u1262,i286,4,1714179170
u1743,i399,5,1714179450
u1387,i214,5,1714179575
u0878,i498,5,1714179873
u1349,i293,5,1714180317
u1007,i238,4,1714180384
u1640,i471,5,1714180849
u0995,i437,5,1714182121
u0982,i347,5,1714182597
u0728,i055,5,1714182718
u0990,i530,4,1714182777
u0432,i301,4,1714182973
u0990,i587,5,1714183092
u0342,i229,3,1714183716
u0701,i361,1,1714183782
u1628,i324,5,1714183871
u1699,i585,4,1714184024
u1502,i008,5,1714184481
u1438,i377,3,1714185085
u1255,i048,1,1714186056
u0541,i134,4,1714186870
u1229,i553,2,1714187554
u0277,i370,4,1714187574
u0787,i291,1,1714187690
u0409,i142,5,1714188268
u1941,i333,4,1714188289
u1574,i417,4,1714188506
u0360,i580,4,1714188936
u1935,i034,5,1714190445
u0512,i363,5,1714191041
u1041,i448,2,1714191147
u0671,i078,4,1714192638
u0154,i587,5,1714192761
u0687,i251,5,1714192767
u1650,i005,1,1714193688
u1735,i288,4,1714193739
u0189,i496,4,1714193905
u1741,i349,5,1714193927
u0448,i241,4,1714194440
u1655,i597,3,1714195599
u0868,i332,5,1714195665
u0990,i502,5,1714196053
u1733,i292,5,1714196063
u0388,i008,4,1714196599
u0019,i154,5,1714196836
u1114,i515,5,1714197030
u1089,i136,4,1714197400
u0603,i568,4,1714197507
u0710,i595,5,1714197690
u0096,i377,5,1714197874
u0128,i206,5,1714198343
u1371,i180,4,1714199256
u1994,i193,4,1714199843
u0317,i231,4,1714200346
u0734,i384,5,1714201963
u0904,i243,4,1714202022
u1909,i133,5,1714202377
u1704,i013,4,1714202768
u1699,i145,5,1714203063
u0559,i553,4,1714203093
u0070,i188,5,1714203126
u1000,i097,5,1714203775
u0990,i042,2,1714203982
u0937,i507,5,1714204027
u1469,i081,5,1714204477
u1001,i568,4,1714205441
u1618,i372,5,1714205510
u0580,i196,4,1714205627
u1679,i527,4,1714205755
u1065,i232,5,1714206300
u1064,i027,4,1714206843
u0672,i555,4,1714207488
u0182,i507,5,1714208255
u1021,i498,4,1714208856
u0424,i097,5,1714209548
u0353,i088,3,1714209832
u0357,i478,4,1714210940
u1874,i077,4,1714211251
u0028,i072,5,1714211303
u1253,i294,5,1714211704
u1911,i371,4,1714212265
u1808,i022,4,1714212737
u1431,i087,5,1714212824
u0876,i479,4,1714212890
u1562,i023,4,1714213072
u0731,i273,4,1714213697
u0964,i062,1,1714214521
u1181,i136,4,1714215716
u1523,i048,2,1714215778
u0314,i447,4,1714216040
u0554,i405,2,1714218208
u1721,i205,5,1714218814
u1206,i570,5,1714220262
u1880,i214,3,1714220481
u0292,i507,2,1714220607
u1168,i527,5,1714220845
u1534,i567,4,1714220909
u1179,i521,5,1714220986
u0784,i580,4,1714221098
u1892,i440,4,1714222175
u1985,i007,2,1714222289
u0977,i460,5,1714223019
u0717,i530,2,1714223932
u1394,i470,1,1714224453
u0552,i268,3,1714225656
u0298,i247,5,1714225735
u1919,i020,5,1714225825
u1765,i316,4,1714226750
u1347,i198,5,1714227433
u0003,i352,3,1714227787
u1898,i445,5,1714228117
u0214,i205,2,1714230075
u1344,i243,2,1714230415
u1951,i053,4,1714230519
u1241,i015,4,1714230557
u0132,i093,5,1714230685
u1945,i521,4,1714231543
u0835,i219,4,1714232006
u1036,i526,5,1714232959
u1692,i529,4,1714233046
u1648,i065,4,1714233846
u1109,i184,4,1714234802
u0143,i568,4,1714234833
u0695,i460,5,1714236015
u0607,i334,5,1714236675
u0025,i355,4,1714236733
u0374,i226,5,1714238136
u1817,i417,4,1714238886
u0336,i243,5,1714239608
u1462,i100,2,1714240089
u1302,i254,2,1714240224
u1203,i016,5,1714240294
u0893,i097,3,1714240346
u0914,i177,5,1714241026
u0810,i339,5,1714241029
u1627,i042,5,1714241317
u0905,i387,4,1714241329
u0934,i211,5,1714241813
u1105,i189,4,1714242079
u1467,i345,4,1714242601
u0146,i062,5,1714242914
u1121,i083,4,1714243176
u1160,i012,2,1714243304
u0992,i328,4,1714244030
u1429,i377,4,1714245407
u0435,i484,4,1714245409
u1179,i065,5,1714246147
u0965,i530,3,1714246729
u1812,i104,4,1714247470
u1588,i559,4,1714247865
u0568,i462,5,1714248388
u0335,i363,1,1714248501
u0080,i388,4,1714248742
u0375,i597,4,1714248820
u1743,i575,4,1714249155
u1147,i072,5,1714249341
u0816,i311,4,1714249843
u0135,i599,4,1714250022
u1098,i372,4,1714250404
u1825,i291,4,1714251088
u1136,i470,4,1714251927
u1780,i568,4,1714252381
u1541,i352,4,1714252540
u0771,i014,2,1714252969
u1125,i101,5,1714253851
u1724,i248,5,1714254082
u1307,i333,2,1714254209
u0008,i505,4,1714254681
u1454,i230,2,1714254992
u0424,i148,4,1714255112
u0761,i009,5,1714255530
u1461,i042,4,1714256514
u0151,i467,4,1714257029
u1326,i519,1,1714257363
u1188,i268,5,1714258441
u0445,i117,1,1714258450
u0225,i507,5,1714258947
u0362,i261,2,1714259335
u1500,i255,3,1714260314
u1083,i420,5,1714260359
u0998,i023,5,1714260923
u1736,i254,1,1714261199
u1620,i243,3,1714261805
u0780,i243,1,1714261844
u1269,i334,3,1714262650
u0109,i357,5,1714262713
u1842,i480,4,1714262716
u1111,i286,5,1714262945
u0014,i268,4,1714262981
u0514,i526,3,1714263758
u1011,i073,5,1714264221
u1432,i205,5,1714264473
u1023,i186,3,1714264613
u0696,i118,4,1714264818
u1959,i236,4,1714265301
u0050,i302,4,1714265813
u0195,i599,4,1714266052
u1927,i286,4,1714266158
u1813,i370,5,1714266401
u0141,i217,4,1714266512
u0331,i016,5,1714266668
u1881,i377,2,1714267138
u1962,i509,4,1714267567
u0523,i096,4,1714267715
u0539,i147,5,1714268339
u0243,i480,5,1714268886
u0734,i588,4,1714270939
u1849,i294,4,1714271035
u0195,i274,1,1714271508
u0082,i000,5,1714271675
u0034,i580,4,1714272152
u0933,i243,3,1714273199
u1481,i564,5,1714273592
u0575,i345,5,1714273719
u1373,i022,5,1714274333
u0461,i599,4,1714275442
u1514,i494,5,1714275559
u1493,i461,4,1714276904
u1592,i217,5,1714277134
u0952,i108,4,1714277210
u0890,i117,3,1714277517
u0690,i399,2,1714279585
u1252,i329,3,1714279773
u1292,i528,5,1714279980
u1596,i419,4,1714280553
u0025,i440,4,1714281608
u0005,i543,4,1714281862
u0945,i566,4,1714282002
u0646,i189,5,1714282101
u0018,i215,5,1714282929
u1694,i004,5,1714283179
u0013,i089,4,1714283325
u1349,i544,4,1714283487
u0108,i430,4,1714283544
u0483,i485,4,1714283948
u0290,i504,4,1714284494
u1976,i315,4,1714284882
u1419,i291,2,1714286776
u0733,i333,5,1714286816
u0669,i315,4,1714287171
u1133,i383,4,1714288677
u0308,i096,2,1714288932
u0005,i332,4,1714289176
u0658,i138,4,1714289580
u0916,i158,4,1714289610
u1703,i591,1,1714289717
u0840,i388,4,1714289827
u0993,i154,4,1714289951
u1657,i113,5,1714290002
u0362,i021,5,1714290115
u0876,i384,3,1714290307
u0215,i053,3,1714290913
u1163,i016,5,1714291181
u0352,i145,5,1714292747
u1353,i286,5,1714292821
u0038,i201,4,1714292841
u1368,i152,4,1714292925
u1314,i244,4,1714292927
u0135,i114,5,1714292980
u1165,i333,2,1714293237
u1093,i507,4,1714293763
u0435,i097,2,1714294580
u1981,i392,5,1714296366
u0645,i422,4,1714296714
u0286,i182,4,1714296830
u0539,i455,5,1714296886
u1285,i223,4,1714297315
u0437,i291,1,1714297379
u1666,i356,2,1714297512
u0757,i293,5,1714297670
u0178,i516,5,1714298372
u0825,i017,4,1714298838
u0991,i511,5,1714298845
u1335,i013,4,1714298987
u0760,i586,3,1714300024
u1755,i268,4,1714300809
u1363,i013,4,1714300969
u0914,i552,4,1714300971
u0673,i177,1,1714301845
u0012,i452,4,1714303106
u0212,i511,5,1714303299
u1089,i289,4,1714304186
u0825,i433,4,1714304504
u1164,i055,4,1714305076
u1323,i371,4,1714305394
u1231,i470,5,1714305663
u0681,i031,5,1714306255
u0355,i363,4,1714307132
u1218,i363,3,1714307331
u0134,i582,4,1714307927
u1993,i490,5,1714308200
u0354,i314,4,1714308439
u0140,i527,4,1714309289
u0314,i125,5,1714309472
u1590,i080,5,1714310011
u0381,i118,4,1714310312
u0958,i236,5,1714310363
u0669,i107,4,1714310377
u0518,i216,5,1714310381
u1788,i492,5,1714310475
u0465,i034,5,1714311128
u1521,i088,4,1714311235
u0308,i161,4,1714312459
u0076,i402,5,1714312854
u1217,i568,2,1714312892
u0282,i104,3,1714313090
u0672,i564,5,1714313232
u0517,i116,4,1714313598
u1998,i405,5,1714313804
u1962,i464,4,1714314216
u1004,i361,1,1714314690
u0908,i361,5,1714314943
u1227,i435,5,1714314974
u1116,i044,4,1714315616
u0140,i539,2,1714316060
u0698,i564,5,1714316361
u1394,i013,4,1714316550
u0285,i361,4,1714316666
u1944,i095,4,1714316841
u1376,i333,5,1714317234
u0061,i461,4,1714317857
u0719,i289,2,1714318268
u1779,i233,1,1714318841
u1331,i419,4,1714318879
u1363,i430,1,1714319428
u1502,i292,5,1714319736
u1309,i340,4,1714319948
u0595,i205,5,1714320596
u1074,i268,5,1714321459
u0153,i214,5,1714322137
u1432,i334,5,1714322701
u0526,i004,4,1714323342
u1272,i291,3,1714323751
u1009,i013,2,1714323941
u1224,i428,5,1714323954
u1035,i564,4,1714324086
u0237,i572,5,1714324193
u1329,i178,3,1714324746
u0292,i015,5,1714324864
u1552,i372,3,1714326490
u0477,i184,5,1714326858
u1039,i215,5,1714327322
u1977,i489,4,1714327500
u0406,i048,1,1714328168
u1548,i350,4,1714328539
u0417,i285,4,1714328873
u1502,i048,2,1714329056
u1781,i566,2,1714329621
u0173,i097,5,1714330383
u1351,i486,5,1714330391
u0724,i285,5,1714330527
u1466,i265,5,1714330701
u0035,i435,5,1714331360
u0922,i453,2,1714332430
u0667,i251,4,1714332835
u0799,i256,4,1714334008
u1670,i097,1,1714334068
u0076,i237,4,1714334887
u1423,i088,5,1714336560
u0072,i379,5,1714337075
u0370,i073,3,1714337087
u1594,i007,3,1714337785
u1491,i042,5,1714337812
u0376,i352,1,1714337971
u0957,i265,4,1714338455
u0935,i113,2,1714338690
u1373,i504,4,1714339005
u1923,i177,4,1714339010
u1334,i268,4,1714339380
u0239,i189,5,1714339490
u0117,i019,4,1714340292
u0341,i447,4,1714341006
u0804,i568,1,1714341381
u0041,i268,2,1714342210
u0150,i570,5,1714342746
u0717,i160,5,1714343409
u0347,i162,2,1714343481
u0331,i296,4,1714343789
u0921,i072,2,1714344662
u1269,i419,4,1714344940
u1808,i073,4,1714345142
u1957,i407,4,1714345368
u0921,i117,4,1714345650
u1695,i177,5,1714345673
u1024,i294,5,1714346921
u1960,i082,5,1714347296
u1893,i334,5,1714347520
u1665,i456,4,1714348022
u0708,i282,4,1714348415
u1111,i227,5,1714348524
u0443,i595,4,1714348774
u0176,i357,4,1714349017
u1667,i204,5,1714349177
u0563,i097,4,1714349727
u1171,i243,2,1714349909
u0367,i237,5,1714350082
u0402,i048,5,1714350292
u1251,i200,4,1714350481
u0659,i340,4,1714350720
u0151,i261,5,1714350921
u1727,i328,4,1714351238
u0283,i372,2,1714351603
u0832,i551,5,1714351709
u0852,i291,5,1714351958
u1432,i261,2,1714352463
u0286,i155,4,1714352747
u1110,i438,4,1714352991
u1373,i145,2,1714353210
u1732,i046,5,1714354081
u1783,i273,2,1714354274
u1616,i354,5,1714354554
u0260,i436,5,1714354688
u0417,i323,1,1714355025
u1790,i357,5,1714355432
u0864,i270,4,1714355637
u0419,i161,5,1714356157
u1125,i563,4,1714356312
u1921,i279,4,1714356443
u0772,i002,4,1714356745
u1901,i404,2,1714356892
u1288,i076,4,1714358739
u1716,i202,4,1714358767
u1026,i309,5,1714359374
u0082,i117,4,1714359772
u0637,i273,2,1714359941
u1842,i489,3,1714360132
u0238,i229,5,1714362085
u1848,i516,5,1714362501
u1293,i268,4,1714362699
u1395,i269,5,1714363469
u0726,i420,4,1714363738
u0379,i146,4,1714363957
u0383,i568,5,1714364230
u1337,i207,2,1714366071
u1260,i507,5,1714366336
u1429,i448,4,1714366553
u0922,i349,1,1714366687
u0590,i188,4,1714366749
u0597,i529,1,1714368401
u1195,i371,2,1714369057
u0535,i004,4,1714369393
u0845,i532,4,1714369808
u0788,i081,5,1714370337
u0959,i569,4,1714370920
u0764,i123,4,1714371278
u1776,i227,4,1714371814
u1464,i150,5,1714372832
u1679,i252,5,1714373008
u0211,i191,1,1714373170
u1136,i431,5,1714374603
u0963,i115,1,1714374894
u1870,i480,5,1714374918
u1095,i436,5,1714375323
u0376,i196,4,1714376665
u0557,i467,4,1714377469
u1391,i363,4,1714378148
u0380,i274,2,1714378631
u1900,i358,2,1714378686
u1545,i347,3,1714379026
u1302,i265,4,1714379283
u1349,i140,4,1714381105
u1963,i052,5,1714381561
u0618,i568,1,1714382417
u1618,i428,4,1714382569
u0720,i064,2,1714382840
u1091,i268,1,1714383370
u0931,i092,4,1714384595
u0126,i410,5,1714384639
u1732,i065,4,1714384988
u0711,i118,4,1714386126
u1510,i373,4,1714386311
u0271,i021,4,1714386397
u1011,i530,3,1714386622
u0240,i361,1,1714386833
u1208,i145,4,1714386890
u0546,i227,5,1714388044
u1986,i034,5,1714388158
u1904,i055,5,1714389187
u0369,i073,5,1714389915
u0062,i270,5,1714390526
u0562,i030,4,1714391038
u0771,i067,4,1714391313
u1969,i516,4,1714391614
u0523,i362,5,1714391828
u1168,i566,4,1714392117
u0124,i243,3,1714392663
u0967,i428,5,1714392751
u1493,i483,4,1714393020
u0664,i553,4,1714393504
u0752,i091,5,1714393574
u0322,i568,5,1714393607
u0265,i278,4,1714393653
u1385,i357,5,1714393922
u1269,i268,5,1714394479
u0401,i324,5,1714394737
u0266,i097,5,1714394750
u0075,i314,4,1714395033
u0979,i099,4,1714395400
u0742,i417,5,1714395446
u1040,i261,5,1714396327
u0849,i500,4,1714396764
u1650,i385,4,1714397099
u1307,i390,3,1714397556
u1479,i012,4,1714397703
u0477,i220,4,1714397748
u1982,i167,4,1714398056
u0515,i048,5,1714398984
u1847,i268,5,1714399062
u1158,i169,3,1714400613
u1714,i582,3,1714400938
u1006,i261,4,1714401768
u0725,i357,5,1714401956
u0006,i377,4,1714402884
u0686,i563,5,1714403732
u1142,i378,1,1714404106
u1111,i593,5,1714404229
u1199,i265,5,1714404662
u1406,i329,4,1714404789
u0488,i089,4,1714405426
u0856,i507,5,1714405716
u1333,i113,2,1714405894
u0930,i377,5,1714407241
u1978,i506,4,1714408317
u1114,i162,5,1714408410
u1942,i510,4,1714409179
u0931,i208,4,1714409615
u0530,i190,4,1714409700
u1359,i287,5,1714410233
u1375,i204,5,1714410651
u1129,i397,4,1714411996
u1407,i258,3,1714412020
u0856,i347,4,1714412346
u0864,i399,3,1714413328
u1867,i333,3,1714413987
u0093,i147,4,1714414100
u1453,i108,4,1714415040
u1369,i465,4,1714415065
u1116,i536,4,1714416475
u0911,i220,4,1714417130
u0296,i233,5,1714417574
u1640,i531,5,1714418462
u1786,i461,3,1714418731
u0668,i106,5,1714419111
u0012,i446,4,1714419619
u1427,i568,1,1714419906
u0182,i300,2,1714420047
u1229,i099,4,1714420936
u1298,i256,3,1714420993
u0991,i334,4,1714421399
u0396,i360,5,1714422305
u0474,i445,5,1714422444
u0530,i341,4,1714423879
u0833,i399,5,1714424378
u1220,i150,5,1714424380
u1997,i273,4,1714424535
u0053,i177,5,1714424540
u0230,i333,5,1714424938
u0140,i372,4,1714425535
u0479,i566,3,1714425927
u1747,i332,4,1714426026
u1608,i117,3,1714426894
u0060,i472,4,1714426910
u0615,i337,4,1714427249
u1167,i508,4,1714427798
u0915,i197,5,1714427875
u0870,i155,4,1714428577
u1128,i015,5,1714430335
u1016,i072,4,1714431401
u0749,i494,5,1714431412
u0059,i247,4,1714431994
u0170,i050,5,1714432114
u1740,i034,4,1714432546
u1283,i344,5,1714432661
u1402,i243,1,1714433549
u1509,i357,3,1714434614
u1574,i510,4,1714434835
u0761,i333,1,1714435676
u0834,i091,5,1714435993
u1257,i060,4,1714436061
u0407,i171,4,1714436683
u0833,i230,5,1714437270
u0947,i015,4,1714439342
u1610,i219,4,1714439550
u1959,i429,4,1714439868
u0886,i447,4,1714439893
u1452,i568,2,1714440359
u1913,i268,5,1714440548
u0817,i357,5,1714440733
u1623,i129,2,1714441154
u1411,i473,4,1714442719
u1675,i511,5,1714444048
u0757,i013,4,1714446063
u0894,i313,5,1714446805
u0317,i487,2,1714447347
u1116,i034,4,1714447494
u1594,i550,5,1714448917
u1218,i549,5,1714450124
u0642,i287,5,1714450228
u1410,i428,5,1714450657
u1165,i066,5,1714450909
u1892,i233,5,1714451173
u1289,i050,4,1714452311
u1643,i480,4,1714452372
u0998,i519,4,1714452534
u0200,i352,5,1714452992
u0544,i472,4,1714453096
u0909,i122,5,1714453630
u1223,i549,2,1714454385
u0585,i440,1,1714454474
u1873,i069,3,1714454806
u1904,i012,4,1714455674
u0880,i423,3,1714456173
u0031,i588,5,1714456639
u0057,i481,5,1714457107
u1779,i286,4,1714457127
u0311,i448,5,1714457743
u0178,i048,3,1714457848
u1023,i033,5,1714458129
u1164,i299,5,1714458725
u1991,i207,4,1714459104
u1326,i428,5,1714459773
u0240,i292,1,1714459822
u1579,i291,4,1714460202
u0664,i425,5,1714460900
u0793,i291,3,1714461002
u0999,i034,5,1714461085
u1992,i447,4,1714461543
u1482,i115,5,1714461765
u0818,i293,1,1714462471
u1347,i291,5,1714462940
u0185,i221,4,1714463709
u1342,i236,5,1714464857
u0593,i377,4,1714465057
u1591,i237,4,1714465082
u0391,i151,5,1714465195
u0383,i026,4,1714465607
u0440,i352,5,1714465790
u1855,i180,4,1714465896
u0717,i314,4,1714466184
u0387,i527,5,1714466372
u1734,i470,1,1714466818
u1015,i587,5,1714467144
u0846,i108,4,1714467203
u1859,i555,4,1714467650
u1547,i108,5,1714467871
u1587,i117,4,1714468055
u1529,i477,4,1714469218
u0957,i291,2,1714470124
u0639,i537,4,1714470282
u0853,i341,2,1714471276
u0444,i500,4,1714471475
u0693,i575,5,1714471735
u1422,i291,3,1714471821
u0456,i428,5,1714472542
u0020,i538,4,1714472975
u0741,i443,5,1714473100
u0461,i315,5,1714473963
u0730,i568,5,1714473967
u0121,i377,4,1714474201
u0184,i447,3,1714474425
u1091,i108,5,1714475809
u0682,i514,4,1714477248
u1154,i172,5,1714477722
u1962,i359,3,1714477851
u1222,i006,4,1714478581
u0849,i241,3,1714478773
u1569,i291,3,1714479070
u0516,i414,5,1714479713
u1759,i241,4,1714480084
u1976,i466,4,1714480143
u1015,i274,2,1714481170
u0078,i064,5,1714481480
u0494,i266,3,1714481601
u1083,i277,4,1714481854
u0336,i057,4,1714482224
u1311,i100,5,1714483272
u0179,i243,4,1714483553
u0264,i507,5,1714483754
u0433,i324,2,1714485102
u0137,i068,5,1714486076
u0135,i028,5,1714486269
u1307,i364,5,1714486721
u1626,i333,5,1714487369
u1911,i352,5,1714487465
u1117,i593,5,1714487508
u0176,i495,4,1714487786
u1950,i250,4,1714487802
u1369,i113,4,1714488916
u0518,i245,4,1714490223
u1353,i299,4,1714490259
u0157,i362,4,1714490622
u0971,i519,5,1714490921
u1663,i261,4,1714494050
u1966,i204,2,1714494064
u0410,i368,5,1714494270
u0993,i372,3,1714495388
u1294,i565,4,1714495819
u0036,i415,4,1714496025
u1422,i006,5,1714497634
u1674,i283,4,1714497668
u0501,i048,4,1714497815
u1741,i419,5,1714498559
u1894,i347,4,1714499328
u0191,i337,5,1714499911
u0081,i561,2,1714500044
u0504,i527,4,1714500217
u0363,i419,4,1714500370
u1778,i381,3,1714500414
u0166,i069,5,1714500523
u1159,i011,5,1714500728
u1744,i377,1,1714500963
u1597,i255,5,1714501314
u1210,i489,4,1714501812
u0589,i073,2,1714501997
u1095,i501,4,1714502173
u0910,i261,4,1714502449
u0541,i528,4,1714502930
u1523,i332,4,1714503197
u0847,i507,1,1714503651
u0358,i219,5,1714503903
u0757,i248,4,1714504261
u1659,i166,5,1714504496
u1744,i277,5,1714504912
u1195,i113,1,1714505085
u1554,i398,5,1714505470
u0383,i269,4,1714505593
u1650,i013,5,1714505759
u1660,i539,4,1714505835
u0441,i023,5,1714506267
u1298,i421,5,1714506380
u1314,i364,2,1714506857
u1411,i091,4,1714507173
u1143,i048,5,1714507364
u1708,i021,4,1714507376
u1680,i032,5,1714507684
u1628,i286,2,1714508114
u1677,i219,5,1714508255
u0710,i355,4,1714508443
u1855,i204,5,1714508937
u0999,i324,4,1714509139
u1305,i338,4,1714509236
u0520,i096,2,1714510915
u0087,i428,4,1714511185
u1321,i233,4,1714511826
u1262,i568,5,1714512001
u0345,i511,5,1714512157
u1715,i001,3,1714512819
u1538,i113,5,1714512859
u1674,i558,4,1714513042
u0299,i357,4,1714513560
u0408,i333,4,1714513872
u0857,i461,5,1714514592
u1207,i243,2,1714514714
u1775,i340,4,1714514771
u1425,i274,4,1714515147
u1458,i107,4,1714515975
u0546,i254,4,1714516351
u1831,i268,1,1714516524
u1665,i017,1,1714516856
u0554,i032,3,1714517326
u0551,i147,1,1714517572
u0447,i568,1,1714518044
u1440,i086,5,1714518475
u0060,i136,4,1714519016
u0358,i444,4,1714519158
u1413,i048,2,1714519284
u1784,i134,5,1714519505
u0240,i497,4,1714519515
u1284,i595,5,1714519621
u0567,i155,4,1714519727
u1769,i122,5,1714520386
u0802,i593,5,1714520885
u1991,i333,5,1714521184
u0738,i470,2,1714521227
u0806,i333,2,1714521301
u0125,i112,4,1714521439
u1524,i013,1,1714521459
u1309,i011,5,1714521975
u0644,i013,4,1714523830
u1684,i113,1,1714524374
u0298,i444,5,1714525464
u0038,i360,4,1714526036
u1023,i268,1,1714526326
u1862,i025,4,1714526580
u0780,i101,5,1714526927
u1229,i492,4,1714529385
u1647,i060,5,1714529705
u1536,i005,4,1714529829
u1789,i541,4,1714530788
u0933,i130,4,1714531424
u1007,i569,4,1714531765
u0688,i599,5,1714532341
u0486,i118,2,1714532532
u1138,i345,5,1714532898
u0714,i117,5,1714533513
u0616,i363,5,1714534598
u0413,i379,5,1714535247
u0949,i361,4,1714536034
u1700,i072,3,1714536359
u0542,i455,5,1714537294
u1316,i241,4,1714537325
u0516,i374,5,1714537744
u1022,i529,2,1714538266
u0696,i243,1,1714538577
u1613,i301,4,1714538929
u0227,i233,5,1714541108
u1669,i469,1,1714541264
u0770,i420,4,1714542672
u1681,i177,4,1714544408
u0626,i333,5,1714545224
u0382,i291,5,1714545535
u0070,i599,5,1714545957
u1538,i429,5,1714546068
u0416,i316,2,1714546452
u1814,i334,5,1714546650
u1731,i053,5,1714546746
u1081,i339,3,1714546748
u1760,i526,2,1714547129
u0391,i150,5,1714547290
u0641,i346,5,1714547362
u1991,i498,5,1714547883
u0416,i368,5,1714547934
u0186,i219,4,1714548206
u0199,i447,3,1714548333
u0124,i291,5,1714549148
u0925,i108,4,1714549779
u0771,i507,5,1714549907
u1591,i472,4,1714552233
u0798,i346,4,1714552928
u1283,i385,1,1714553271
u0668,i102,5,1714554413
u0595,i185,4,1714554654
u1375,i185,3,1714556127
u0290,i081,5,1714556398
u1311,i419,1,1714556968
u1378,i113,5,1714556998
u0516,i363,3,1714557544
u0028,i001,4,1714557622
u0027,i216,4,1714558140
u0106,i417,3,1714558382
u1536,i557,4,1714558836
u0254,i526,4,1714559572
u1378,i417,5,1714559641
u1309,i234,2,1714559810
u0686,i243,1,1714560548
u0329,i016,5,1714560811
u0932,i088,4,1714561773
u0310,i256,1,1714561812
u0761,i535,5,1714562241
u1900,i309,3,1714562418
u1367,i394,4,1714562422
u0504,i588,5,1714562721
u0902,i461,4,1714562944
u0779,i193,5,1714563112
u1676,i492,4,1714563193
u0711,i092,5,1714564025
u1015,i357,5,1714564913
u1692,i584,2,1714565111
u0958,i284,5,1714565158
u0103,i358,5,1714565413
u1036,i338,2,1714565575
u0680,i166,5,1714565805
u1001,i456,4,1714566785
u0397,i055,4,1714566913
u1074,i065,4,1714567161
u0856,i243,2,1714568298
u1234,i454,4,1714568299
u1200,i205,5,1714568382
u1761,i268,5,1714569085
u1873,i396,4,1714569417
u1522,i243,4,1714569968
u1471,i255,2,1714570423
u1231,i562,4,1714570648
u0642,i252,2,1714571111
u1493,i337,5,1714571132
u0200,i013,5,1714571720
u1074,i241,4,1714571759
u1351,i568,5,1714571768
u0778,i425,4,1714572331
u0511,i077,4,1714572361
u1895,i087,4,1714572448
u1412,i297,3,1714572545
u0724,i152,4,1714572615
u1355,i243,4,1714573629
u1364,i507,4,1714573935
u0207,i531,4,1714574208
u0391,i526,3,1714575171
u1375,i234,5,1714575484
u0352,i570,4,1714575985
u0476,i074,5,1714576531
u0065,i116,4,1714577199
u1359,i360,4,1714577312
u1165,i544,4,1714577567
u1282,i409,5,1714577721
u1383,i337,5,1714578106
u0989,i485,4,1714578493
u1934,i496,4,1714578961
u1499,i039,4,1714579658
u1541,i531,5,1714579868
u1643,i286,5,1714579891
u1340,i215,5,1714580452
u1521,i473,4,1714580825
u0792,i268,3,1714581186
u0284,i284,3,1714581364
u1555,i108,5,1714581544
u0376,i150,5,1714581849
u0724,i549,4,1714581853
u0444,i162,2,1714582532
u0862,i568,2,1714583127
u0459,i023,2,1714583525
u0314,i357,5,1714583993
u1272,i078,4,1714584364
u1013,i507,2,1714584721
u0577,i113,2,1714585582
u1262,i291,4,1714585824
u1104,i084,2,1714585883
u1386,i535,5,1714586173
u0592,i361,5,1714588077
u1499,i595,3,1714589295
u1635,i206,4,1714590419
u0783,i467,5,1714590609
u1679,i347,4,1714591496
u1404,i094,5,1714591702
u1216,i015,4,1714593659
u0694,i179,4,1714594037
u1068,i140,1,1714594303
u0414,i291,4,1714594575
u1729,i205,5,1714595573
u1462,i108,5,1714596365
u1393,i055,3,1714596619
u0025,i237,2,1714596765
u0166,i461,2,1714597736
u0788,i581,2,1714597998
u0250,i568,5,1714598099
u0817,i372,2,1714598363
u1358,i540,4,1714598767
u1834,i574,5,1714599235
u0960,i334,4,1714599801
u0601,i352,4,1714599939
u0832,i564,4,1714599961
u1250,i113,5,1714600053
u0309,i564,4,1714600161
u0864,i274,4,1714601425
u1430,i351,4,1714601468
u1404,i527,5,1714601526
u1632,i239,4,1714601951
u0624,i511,5,1714602377
u1521,i589,5,1714602689
u0127,i237,4,1714602736
u1411,i045,2,1714602813
u1488,i521,5,1714602846
u0774,i424,5,1714602898
u1559,i097,4,1714603907
u1028,i052,5,1714604350
u0897,i243,1,1714605349
u1239,i097,4,1714605640
u0210,i507,3,1714605704
u0044,i407,5,1714605872
u1522,i100,5,1714606561
u1146,i568,5,1714606887
u1557,i342,5,1714607281
u0723,i580,5,1714607787
u0314,i364,5,1714608492
u1774,i503,4,1714608715
u0265,i246,5,1714609683
u1393,i079,4,1714609816
u1549,i023,5,1714609891
u1284,i201,3,1714610480
u0352,i254,3,1714611173
u0224,i013,4,1714611448
u0593,i312,4,1714612294
u0024,i526,2,1714612785
u0342,i507,3,1714612896
u0035,i333,3,1714613996
u0713,i558,5,1714614065
u0414,i417,3,1714614092
u0991,i062,4,1714614638
u0488,i204,5,1714614976
u0713,i270,2,1714615254
u1111,i273,5,1714615449
u1880,i283,4,1714615511
u0468,i357,1,1714615770
u1813,i217,4,1714616981
u0583,i520,1,1714617589
u0414,i039,4,1714617659
u1677,i243,2,1714618359
u0760,i165,4,1714619133
u1191,i185,4,1714619489
u0003,i253,4,1714620043
u0957,i550,4,1714620172
u0701,i426,2,1714620197
u0938,i296,4,1714620606
u0001,i336,5,1714621084
u0890,i143,4,1714622597
u1609,i454,4,1714622875
u1725,i147,5,1714623091
u0819,i521,3,1714623467
u0782,i205,4,1714624174
u0136,i035,4,1714624322
u1250,i515,4,1714624500
u0301,i000,5,1714624922
u1568,i377,4,1714624988
u1868,i557,5,1714625307
u0985,i532,5,1714625326
u1482,i472,5,1714626780
u1107,i558,3,1714627293
u0269,i361,1,1714627348
u0987,i106,5,1714627620
u1545,i463,5,1714627646
u1290,i372,3,1714627673
u0298,i375,3,1714628150
u1932,i521,5,1714629086
u1781,i230,4,1714629310
u1320,i117,3,1714629616
u1849,i443,5,1714629624
u0733,i097,5,1714630407
u1479,i361,4,1714630698
u1615,i026,2,1714631025
u0038,i597,3,1714631201
u0341,i236,2,1714631237
u1933,i526,1,1714631731
u1632,i222,5,1714633764
u1333,i421,4,1714634147
u1326,i253,4,1714634572
u1954,i293,5,1714635234
u1927,i568,5,1714635501
u0433,i126,5,1714635694
u0343,i417,5,1714635827
u0897,i513,5,1714636619
u1993,i108,5,1714636650
u1034,i195,4,1714636793
u0086,i429,5,1714637604
u0811,i599,4,1714637829
u0254,i097,5,1714637980
u0161,i507,2,1714640142
u0695,i243,3,1714640988
u1251,i237,5,1714641374
u1113,i552,5,1714641456
u1063,i021,4,1714641553
u0836,i060,5,1714642083
u0024,i562,4,1714643009
u1439,i060,1,1714644775
u0040,i356,1,1714645358
u1738,i025,3,1714645725
u0916,i489,2,1714646435
u1770,i107,5,1714646865
u0107,i440,4,1714647196
u0216,i058,4,1714647582
u1298,i265,5,1714648148
u0882,i338,4,1714648405
u1810,i009,2,1714648995
u1039,i400,4,1714649477
u0815,i524,4,1714649592
u1432,i237,4,1714650076
u1847,i199,4,1714650566
u1457,i357,3,1714650862
u1883,i234,1,1714651182
u0243,i356,5,1714651736
u0549,i333,3,1714651913
u1858,i593,4,1714652215
u1261,i229,5,1714652263
u1083,i121,5,1714652564
u1282,i160,5,1714653172
u1007,i272,2,1714653363
u1453,i263,5,1714653562
u0043,i527,4,1714653740
u0409,i241,4,1714653755
u0987,i072,5,1714654069
u1211,i300,4,1714654222
u1070,i363,2,1714654402
u1229,i440,4,1714654887
u1800,i526,4,1714654923
u1773,i504,5,1714655013
u0710,i113,4,1714655190
u1575,i514,5,1714657205
u1733,i268,5,1714657471
u0793,i181,5,1714657584
u1151,i103,5,1714658166
u1808,i377,4,1714658189
u1091,i409,5,1714658603
u1216,i370,2,1714659398
u0422,i222,5,1714660667
u0197,i111,4,1714661374
u0860,i508,4,1714662121
u0290,i010,4,1714662747
u1621,i317,5,1714662788
u1280,i315,4,1714662959
u1729,i107,5,1714663194
u1693,i266,5,1714663517
u0397,i243,1,1714663653
u0272,i107,5,1714664152
u0137,i223,4,1714664761
u0431,i034,4,1714665617
u0012,i244,5,1714665739
u1243,i009,5,1714665993
u0440,i018,4,1714666497
u1896,i515,5,1714666776
u0540,i140,5,1714667088
u1983,i268,3,1714667298
u1922,i476,4,1714668226
u0993,i567,5,1714668470
u0117,i244,4,1714668527
u1262,i003,4,1714668948
u1325,i523,4,1714668975
u0968,i437,5,1714669159
u0608,i047,5,1714669447
u0252,i351,4,1714669668
u1156,i378,5,1714669863
u1585,i118,5,1714670233
u0120,i563,4,1714670381
u1496,i261,4,1714670861
u1878,i343,4,1714670915
u0820,i015,5,1714671214
u0127,i341,5,1714671930
u0630,i234,1,1714672708
u1490,i447,5,1714673305
u1613,i598,2,1714674331
u0393,i447,5,1714675122
u0264,i498,1,1714675678
u0697,i340,5,1714675715
u0572,i285,5,1714675825
u0059,i080,4,1714675874
u0641,i589,1,1714676210
u1517,i129,4,1714676270
u1591,i599,5,1714676712
u0186,i097,5,1714677298
u1744,i575,4,1714677328
u1253,i317,5,1714677355
u1273,i388,5,1714677841
u0993,i499,1,1714677856
u1500,i525,1,1714678532
u1867,i291,4,1714680777
u1529,i179,3,1714681769
u1583,i485,5,1714682155
u1731,i352,3,1714682221
u0150,i568,3,1714682330
u0242,i445,5,1714682358
u0238,i462,5,1714683621
u1700,i109,4,1714683814
u1750,i329,4,1714683854
u1459,i104,5,1714683862
u0479,i097,3,1714684101
u0759,i178,5,1714684162
u0202,i172,2,1714684481
u1878,i544,1,1714685240
u1150,i290,2,1714685386
u0366,i386,2,1714686126
u0569,i100,2,1714686400
u0342,i448,4,1714686447
u0750,i493,5,1714688026
u1840,i479,4,1714688107
u0815,i064,4,1714688705
u1793,i526,5,1714689011
u1547,i333,5,1714689268
u1376,i366,3,1714689560
u1453,i282,4,1714689612
u1790,i593,3,1714690056
u0189,i568,2,1714691502
u0822,i051,4,1714691634
u0118,i418,4,1714692518
u0927,i176,4,1714692683
u1428,i152,2,1714693275
u1204,i454,4,1714693446
u0764,i106,4,1714693630
u0790,i363,2,1714694063
u0876,i273,5,1714694251
u1589,i523,4,1714694503
u0828,i367,5,1714695025
u1981,i553,5,1714695622
u1780,i582,4,1714696046
u1869,i209,5,1714696078
u1638,i022,4,1714696088
u0765,i357,5,1714696465
u1425,i372,5,1714697259
u1322,i333,2,1714697273
u0087,i074,2,1714697609
u1484,i461,4,1714699495
u1564,i428,1,1714699554
u0822,i029,5,1714700032
u0832,i364,4,1714700443
u1086,i480,5,1714701938
u1225,i568,3,1714702421
u1988,i428,5,1714702733
u0415,i434,4,1714703150
u0214,i268,2,1714703595
u1796,i268,5,1714704194
u1506,i298,5,1714704278
u1594,i377,4,1714704849
u1026,i495,5,1714705013
u0567,i012,4,1714705155
u1808,i470,4,1714706123
u0072,i527,4,1714706486
u0890,i448,5,1714706964
u1653,i007,5,1714707271
u0389,i042,5,1714707407
u1951,i048,4,1714707746
u1592,i377,5,1714707834
u1222,i042,5,1714707988
u1915,i097,5,1714708979
u0980,i306,5,1714709994
u1708,i268,1,1714710176
u1030,i243,5,1714711180
u1332,i199,5,1714711447
u1177,i009,1,1714712410
u1574,i015,4,1714712650
u0525,i419,5,1714712783
u0431,i303,4,1714713701
u0290,i255,4,1714713858
u1405,i491,1,1714713864
u1561,i359,5,1714713909
u1271,i173,3,1714714004
u1080,i559,4,1714714539
u1325,i239,4,1714714608
u0787,i417,4,1714714756
u0137,i291,5,1714714999
u1670,i357,1,1714715671
u0637,i157,5,1714715950
u1796,i013,5,1714716308
u0677,i196,4,1714716662
u1774,i219,4,1714716820
u0693,i173,4,1714716889
u0028,i069,4,1714717125
u0927,i070,5,1714717945
u0145,i032,4,1714718152
u0432,i243,2,1714718520
u0501,i446,4,1714718603
u0197,i424,5,1714719509
u1985,i533,5,1714720158
u0811,i394,5,1714723990
u0315,i261,5,1714725373
u1467,i364,4,1714726819
u1974,i143,5,1714727288
u0563,i207,4,1714727364
u0254,i268,1,1714727745
u0261,i597,5,1714728440
u1184,i542,1,1714729002
u0531,i055,4,1714729502
u0748,i107,1,1714730037
u1147,i564,5,1714730283
u1511,i564,3,1714730313
u0467,i234,4,1714730570
u0554,i529,2,1714730602
u1990,i333,4,1714730790
u1679,i404,4,1714730798
u1767,i388,5,1714731575
u1415,i203,5,1714731869
u0972,i449,4,1714732366
u0893,i290,5,1714732825
u1561,i316,2,1714732924
u1826,i261,5,1714733437
u0841,i459,1,1714733774
u1696,i254,2,1714733936
u0624,i048,4,1714734228
u0391,i355,5,1714734234
u0747,i352,2,1714734343
u0783,i264,4,1714734355
u1146,i088,1,1714734506
u1063,i037,2,1714735244
u0545,i297,5,1714735403
u0746,i333,4,1714735818
u1619,i227,5,1714736356
u1199,i256,3,1714736544
u1839,i329,5,1714737153
u0473,i447,2,1714737580
u0732,i392,5,1714738539
u1845,i233,5,1714738658
u0562,i268,1,1714740482
u1511,i480,5,1714742293
u1996,i320,4,1714742681
u1741,i425,4,1714743349
u1976,i271,5,1714744951
u1860,i261,4,1714745975
u0223,i456,4,1714747441
u0200,i411,5,1714747450
u1718,i454,4,1714747499
u0525,i197,4,1714748329
u1631,i194,4,1714748572
u0600,i067,2,1714748624
u1276,i487,1,1714749490
u0502,i378,4,1714749681
u0351,i065,4,1714750084
u0044,i424,5,1714750595
u1216,i383,2,1714751614
u0540,i241,4,1714751937
u0989,i205,5,1714752082
u1901,i344,5,1714752421
u1290,i265,5,1714753601
u0825,i233,5,1714754052
u0608,i293,5,1714754059
u1474,i089,4,1714754191
u1832,i292,5,1714754252
u0368,i390,4,1714754259
u1545,i458,4,1714754644
u0024,i504,5,1714754940
u0637,i148,4,1714755063
u1094,i297,1,1714755526
u1999,i331,5,1714755612
u1298,i550,4,1714756368
u0690,i105,5,1714756685
u0689,i593,5,1714757110
u1540,i361,4,1714758977
u1381,i490,4,1714759012
u1209,i581,1,1714759283
u1652,i432,4,1714759294
u0301,i339,4,1714759688
u0364,i199,4,1714759933
u0529,i334,4,1714760525
u0686,i417,3,1714760737
u1925,i221,3,1714760916
u1790,i378,5,1714761297
u0880,i254,3,1714761721
u1087,i598,5,1714762195
u0559,i292,5,1714763040
u0894,i108,3,1714763584
u1202,i263,4,1714763835
u0620,i291,3,1714764919
u0089,i364,4,1714765423
u0348,i065,4,1714766238
u0572,i361,3,1714766884
u0599,i044,4,1714766897
u1935,i368,4,1714766898
u1908,i563,4,1714766917
u1310,i357,4,1714767191
u1302,i460,5,1714767461
u1270,i497,5,1714767558
u1930,i292,5,1714767985
u0896,i319,5,1714768726
u1256,i018,4,1714768753
u0975,i425,4,1714769430
u0849,i421,4,1714769851
u1001,i397,4,1714769893
u0111,i237,4,1714770287
u0002,i268,3,1714770495
u1241,i056,4,1714770932
u1363,i199,5,1714771188
u1571,i426,4,1714771456
u1289,i007,5,1714772419
u0544,i027,5,1714774179
u1070,i550,4,1714774613
u0386,i337,4,1714774707
u0171,i341,4,1714774748
u1705,i410,5,1714775465
u0084,i597,5,1714776442
u1605,i261,5,1714777144
u0873,i147,4,1714777360
u0644,i507,2,1714778551
u0590,i410,4,1714778669
u1585,i481,4,1714778734
u0165,i279,3,1714779271
u0872,i038,5,1714779287
u0885,i258,4,1714779307
u0260,i156,2,1714779569
u1211,i555,5,1714779570
u0122,i357,4,1714779777
u0845,i219,3,1714780788
u1792,i194,5,1714781973
u0541,i017,4,1714782017
u0934,i509,5,1714782470
u1475,i519,5,1714783484
u0428,i186,5,1714783643
u0710,i559,4,1714783863
u1203,i252,5,1714784649
u0978,i407,4,1714784806
u1082,i492,4,1714785148
u1629,i596,5,1714785550
u0567,i102,1,1714785641
u0899,i068,5,1714786125
u0619,i080,2,1714786296
u1513,i023,5,1714788140
u0659,i036,1,1714788713
u1859,i564,5,1714789294
u0719,i570,4,1714789937
u0435,i323,5,1714790305
u0520,i274,4,1714790432
u0915,i199,5,1714791932
u0720,i347,5,1714792163
u1774,i297,4,1714792592
u1956,i337,4,1714792697
u1523,i493,5,1714792845
u0164,i048,5,1714793037
u1081,i503,2,1714794299
u0494,i329,5,1714794383
u0423,i474,5,1714794465
u0509,i238,4,1714794498
u0228,i420,4,1714794593
u1807,i292,5,1714795068
u1589,i429,5,1714795173
u0414,i479,5,1714795483
u1539,i055,5,1714796616
u0879,i529,4,1714796643
u1415,i333,1,1714797660
u1200,i133,5,1714797893
u0526,i283,5,1714798204
u1313,i116,5,1714798382
u1650,i521,5,1714798468
u1975,i043,4,1714800083
u1371,i268,2,1714800835
u1327,i396,3,1714800997
u0533,i387,5,1714801055
u1906,i053,4,1714801666
u0180,i539,2,1714802671
u0564,i461,4,1714802716
u0157,i002,5,1714802800
u1632,i398,5,1714802858
u1161,i564,5,1714803582
u0723,i566,1,1714804160
u0221,i146,4,1714805535
u1888,i388,4,1714806323
u0988,i578,5,1714807518
u0231,i377,5,1714808663
u0959,i377,1,1714808821
u0717,i291,2,1714808927
u1570,i425,5,1714809029
u0193,i428,4,1714809211
u1465,i355,3,1714810451
u0820,i363,4,1714810467
u1500,i511,4,1714810632
u0323,i372,4,1714811872
u0458,i500,5,1714812781
u0130,i182,5,1714813499
u0166,i290,5,1714813624
u1729,i485,5,1714813687
u0736,i060,3,1714813734
u1103,i073,3,1714813978
u1000,i080,5,1714814271
u1703,i508,5,1714814388
u0242,i333,5,1714815202
u1228,i273,5,1714816463
u1226,i297,5,1714816976
u1361,i357,3,1714817046
u1434,i324,4,1714817155
u1473,i326,4,1714818201
u0157,i328,4,1714819086
u1623,i140,4,1714819327
u0504,i338,4,1714819760
u0194,i261,5,1714819776
u1226,i558,4,1714820605
u0754,i419,4,1714820817
u0945,i282,1,1714821609
u0229,i492,5,1714821755
u0217,i178,5,1714822081
u0029,i519,4,1714822295
u1996,i093,1,1714823248
u1599,i268,4,1714824318
u0803,i500,5,1714824647
u1476,i146,5,1714825219
u0067,i388,1,1714825945
u0329,i507,5,1714827091
u1538,i510,5,1714827723
u0405,i062,5,1714827754
u0950,i230,2,1714827843
u1575,i377,5,1714828580
u1781,i507,1,1714828609
u0769,i112,5,1714828892
u0576,i226,4,1714829200
u1131,i243,4,1714829862
u0977,i363,1,1714829984
u0758,i326,3,1714830450
u1547,i567,5,1714830749
u1110,i340,4,1714831147
u0562,i526,5,1714831692
u0585,i019,3,1714832953
u0074,i324,4,1714834092
u1129,i268,1,1714834195
u1778,i340,5,1714834204
u0006,i097,2,1714834784
u0531,i361,5,1714835182
u0344,i271,5,1714836207
u1832,i243,1,1714836484
u1906,i377,3,1714836609
u0444,i426,5,1714837210
u0468,i512,4,1714837238
u1769,i481,5,1714838244
u1434,i236,5,1714838536
u0792,i564,5,1714838706
u1057,i448,1,1714838990
u1753,i084,4,1714839647
u0384,i472,5,1714840147
u1050,i092,4,1714840253
u1408,i097,4,1714840590
u1668,i126,5,1714840816
u0270,i236,2,1714841266
u1445,i237,4,1714841911
u1929,i559,5,1714842314
u0396,i428,1,1714842434
u1114,i035,4,1714842921
u0799,i132,4,1714843682
u1630,i385,2,1714843791
u0034,i116,4,1714843934
u0512,i521,2,1714844635
u1760,i005,5,1714844809
u0512,i145,4,1714845301
u0925,i263,4,1714845453
u1601,i274,4,1714845980
u1543,i081,5,1714846380
u1156,i091,4,1714846667
u0822,i329,5,1714847044
u1191,i351,4,1714847271
u0337,i391,5,1714847308
u1639,i377,5,1714847674
u1613,i470,4,1714848291
u1963,i364,3,1714848688
u0360,i514,3,1714848901
u1667,i171,4,1714849162
u0967,i127,5,1714849385
u0971,i322,5,1714849430
u0564,i483,4,1714849437
u0094,i500,5,1714850356
u1539,i117,4,1714850422
u1107,i472,5,1714850481
u1956,i572,4,1714850985
u1289,i529,4,1714851898
u1125,i570,3,1714852294
u1637,i128,5,1714852630
u0179,i447,4,1714852965
u1642,i373,5,1714853413
u1530,i151,5,1714853847
u0579,i140,4,1714854760
u0969,i057,4,1714856550
u0985,i300,5,1714856805
u1540,i227,4,1714858247
u0252,i590,5,1714859314
u0959,i417,5,1714859580
u0459,i357,5,1714859647
u1007,i034,4,1714860041
u1351,i117,4,1714862326
u1907,i346,4,1714863144
u1184,i464,5,1714863625
u0596,i265,4,1714864039
u0514,i300,4,1714864236
u0280,i521,3,1714864712
u0623,i568,5,1714865304
u0812,i077,5,1714865318
u1244,i364,5,1714865431
u0220,i097,5,1714865619
u1547,i477,4,1714866199
u0395,i581,4,1714866337
u0059,i116,4,1714868515
u0451,i507,4,1714868576
u0532,i447,5,1714870052
u1932,i291,3,1714870978
u0671,i102,5,1714872105
u0270,i243,3,1714872749
u0020,i117,1,1714872829
u0370,i055,3,1714873046
u1489,i568,5,1714873165
u0826,i536,2,1714873509
u0644,i504,3,1714874010
u1695,i374,5,1714874069
u0132,i556,5,1714874093
u1639,i550,4,1714874355
u0825,i256,1,1714874663
u0360,i173,4,1714874777
u0211,i434,5,1714875788
u1703,i063,4,1714875924
u1342,i015,4,1714876567
u0837,i092,3,1714876707
u0440,i586,1,1714876911
u1975,i274,5,1714877488
u0317,i191,4,1714878135
u0284,i092,2,1714878435
u1634,i110,5,1714879043
u1653,i384,4,1714879718
u1376,i498,5,1714879769
u0007,i256,1,1714880058
u0474,i334,1,1714880717
u0916,i060,4,1714880807
u1565,i186,5,1714883435
u0685,i036,4,1714883760
u1022,i595,2,1714885279
u0116,i243,2,1714885386
u1000,i160,5,1714886305
u1629,i524,2,1714886648
u1158,i244,4,1714886769
u1720,i332,5,1714886792
u0687,i552,1,1714887350
u1272,i300,4,1714887403
u1303,i467,3,1714887747
u1064,i332,1,1714887874
u0605,i434,5,1714887985
u1840,i286,5,1714887996
u1800,i383,4,1714888431
u0216,i363,1,1714888815
u0736,i266,4,1714889439
u0034,i097,4,1714890886
u0081,i571,4,1714891198
u0397,i582,4,1714892042
u0510,i009,3,1714892086
u0340,i382,5,1714892921
u1923,i511,5,1714894902
u1989,i590,5,1714894965
u1771,i384,4,1714896698
u0858,i248,5,1714897036
u0519,i501,5,1714897467
u0183,i021,5,1714897949
u1203,i161,4,1714898565
u0348,i411,4,1714898743
u1898,i333,4,1714899410
u0641,i192,4,1714900011
u0184,i420,3,1714900301
u0938,i507,5,1714900896
u1832,i013,4,1714900945
u1295,i333,5,1714901308
u1402,i222,5,1714901498
u0445,i428,4,1714901524
u0317,i590,3,1714902012
u1764,i261,4,1714902708
u0653,i274,4,1714902798
u1774,i383,5,1714903584
u0106,i007,3,1714904150
u0665,i550,4,1714904541
u1749,i545,4,1714904727
u0487,i183,5,1714904811
u1557,i588,4,1714904845
u0675,i356,3,1714905973
u0409,i158,1,1714906584
u0441,i423,4,1714906603
u1313,i123,2,1714906802
u1870,i208,2,1714907039
u1020,i268,1,1714907282
u0185,i595,4,1714908514
u0070,i129,4,1714908808
u1839,i297,4,1714909819
u1940,i595,1,1714910540
u1849,i159,4,1714910882
u1531,i292,2,1714911546
u1752,i432,3,1714911547
u1308,i201,5,1714911727
u1127,i472,4,1714912065
u1573,i363,1,1714912679
u0169,i537,4,1714912771
u1176,i363,3,1714912875
u0219,i082,5,1714913863
u1930,i513,5,1714915193
u1447,i275,3,1714915532
u1173,i119,4,1714915748
u1939,i256,5,1714916297
u1956,i306,4,1714916918
u1698,i580,4,1714917437
u1556,i119,4,1714918488
u0586,i507,5,1714919594
u0707,i389,5,1714919811
u0605,i336,4,1714920380
u0302,i471,3,1714920391
u1892,i363,4,1714920889
u1453,i503,5,1714921037
u1738,i172,4,1714921064
u1170,i350,3,1714921491
u0845,i335,4,1714921971
u0352,i210,1,1714922252
u1849,i361,2,1714922532
u1076,i582,4,1714924306
u1210,i013,4,1714924618
u0399,i149,5,1714924877
u0411,i380,1,1714924928
u1649,i500,4,1714925277
u1859,i210,4,1714925549
u1239,i273,1,1714925589
u1115,i021,4,1714926076
u1417,i068,4,1714926469
u1595,i555,5,1714926834
u0563,i268,2,1714928887
u1026,i447,4,1714930152
u0028,i377,1,1714930190
u1795,i493,4,1714930199
u1946,i028,4,1714930850
u1463,i363,2,1714930894
u1831,i470,4,1714931964
u1383,i420,3,1714932407
u0889,i116,4,1714932428
u0267,i562,3,1714933528
u1926,i004,3,1714933743
u1651,i304,4,1714933987
u1067,i575,3,1714935029
u0176,i089,4,1714935446
u0661,i299,3,1714935947
u0382,i055,4,1714936059
u1089,i485,5,1714936490
u0951,i106,5,1714936751
u0929,i364,5,1714936753
u0409,i248,4,1714936760
u0636,i109,4,1714937949
u1589,i004,3,1714939372
u0099,i060,5,1714939884
u0131,i529,5,1714940295
u0483,i333,2,1714940329
u1028,i140,1,1714941419
u1025,i429,5,1714941943
u0402,i136,5,1714942542
u1082,i262,4,1714943170
u1862,i265,5,1714943802
u0394,i431,4,1714945203
u0619,i507,1,1714945683
u0214,i204,1,1714946058
u1568,i140,3,1714946064
u1013,i418,4,1714946689
u1372,i333,4,1714947977
u0510,i595,4,1714948713
u1435,i364,5,1714949145
u0111,i085,2,1714950043
u1520,i568,5,1714950579
u0861,i334,4,1714952208
u0035,i106,2,1714952290
u0861,i491,4,1714952337
u0623,i072,2,1714952399
u1510,i418,5,1714952781
u1475,i333,3,1714952847
u1434,i595,4,1714953643
u0106,i109,5,1714953959
u1054,i231,4,1714954249
u0273,i055,2,1714954521
u1281,i415,3,1714955597
u1713,i568,1,1714955888
u0825,i237,3,1714958020
u1056,i428,1,1714958243
u1239,i333,4,1714958896
u0006,i514,5,1714959548
u1791,i324,5,1714959669
u1456,i005,5,1714959863
u0433,i568,4,1714960854
u0469,i428,4,1714960884
u0549,i060,5,1714960895
u0919,i470,4,1714962590
u0391,i274,1,1714962689
u1143,i092,4,1714962860
u1109,i108,5,1714963777
u1634,i158,1,1714963974
u0611,i227,5,1714964269
u1160,i293,5,1714964753
u0993,i097,4,1714964831
u1171,i377,4,1714964852
u0274,i219,4,1714964884
u0775,i571,5,1714965235
u0462,i337,1,1714965619
u0980,i376,5,1714965623
u0823,i261,4,1714965626
u0994,i215,4,1714965654
u0066,i363,2,1714965947
u0139,i117,1,1714966181
u1917,i291,4,1714966724
u1669,i141,4,1714967941
u0060,i048,4,1714971096
u1815,i032,1,1714971206
u0271,i060,5,1714972034
u0509,i195,2,1714972484
u0355,i262,4,1714973627
u1800,i132,3,1714973930
u0717,i004,4,1714974292
u0285,i382,4,1714974513
u0325,i223,4,1714974726
u1465,i453,5,1714974750
u1506,i080,4,1714975499
u0998,i060,5,1714976126
u1470,i219,5,1714976138
u1079,i137,4,1714976717
u1394,i243,3,1714976976
u0618,i349,4,1714977586
u1821,i023,1,1714977590
u1657,i413,4,1714977670
u0176,i180,5,1714978079
u0954,i084,4,1714978192
u0587,i480,5,1714980651
u0270,i198,5,1714980668
u0046,i363,1,1714980988
u0483,i019,4,1714981414
u1951,i040,4,1714982631
u0434,i562,4,1714984492
u0857,i483,4,1714984622
u0740,i445,2,1714984855
u1314,i452,5,1714985148
u1256,i065,5,1714985281
u0913,i433,4,1714985733
u1168,i529,4,1714985781
u0171,i092,5,1714986051
u1911,i241,5,1714986320
u1646,i091,1,1714986363
u0370,i143,3,1714986533
u0381,i092,4,1714986876
u0581,i558,4,1714988214
u1220,i162,5,1714989031
u0981,i370,5,1714989048
u0888,i395,4,1714989082
u0481,i242,5,1714989160
u0809,i482,4,1714989566
u1114,i492,5,1714990171
u0093,i171,4,1714990382
u1566,i243,1,1714991110
u1926,i411,5,1714991322
u1496,i591,5,1714991406
u0532,i268,2,1714991929
u0012,i243,3,1714993415
u1426,i429,1,1714993422
u1516,i048,4,1714993461
u0525,i565,5,1714994476
u1517,i073,1,1714994962
u1495,i046,1,1714995393
u0940,i565,3,1714995601
u0310,i122,5,1714997767
u0759,i443,5,1714998175
u0384,i160,1,1714998904
u1094,i539,4,1714999055
u0740,i467,4,1714999447
u1517,i122,5,1715000160
u0760,i512,4,1715000200
u0815,i568,4,1715000394
u1105,i071,3,1715000733
u1353,i117,4,1715000822
u1741,i573,3,1715001504
u1329,i355,5,1715001784
u0203,i256,5,1715002241
u0377,i243,5,1715002564
u0732,i521,5,1715002865
u0481,i236,5,1715004084
u0820,i134,5,1715004480
u1499,i264,4,1715004892
u1802,i051,5,1715006158
u1175,i423,4,1715006350
u1256,i568,2,1715007417
u1759,i405,1,1715008148
u1245,i333,4,1715008773
u0965,i428,5,1715008982
u0732,i008,4,1715009469
u0425,i023,5,1715010785
u0995,i476,5,1715011191
u0375,i515,5,1715011372
u1102,i058,5,1715011386
u1516,i519,3,1715012201
u0593,i461,5,1715012205
u1873,i031,4,1715012453
u1070,i483,5,1715012925
u1560,i549,5,1715013224
u0528,i425,4,1715013524
u1125,i361,2,1715013687
u1962,i357,1,1715013784
u0809,i308,4,1715014039
u1639,i023,4,1715014431
u0272,i226,4,1715014892
u0054,i541,5,1715015624
u0543,i243,1,1715015626
u0845,i530,5,1715016360
u1853,i019,5,1715016850
u1220,i516,5,1715017064
u1033,i470,4,1715017277
u0285,i456,4,1715018961
u1281,i297,5,1715020305
u1868,i233,5,1715021317
u0515,i295,4,1715021570
u0756,i014,5,1715021575
u1476,i106,3,1715021712
u1911,i471,5,1715022548
u0622,i056,2,1715022815
u0879,i332,4,1715023126
u1085,i352,4,1715023655
u1721,i466,4,1715023737
u1609,i419,4,1715023854
u0791,i399,5,1715024162
u1094,i363,4,1715025301
u0641,i423,2,1715026074
u0211,i334,4,1715026247
u0045,i056,5,1715027982
u0455,i344,5,1715028561
u1646,i242,5,1715028613
u1975,i424,5,1715028949
u1800,i207,5,1715029133
u0770,i004,4,1715029374
u0158,i333,4,1715029954
u1106,i428,4,1715030954
u0650,i268,2,1715032060
u0484,i512,4,1715032344
u1010,i291,4,1715032845
u1289,i507,4,1715033229
u0445,i507,4,1715033332
u0355,i538,5,1715034057
u1637,i405,5,1715035329
u0839,i227,5,1715035368
u1791,i340,4,1715035488
u0350,i436,4,1715035592
u1056,i341,4,1715036294
u1006,i269,4,1715037801
u1558,i492,5,1715037887
u0965,i332,4,1715038733
u1538,i015,5,1715039094
u0647,i219,5,1715039284
u1369,i594,5,1715039298
u0940,i257,4,1715039659
u1093,i372,5,1715040263
u0815,i496,3,1715040264
u0770,i243,2,1715040662
u0061,i130,5,1715041555
u1838,i419,2,1715041992
u0761,i306,5,1715042255
u1498,i219,5,1715043229
u0609,i113,2,1715043237
u0892,i271,4,1715043341
u0956,i521,2,1715043601
u0486,i249,2,1715043824
u1789,i367,4,1715044600
u1055,i104,4,1715044607
u0361,i436,5,1715044703
u0048,i371,5,1715044969
u0882,i548,3,1715045024
u0633,i106,4,1715045244
u0088,i117,2,1715045460
u1761,i553,5,1715045625
u1586,i255,4,1715045674
u0917,i293,5,1715045878
u0825,i401,5,1715045902
u0165,i040,4,1715046866
u1244,i249,5,1715047185
u1385,i106,4,1715047966
u1848,i233,4,1715048547
u1752,i477,1,1715049180
u1679,i149,4,1715049392
u1900,i461,4,1715049778
u1929,i011,4,1715050173
u0713,i031,5,1715050283
u1247,i438,5,1715050438
u1898,i580,5,1715050768
u0706,i350,5,1715050902
u1048,i547,5,1715051400
u0414,i286,4,1715052265
u0892,i599,5,1715052306
u0235,i327,4,1715052687
u0548,i261,1,1715052708
u0014,i431,3,1715053040
u0946,i390,1,1715053191
u1424,i434,5,1715053656
u0524,i419,5,1715053885
u1376,i031,5,1715054627
u1509,i461,4,1715054831
u1534,i018,2,1715054834
u1013,i371,5,1715054952
u1092,i363,1,1715055700
u1280,i019,4,1715055891
u1534,i036,3,1715055904
u0519,i463,3,1715056768
u1850,i486,5,1715057167
u1427,i419,4,1715057451
u0908,i286,4,1715057600
u0759,i332,4,1715057753
u1083,i526,5,1715057886
u1081,i087,4,1715058008
u0256,i473,5,1715059002
u1476,i066,4,1715059177
u0697,i516,5,1715059949
u0105,i210,4,1715060214
u1034,i423,4,1715060753
u0486,i535,5,1715061023
u0708,i420,4,1715061231
u0368,i454,5,1715061661
u0849,i352,2,1715061729
u1981,i544,5,1715061881
u1807,i454,4,1715062628
u0912,i550,4,1715062804
u1327,i504,4,1715063142
u1688,i529,4,1715063742
u1239,i080,4,1715063830
u0820,i243,1,1715064540
u1637,i247,4,1715064747
u0847,i341,5,1715065747
u0703,i099,1,1715066066
u1960,i484,4,1715066247
u1055,i424,3,1715066317
u1178,i194,5,1715066951
u0364,i268,4,1715068107
u0510,i143,2,1715068146
u1506,i477,4,1715068239
u1779,i291,5,1715068458
u0011,i592,5,1715068764
u0054,i512,5,1715069328
u1710,i092,4,1715070066
u1330,i287,5,1715070126
u1406,i186,3,1715070650
u0930,i259,4,1715072061
u0319,i363,2,1715072682
u1908,i470,5,1715073227
u1751,i504,5,1715073911
u1398,i282,4,1715073968
u1128,i528,4,1715074245
u0031,i268,1,1715075306
u0705,i169,2,1715075941
u1221,i057,5,1715076421
u1412,i053,4,1715076610
u0935,i420,4,1715077176
u1690,i097,5,1715077374
u1179,i393,4,1715078593
u0179,i507,1,1715078946
u1192,i469,4,1715079452
u0660,i425,4,1715079583
u0246,i287,5,1715081563
u0941,i203,4,1715081952
u0965,i409,3,1715082484
u0771,i094,4,1715082609
u0649,i599,4,1715083943
u1128,i242,4,1715085153
u1568,i395,5,1715085345
u0145,i130,3,1715085432
u1836,i586,4,1715086083
u0090,i547,4,1715087076
u1406,i210,3,1715087198
u1546,i151,5,1715088589
u0495,i237,4,1715089940
u0615,i127,2,1715090237
u1933,i564,5,1715090600
u1671,i566,2,1715090959
u1851,i526,2,1715091087
u1058,i100,5,1715091657
u1643,i070,5,1715091920
u1321,i150,4,1715092346
u0690,i093,4,1715092943
u0791,i445,5,1715093218
u1034,i504,5,1715093591
u0656,i382,4,1715094095
u0504,i566,5,1715095020
u0073,i549,4,1715095968
u1867,i086,4,1715096038
u1705,i334,5,1715096380
u1635,i580,2,1715096491
u1769,i331,5,1715097526
u1165,i419,4,1715097747
u1915,i456,1,1715098514
u1232,i236,3,1715099031
u0681,i297,5,1715099267
u1434,i353,5,1715099402
u0353,i412,3,1715099676
u1852,i401,5,1715099821
u1158,i446,5,1715100760
u1138,i001,5,1715102431
u1510,i292,5,1715102713
u1542,i526,4,1715103107
u1901,i336,4,1715103996
u1807,i243,2,1715104764
u1045,i129,4,1715105569
u1884,i031,5,1715105766
u0644,i166,5,1715105952
u0641,i229,4,1715106448
u1197,i510,1,1715106677
u0841,i591,5,1715106773
u0533,i526,5,1715106937
u1256,i146,5,1715107893
u0299,i432,5,1715108653
u0036,i361,5,1715109459
u1552,i578,5,1715109917
u1773,i143,4,1715110814
u0998,i530,2,1715111542
u0901,i334,1,1715111638
u1404,i007,4,1715111898
u1857,i140,4,1715112330
u0854,i040,4,1715112884
u0702,i015,4,1715112970
u1851,i381,4,1715113200
u1382,i461,5,1715113390
u1033,i519,5,1715113663
u1633,i245,4,1715114467
u0338,i399,4,1715114950
u1819,i022,5,1715115622
u1824,i118,4,1715117363
u1109,i575,4,1715117638
u0090,i593,4,1715118331
u0727,i031,5,1715119171
u0069,i362,2,1715119376
u1352,i341,5,1715119603
u0523,i243,4,1715119658
u0806,i072,4,1715120426
u1205,i440,4,1715121163
u1586,i291,2,1715121273
u0355,i236,4,1715121402
u1200,i136,5,1715121484
u0860,i317,4,1715121773
u0542,i587,4,1715122503
u0165,i243,2,1715122583
u0857,i038,5,1715123051
u1959,i042,5,1715123210
u0680,i140,5,1715123536
u0759,i424,5,1715123612
u0889,i554,3,1715123642
u0023,i194,1,1715123719
u1650,i333,1,1715123804
u0329,i270,5,1715124823
u1308,i261,4,1715125152
u1132,i113,5,1715125496
u1344,i355,5,1715126038
u1308,i227,5,1715126715
u0624,i043,3,1715126794
u1321,i369,3,1715127246
u1690,i219,4,1715127478
u1828,i030,5,1715127536
u1102,i253,2,1715128638
u0389,i363,5,1715128923
u1263,i097,4,1715129401
u0238,i255,1,1715129995
u1282,i275,5,1715130037
u0756,i053,5,1715130327
u1500,i588,2,1715130460
u0905,i116,5,1715131840
u0617,i033,4,1715132028
u0225,i274,4,1715132088
u1152,i507,3,1715132331
u1774,i116,5,1715133305
u0266,i004,5,1715133434
u1738,i333,5,1715133884
u1655,i243,1,1715134351
u0769,i315,5,1715135620
u1262,i480,4,1715135791
u0139,i293,5,1715135802
u0396,i287,4,1715135910
u1642,i142,5,1715138104
u0291,i351,4,1715138227
u0841,i568,4,1715138734
u1853,i410,4,1715138840
u0401,i548,5,1715139872
u1458,i568,1,1715140233
u0682,i337,4,1715140442
u1123,i562,4,1715142200
u1207,i340,4,1715142277
u0549,i431,4,1715143372
u1581,i460,5,1715143498
u0599,i291,2,1715143766
u0573,i257,4,1715143955
u1019,i500,4,1715144116
u1051,i066,1,1715145067
u1451,i178,4,1715145918
u0142,i504,4,1715147477
u0680,i268,5,1715148407
u0510,i417,4,1715148938
u1239,i004,4,1715149107
u0078,i243,1,1715149285
u0977,i448,5,1715149891
u1243,i377,5,1715150010
u1418,i243,4,1715150183
u0317,i492,4,1715150435
u1467,i458,4,1715150729
u1806,i357,4,1715151516
u1128,i368,4,1715151541
u1615,i471,5,1715151672
u1017,i268,3,1715151874
u0641,i104,5,1715151908
u1993,i031,4,1715152594
u1950,i294,4,1715153137
u1983,i338,5,1715153166
u0526,i526,4,1715153886
u0841,i291,5,1715153897
u1816,i291,4,1715154810
u0359,i055,4,1715155860
u1281,i116,4,1715155924
u0084,i417,4,1715157027
u1086,i475,2,1715157536
u1498,i329,4,1715157540
u0540,i090,4,1715157769
u1756,i243,3,1715158561
u1227,i015,4,1715158611
u1905,i294,5,1715158632
u0242,i219,5,1715158885
u1915,i243,3,1715159012
u1565,i363,4,1715159031
u1009,i470,4,1715160076
u1706,i461,1,1715160181
u1251,i333,1,1715161156
u1365,i268,5,1715161942
u1655,i419,5,1715163732
u1373,i211,4,1715164394
u0860,i520,5,1715165065
u1764,i311,5,1715165893
u1569,i162,5,1715165921
u1536,i303,5,1715166100
u1035,i447,5,1715166799
u0479,i055,5,1715166843
u0552,i467,4,1715166981
u1884,i428,3,1715167166
u1583,i315,4,1715167317
u0616,i077,5,1715167834
u0742,i101,1,1715168773
u0176,i447,5,1715169351
u1558,i015,5,1715170248
u0245,i526,5,1715170638
u1534,i116,4,1715171778
u0350,i562,4,1715172447
u0123,i267,4,1715172459
u0829,i117,5,1715172603
u1752,i143,4,1715173071
u0248,i543,3,1715173228
u0727,i580,5,1715173660
u0334,i255,4,1715173726
u1697,i261,3,1715173947
u0046,i255,2,1715174162
u1564,i081,1,1715174647
u1870,i323,5,1715174861
u1224,i061,1,1715175000
u1463,i108,2,1715175006
u1596,i241,4,1715175008
u1298,i460,5,1715175071
u1313,i282,4,1715175840
u1432,i423,1,1715175952
u0562,i297,4,1715176505
u1180,i110,5,1715177034
u1779,i273,4,1715177383
u1092,i058,3,1715177987
u0732,i327,4,1715178078
u1627,i015,4,1715178548
u0411,i512,3,1715178876
u1760,i324,4,1715178933
u0525,i140,5,1715179278
u0224,i333,2,1715179331
u1990,i076,4,1715179564
u0220,i352,2,1715180164
u0193,i529,5,1715180488
u0444,i109,5,1715181128
u0458,i127,3,1715181713
u0985,i180,5,1715182047
u0807,i357,3,1715182205
u1773,i211,5,1715183392
u0651,i321,5,1715183448
u1891,i480,5,1715183489
u0036,i243,1,1715184055
u1558,i538,5,1715184391
u0011,i243,5,1715185034
u0605,i014,4,1715185244
u0741,i381,4,1715186209
u1762,i363,1,1715186630
u1892,i340,4,1715188056
u1309,i568,2,1715188138
u1356,i447,5,1715188518
u0920,i523,5,1715188727
u0633,i596,1,1715188765
u0428,i245,5,1715189389
u0329,i178,5,1715190508
u1901,i511,5,1715191720
u1471,i340,4,1715192054
u0287,i047,5,1715193286
u0712,i234,5,1715193310
u1228,i579,4,1715193387
u1099,i377,4,1715193539
u1013,i333,1,1715194245
u0824,i454,4,1715194376
u0221,i092,2,1715194558
u1941,i598,4,1715194964
u1926,i404,1,1715195827
u0392,i363,5,1715196069
u0786,i417,4,1715197369
u0620,i243,3,1715197573
u0927,i480,4,1715198126
u1254,i356,2,1715198845
u1401,i292,4,1715199252
u1583,i590,5,1715199327
u1670,i189,5,1715199849
u1463,i290,4,1715200450
u0742,i222,5,1715200688
u0716,i037,4,1715200827
u0723,i333,4,1715201178
u1606,i134,5,1715201653
u1788,i231,5,1715202009
u0775,i507,5,1715202021
u0909,i226,4,1715202061
u1616,i364,5,1715202078
u0846,i014,2,1715202128
u0960,i394,5,1715202139
u0540,i425,5,1715203112
u1773,i023,4,1715203380
u0063,i227,2,1715204029
u0297,i117,4,1715204246
u1019,i595,1,1715205485
u0437,i340,5,1715205549
u0562,i032,5,1715205770
u1290,i421,5,1715206042
u1540,i053,1,1715206605
u0651,i333,2,1715206785
u0291,i537,2,1715206796
u1840,i040,3,1715206812
u1241,i191,5,1715207622
u0192,i145,5,1715207698
u1126,i548,5,1715207806
u0716,i032,4,1715208046
u0456,i266,4,1715208299
u1622,i207,4,1715209163
u1811,i547,4,1715209561
u1204,i297,3,1715210741
u1387,i255,5,1715211846
u0470,i281,4,1715212429
u1375,i106,5,1715212680
u0418,i140,4,1715213637
u0884,i031,5,1715213784
u0957,i426,4,1715214542
u0953,i148,4,1715214564
u0770,i333,5,1715215433
u1790,i343,5,1715216179
u0832,i243,5,1715217351
u1290,i419,2,1715217474
u0794,i409,5,1715217724
u1519,i268,5,1715218867
u0448,i521,5,1715219669
u1643,i000,5,1715219908
u0996,i380,4,1715221999
u1545,i377,2,1715222075
u0888,i537,5,1715222148
u0677,i358,5,1715222317
u1779,i397,4,1715223041
u1290,i073,4,1715223438
u0996,i568,5,1715223589
u0302,i254,4,1715223879
u1244,i564,4,1715224300
u0926,i480,5,1715224385
u0053,i152,4,1715224639
u1457,i402,4,1715225304
u0284,i480,4,1715226018
u0479,i261,5,1715226168
u0781,i445,1,1715226683
u1234,i093,5,1715227550
u0329,i342,4,1715228078
u0051,i146,5,1715228344
u0269,i350,5,1715228384
u0541,i268,2,1715228717
u1542,i023,2,1715229169
u0370,i580,4,1715231252
u0502,i564,5,1715232072
u0021,i377,5,1715232953
u1498,i173,4,1715233188
u0105,i073,2,1715233747
u1927,i397,5,1715234281
u0221,i292,4,1715235728
u1791,i368,4,1715236041
u1141,i373,5,1715236216
u1953,i268,1,1715237988
u1387,i504,4,1715238332
u0411,i364,4,1715238441
u1920,i093,4,1715238603
u1232,i291,5,1715239235
u1122,i360,4,1715239348
u1867,i137,4,1715239415
u0764,i374,2,1715239532
u1568,i436,4,1715240030
u1274,i507,5,1715240665
u1883,i437,5,1715240886
u1115,i595,1,1715241402
u1485,i456,5,1715241490
u0170,i071,4,1715241835
u0956,i285,5,1715243015
u0011,i589,4,1715243671
u1404,i334,1,1715244302
u0836,i255,5,1715245117
u0252,i066,1,1715246068
u1779,i117,4,1715246140
u0521,i459,4,1715247451
u1227,i333,2,1715248038
u0541,i034,5,1715248422
u0119,i236,5,1715248490
u1342,i552,3,1715249396
u0833,i363,1,1715249425
u1297,i193,5,1715251375
u1965,i541,4,1715252241
u0525,i454,5,1715253150
u0987,i204,4,1715253286
u1225,i201,3,1715253342
u1684,i144,4,1715253431
u1720,i004,3,1715253512
u0033,i143,5,1715253513
u0228,i243,2,1715253764
u1725,i290,4,1715253823
u1031,i140,4,1715254239
u0641,i212,4,1715254613
u1720,i389,5,1715254872
u1018,i377,4,1715255110
u1437,i236,5,1715255113
u1011,i211,5,1715255594
u1465,i171,4,1715257081
u0437,i099,4,1715257261
u0664,i352,5,1715257738
u0391,i236,5,1715257887
u1584,i384,5,1715258024
u0387,i332,5,1715259509
u0023,i334,5,1715259669
u0696,i511,4,1715260324
u1668,i568,5,1715260332
u0988,i290,5,1715260664
u1667,i290,5,1715260768
u1130,i195,4,1715261006
u1356,i247,2,1715261426
u1522,i089,5,1715262497
u1222,i585,4,1715263310
u1600,i093,5,1715263422
u1241,i528,4,1715264102
u0316,i015,5,1715264742
u0579,i230,1,1715265002
u0164,i118,4,1715265406
u0126,i333,1,1715265806
u0106,i419,1,1715266478
u1068,i363,5,1715267548
u1195,i455,5,1715267799
u1254,i265,4,1715267817
u0190,i452,5,1715268141
u1915,i488,4,1715268254
u1482,i599,5,1715268293
u1020,i031,1,1715269507
u1778,i526,1,1715269756
u1602,i254,5,1715270079
u0997,i176,5,1715272028
u1495,i511,5,1715272727
u0505,i579,5,1715272733
u1091,i367,5,1715273463
u0988,i447,5,1715274057
u0536,i300,5,1715275513
u1801,i147,2,1715275776
u0778,i132,5,1715276348
u1715,i333,1,1715276740
u0913,i191,5,1715277235
u1888,i268,4,1715277407
u1914,i221,4,1715277532
u1934,i357,4,1715277814
u1955,i334,4,1715277992
u1928,i412,5,1715278049
u0286,i416,4,1715278191
u1643,i117,5,1715278442
u0016,i519,4,1715278452
u0706,i147,4,1715278793
u0290,i265,4,1715279100
u0133,i110,5,1715279114
u1830,i266,5,1715279700
u0754,i008,5,1715280630
u1828,i157,4,1715280935
u0325,i261,4,1715281474
u1826,i243,2,1715281995
u1824,i571,1,1715282143
u1117,i480,4,1715283003
u1117,i291,4,1715284241
u1446,i544,5,1715284516
u0615,i009,4,1715284998
u0332,i371,5,1715285323
u1953,i405,5,1715285559
u1359,i335,3,1715285657
u0987,i467,2,1715287503
u0067,i507,5,1715287588
u0534,i377,1,1715288395
u1832,i135,5,1715289208
u0502,i589,4,1715289337
u1852,i570,5,1715289420
u0237,i562,5,1715289466
u0747,i219,5,1715290010
u1333,i400,3,1715290032
u0638,i243,2,1715290036
u0540,i243,3,1715290430
u1542,i220,5,1715291777
u1621,i084,4,1715292005
u1492,i333,5,1715293153
u1644,i027,4,1715293222
u1475,i377,5,1715293402
u0846,i420,5,1715294320
u1723,i349,4,1715294339
u1111,i416,4,1715295825
u1737,i333,4,1715296220
u1788,i324,4,1715297177
u0874,i330,5,1715297601
u1503,i465,4,1715297908
u1895,i113,5,1715297941
u1125,i470,4,1715298259
u0566,i243,1,1715299516
u0479,i194,3,1715299673
u1380,i367,4,1715299724
u0064,i113,5,1715299771
u0851,i062,4,1715300547
u0257,i520,4,1715300860
u1463,i435,2,1715301795
u0423,i171,5,1715301944
u1657,i015,4,1715302370
u0208,i043,5,1715302388
u1576,i255,5,1715302879
u1461,i015,4,1715304291
u0143,i182,4,1715305642
u1178,i107,3,1715307182
u0233,i571,4,1715307510
u1246,i548,5,1715307591
u1143,i136,4,1715307995
u0586,i508,4,1715308172
u0918,i265,4,1715308842
u1853,i092,5,1715309129
u1508,i106,1,1715309761
u0064,i456,2,1715310348
u1304,i404,4,1715311308
u0872,i460,4,1715311324
u1597,i377,4,1715311706
u1985,i361,4,1715312030
u1127,i107,5,1715312655
u1438,i244,4,1715313052
u0101,i048,1,1715313076
u1119,i047,4,1715313339
u1589,i595,5,1715313532
u1451,i428,5,1715313727
u0290,i563,5,1715314031
u1556,i541,5,1715314205
u1379,i159,5,1715314405
u0661,i097,2,1715314632
u1481,i428,1,1715315196
u1368,i185,5,1715315412
u0117,i185,4,1715315435
u1657,i042,4,1715316105
u1109,i490,4,1715316150
u1609,i388,5,1715316388
u1182,i468,1,1715317009
u0184,i017,3,1715317036
u1581,i461,4,1715317666
u0689,i155,5,1715317726
u1698,i243,2,1715319057
u0841,i397,5,1715320503
u1619,i137,5,1715320982
u0532,i577,4,1715321800
u0756,i205,4,1715321905
u1839,i420,4,1715322370
u1104,i134,3,1715322467
u1753,i007,4,1715322976
u0799,i244,2,1715323691
u0207,i241,5,1715324036
u0876,i415,5,1715324296
u0168,i529,5,1715324585
u0556,i409,4,1715324946
u1566,i220,4,1715326219
u0373,i334,5,1715326357
u0866,i243,3,1715326484
u1250,i341,3,1715327187
u1033,i428,3,1715327301
u0809,i274,4,1715327546
u0045,i113,4,1715328169
u1158,i402,4,1715328528
u1096,i477,5,1715329571
u0300,i096,3,1715330782
u1908,i377,5,1715331475
u1708,i395,5,1715331480
u1029,i541,5,1715331676
u1064,i107,4,1715332102
u0967,i529,4,1715332244
u1113,i371,1,1715333007
u1082,i355,4,1715333266
u0243,i579,5,1715333379
u1661,i440,5,1715333622
u0847,i205,5,1715333794
u1924,i063,4,1715334070
u1845,i303,4,1715334125
u1095,i377,5,1715335318
u1927,i357,1,1715335437
u1016,i106,4,1715335632
u1869,i539,4,1715337275
u0968,i475,4,1715337392
u1220,i245,5,1715338700
u1491,i162,5,1715338732
u1270,i417,4,1715339360
u0440,i349,4,1715339401
u0837,i517,5,1715339924
u1697,i558,5,1715339951
u0589,i507,5,1715340136
u1827,i261,2,1715340447
u0845,i348,4,1715340487
u0685,i204,5,1715341138
u1573,i048,5,1715342955
u0660,i229,4,1715343259
u1012,i477,4,1715344144
u0320,i442,2,1715345149
u1240,i254,2,1715345608
u0095,i507,4,1715345725
u1626,i445,5,1715346880
u1554,i268,3,1715347446
u1083,i106,3,1715349571
u1249,i273,5,1715350424
u0836,i461,4,1715351655
u1252,i470,4,1715352280
u0486,i322,4,1715352530
u1977,i460,1,1715353952
u1790,i564,5,1715353976
u0624,i237,5,1715355528
u0573,i071,5,1715355750
u0997,i567,2,1715356342
u1217,i552,4,1715356531
u0209,i216,4,1715357597
u1170,i480,4,1715357619
u1664,i243,2,1715357790
u0178,i034,5,1715359794
u0696,i334,5,1715359857
u1257,i009,5,1715360358
u0766,i210,3,1715360957
u1016,i204,4,1715361256
u1594,i333,1,1715361445
u1608,i530,5,1715362010
u0448,i292,4,1715362824
u1206,i355,4,1715362922
u0933,i259,4,1715363286
u1757,i291,3,1715363700
u0590,i429,1,1715364357
u1217,i334,5,1715364641
u1070,i073,4,1715364990
u0308,i266,5,1715365537
u1772,i498,5,1715368168
u1476,i256,4,1715368662
u1665,i218,5,1715369014
u1708,i364,2,1715370034
u1843,i552,4,1715370241
u1761,i066,4,1715370903
u1309,i413,4,1715371318
u1634,i149,5,1715371557
u0529,i549,5,1715372731
u0283,i146,4,1715372866
u0765,i539,2,1715373405
u0120,i101,5,1715374273
u0687,i576,4,1715374315
u0343,i034,4,1715374478
u1790,i089,5,1715375005
u0636,i461,5,1715376171
u1461,i340,4,1715377120
u1201,i202,5,1715377307
u1381,i332,2,1715377579
u0170,i381,4,1715377732
u0412,i265,4,1715377849
u1496,i264,4,1715378232
u1561,i580,1,1715379816
u0719,i541,2,1715380345
u0031,i449,2,1715380788
u0441,i267,4,1715380876
u0462,i372,5,1715381844
u0816,i212,3,1715381906
u1497,i179,1,1715382316
u0592,i055,5,1715383200
u1109,i333,4,1715383219
u1802,i219,4,1715384057
u0480,i081,4,1715384084
u1609,i375,5,1715384995
u0095,i332,4,1715385597
u0578,i428,5,1715385905
u1195,i503,2,1715386781
u1060,i397,1,1715387039
u1075,i583,4,1715388333
u1143,i107,4,1715388340
u1019,i009,4,1715388475
u0364,i090,5,1715388676
u0822,i349,3,1715388711
u1716,i268,5,1715388766
u0769,i590,5,1715389640
u0428,i042,5,1715389918
u0543,i282,4,1715390025
u1220,i363,4,1715390436
u0820,i242,4,1715390531
u0831,i429,5,1715390795
u0532,i357,4,1715390829
u1886,i317,5,1715391296
u1936,i498,4,1715391669
u0984,i577,3,1715391823
u1166,i394,4,1715392351
u1877,i130,5,1715393924
u0293,i533,2,1715394342
u1883,i084,4,1715394522
u0609,i019,5,1715394653
u1197,i173,4,1715395042
u1836,i341,5,1715395275
u0005,i127,5,1715395699
u0943,i117,5,1715395969
u0519,i537,5,1715396684
u1118,i364,5,1715396826
u1132,i056,4,1715398423
u0155,i598,5,1715398487
u1652,i362,4,1715398710
u1545,i215,4,1715399372
u1104,i312,4,1715400120
u0052,i268,3,1715401307
u1817,i548,5,1715401326
u1128,i597,5,1715401383
u1855,i089,5,1715401477
u1012,i051,5,1715402115
u1808,i207,1,1715402155
u0921,i536,2,1715402283
u0393,i458,5,1715403069
u1394,i513,4,1715403353
u0047,i261,3,1715404264
u1073,i042,4,1715404452
u1809,i352,4,1715404658
u1548,i333,1,1715405957
u1857,i393,4,1715406696
u0568,i046,5,1715407089
u0019,i004,5,1715408169
u0252,i122,4,1715408257
u1080,i015,5,1715409471
u0276,i419,4,1715409903
u1502,i140,5,1715411049
u0512,i523,5,1715411266
u1958,i245,4,1715411495
u1508,i048,5,1715411585
u1581,i009,5,1715411790
u1144,i395,4,1715412236
u0509,i243,1,1715413249
u0370,i575,5,1715413443
u0536,i274,3,1715414457
u1879,i054,4,1715414613
u1977,i373,4,1715415812
u0174,i357,5,1715416502
u0714,i254,4,1715416804
u1283,i152,5,1715417663
u1544,i272,4,1715417903
u0520,i384,4,1715418245
u0906,i243,2,1715418670
u0382,i261,5,1715418693
u1933,i057,5,1715418733
u1845,i523,5,1715419082
u1364,i381,5,1715419115
u1244,i427,5,1715419454
u0440,i256,5,1715419786
u1117,i117,4,1715419874
u0348,i319,4,1715420738
u0748,i134,4,1715420741
u1239,i268,2,1715421063
u1396,i177,4,1715421510
u0730,i484,4,1715421531
u1873,i116,4,1715421697
u0642,i547,4,1715421974
u1149,i285,4,1715422323
u1142,i069,3,1715422471
u1739,i194,4,1715422695
u0365,i117,4,1715422879
u0192,i073,2,1715422951
u1376,i329,5,1715423548
u1463,i578,4,1715423915
u0091,i561,4,1715424390
u0672,i378,5,1715424677
u0412,i010,5,1715424993
u1420,i002,5,1715425431
u1375,i097,1,1715425666
u0439,i015,5,1715427548
u0235,i411,5,1715427794
u1575,i501,5,1715428127
u1193,i530,5,1715428439
u1052,i363,5,1715428897
u1677,i445,5,1715429076
u0766,i243,2,1715429427
u1155,i593,5,1715430234
u1802,i567,4,1715431530
u0719,i100,1,1715432120
u0638,i461,4,1715433340
u1893,i032,1,1715433444
u0767,i146,3,1715433479
u1169,i448,5,1715434137
u0851,i295,4,1715435992
u1732,i470,1,1715436443
u0558,i034,2,1715436569
u1666,i396,4,1715436659
u0217,i428,4,1715436883
u0216,i205,5,1715437899
u0076,i243,1,1715438005
u1051,i301,3,1715439530
u0549,i461,5,1715439808
u1790,i525,2,1715439843
u1738,i498,5,1715441507
u1780,i254,4,1715442695
u0079,i055,3,1715442856
u1676,i055,3,1715444030
u1700,i260,4,1715444567
u0613,i332,4,1715444913
u0079,i454,4,1715445214
u0615,i130,5,1715445553
u1164,i261,5,1715445720
u0215,i447,4,1715446008
u1807,i241,4,1715446028
u1720,i507,4,1715447752
u1337,i356,1,1715448152
u1996,i414,5,1715448960
u0880,i363,4,1715449028
u1544,i139,4,1715449713
u1835,i207,4,1715449790
u0402,i019,5,1715450296
u0776,i093,4,1715451362
u0566,i563,5,1715451438
u0546,i360,5,1715452227
u0286,i169,4,1715452689
u0449,i334,4,1715452745
u1153,i250,4,1715453013
u0965,i583,5,1715453787
u0475,i291,2,1715454555
u0528,i140,5,1715454788
u1478,i447,3,1715455400
u1844,i428,4,1715456348
u0048,i268,4,1715457216
u0396,i082,4,1715457308
u1278,i013,5,1715457432
u0116,i360,5,1715457514
u1457,i320,4,1715457546
u0344,i511,4,1715458638
u1058,i357,5,1715459619
u1724,i334,3,1715460755
u1684,i331,4,1715461132
u1535,i268,5,1715463011
u1017,i016,5,1715463937
u0888,i012,3,1715464026
u1381,i488,4,1715464179
u0744,i364,5,1715464677
u0216,i351,4,1715464741
u1478,i254,2,1715464741
u1384,i331,5,1715464880
u0444,i519,5,1715465585
u1251,i540,4,1715465821
u0787,i528,4,1715466672
u0943,i287,5,1715467899
u0043,i039,3,1715468328
u1540,i246,5,1715469129
u0053,i472,5,1715469555
u1333,i423,4,1715469607
u1789,i377,3,1715469725
u0374,i152,4,1715469866
u1465,i504,2,1715470484
u1036,i503,5,1715470558
u1215,i433,5,1715470967
u1852,i358,4,1715471471
u0492,i113,4,1715472283
u0176,i530,4,1715472366
u0723,i290,2,1715472458
u1897,i504,4,1715472538
u1515,i598,4,1715472749
u1414,i300,4,1715472752
u1395,i055,4,1715472885
u0686,i294,2,1715474491
u0516,i351,4,1715475253
u0685,i291,1,1715475460
u0193,i127,4,1715475468
u1386,i563,4,1715476154
u1151,i512,5,1715476250
u0648,i019,5,1715476621
u1290,i363,1,1715476660
u0087,i505,5,1715476800
u0783,i593,4,1715477384
u0824,i013,5,1715477865
u0370,i045,5,1715478070
u0222,i073,5,1715478755
u0835,i220,4,1715480090
u0724,i107,4,1715480367
u0942,i341,4,1715481527
u1041,i274,4,1715482483
u1936,i580,4,1715482763
u1930,i193,4,1715484031
u1544,i014,3,1715484472
u0685,i502,5,1715485325
u1572,i361,5,1715485333
u1607,i180,4,1715485560
u1894,i507,5,1715485624
u1383,i397,2,1715485634
u1019,i585,2,1715485667
u1996,i014,5,1715487312
u0676,i443,3,1715487694
u0374,i062,4,1715488349
u0379,i425,5,1715488474
u0335,i108,4,1715488509
u1904,i361,4,1715489269
u0535,i503,4,1715489416
u1676,i221,5,1715489580
u0200,i521,5,1715490346
u0031,i308,5,1715491207
u1754,i201,2,1715491378
u0725,i455,5,1715492412
u0557,i117,4,1715492594
u1624,i274,2,1715493023
u1711,i568,4,1715493519
u0988,i304,4,1715493747
u1873,i108,5,1715493792
u1738,i297,5,1715494253
u1723,i093,5,1715494782
u1103,i249,5,1715495407
u0691,i268,5,1715495579
u0162,i243,4,1715495587
u0257,i372,4,1715496349
u0639,i022,4,1715497361
u0679,i519,4,1715497855
u1004,i589,2,1715497924
u0188,i448,5,1715499362
u0107,i333,2,1715499582
u0119,i303,4,1715500961
u0547,i060,4,1715501064
u1530,i219,1,1715501092
u0525,i166,4,1715501142
u0163,i393,3,1715501265
u1537,i113,5,1715501762
u1120,i238,4,1715502109
u1354,i173,3,1715502619
u1113,i048,4,1715503029
u1494,i205,3,1715503493
u0098,i482,5,1715503791
u0514,i243,5,1715503937
u0911,i490,5,1715504069
u0658,i268,1,1715504466
u1199,i504,5,1715506106
u1288,i220,5,1715507444
u1598,i152,2,1715508145
u0587,i201,5,1715508736
u1698,i297,4,1715510995
u1855,i357,4,1715511174
u1880,i076,4,1715511497
u1440,i361,4,1715512297
u1108,i357,4,1715512904
u0616,i015,4,1715513392
u1237,i106,5,1715513645
u0779,i388,5,1715514198
u0779,i229,4,1715514411
u0540,i292,5,1715514431
u0029,i290,1,1715515139
u1744,i526,4,1715515461
u1392,i137,5,1715516408
u1433,i245,5,1715517306
u1373,i038,4,1715517471
u1539,i042,1,1715517542
u1846,i278,4,1715518719
u0740,i227,5,1715518925
u0011,i377,3,1715519121
u0718,i388,4,1715520188
u0088,i513,5,1715521025
u1248,i529,5,1715521078
u1502,i375,5,1715521113
u1088,i595,3,1715521581
u0418,i008,5,1715522400
u0942,i344,4,1715522504
u0441,i461,4,1715522529
u0141,i448,5,1715523566
u1687,i129,4,1715523585
u1309,i113,5,1715524180
u0129,i028,1,1715526065
u0738,i387,3,1715526152
u1402,i440,4,1715526186
u0076,i053,5,1715526239
u0290,i572,4,1715526720
u0765,i432,5,1715526761
u0479,i369,4,1715527063
u0543,i277,5,1715527674
u1695,i481,5,1715528262
u1622,i113,3,1715528428
u0145,i575,4,1715528721
u0810,i068,5,1715529166
u0104,i572,5,1715529184
u1963,i479,4,1715529261
u0365,i213,2,1715530178
u0731,i137,5,1715530432
u1465,i180,5,1715531432
u1605,i363,1,1715531816
u0584,i411,5,1715531889
u0904,i106,5,1715531908
u0001,i540,5,1715532189
u0615,i461,5,1715532767
u0084,i440,5,1715533109
u0214,i255,5,1715533395
u0425,i109,5,1715533723
u1332,i454,4,1715534881
u0298,i409,4,1715534999
u1493,i073,5,1715535111
u0576,i019,4,1715535490
u1597,i048,1,1715535762
u0795,i378,5,1715536009
u0157,i554,4,1715536688
u1821,i488,5,1715536790
u0680,i393,4,1715537126
u0386,i504,4,1715537146
u1972,i204,5,1715537468
u0654,i199,4,1715537493
u1968,i243,5,1715538022
u1989,i511,4,1715538692
u1271,i334,4,1715539466
u0044,i525,5,1715540050
u1951,i499,4,1715542488
u1124,i445,4,1715542547
u1834,i243,4,1715542803
u1091,i526,5,1715543486
u1119,i268,4,1715543547
u1587,i529,2,1715544015
u1575,i376,5,1715544137
u0719,i162,4,1715544717
u0462,i291,3,1715546493
u1273,i419,4,1715546883
u1474,i447,5,1715547282
u0982,i566,5,1715547906
u1659,i346,4,1715548124
u0220,i335,1,1715548579
u0332,i516,3,1715548957
u0934,i377,4,1715549185
u0464,i160,4,1715550137
u0630,i377,5,1715550147
u1498,i108,4,1715550332
u1722,i186,4,1715550542
u1993,i409,5,1715550546
u1548,i243,4,1715552114
u1733,i252,3,1715552132
u0965,i529,4,1715552972
u1726,i118,5,1715553823
u0044,i257,4,1715554065
u1534,i568,3,1715554173
u1169,i377,4,1715554591
u0087,i179,4,1715554719
u0481,i363,4,1715555162
u0152,i333,2,1715555192
u1373,i483,4,1715555567
u0152,i357,5,1715556951
u1254,i504,5,1715557667
u1283,i062,4,1715557872
u0083,i237,2,1715558956
u1542,i039,1,1715559103
u0136,i243,2,1715560933
u1831,i022,5,1715561265
u0189,i243,4,1715561571
u1569,i238,4,1715561572
u0087,i206,2,1715562346
u0736,i386,3,1715562383
u0454,i453,4,1715562390
u1307,i243,5,1715562623
u1102,i053,4,1715562715
u0271,i125,1,1715563584
u0485,i502,4,1715565019
u0269,i560,3,1715565747
u0734,i566,5,1715566932
u0620,i209,1,1715567366
u0375,i134,4,1715567685
u1873,i575,4,1715568070
u0174,i375,1,1715568086
u0720,i110,4,1715568193
u0616,i302,5,1715568221
u0475,i493,2,1715568558
u0357,i210,5,1715569665
u1409,i025,4,1715569722
u1444,i587,5,1715569822
u1930,i132,4,1715570030
u1980,i344,1,1715570118
u0298,i108,5,1715570270
u1152,i097,4,1715570544
u1875,i254,5,1715571275
u0354,i243,1,1715571388
u1110,i413,5,1715571507
u1811,i480,4,1715571643
u0153,i025,4,1715572170
u0612,i066,4,1715572223
u0580,i020,4,1715572587
u0649,i271,4,1715573051
u1670,i535,5,1715574084
u1469,i423,4,1715574155
u1097,i097,4,1715574480
u0735,i147,4,1715574557
u1612,i595,5,1715574590
u1427,i104,5,1715574902
u0789,i550,5,1715575738
u1305,i167,5,1715575904
u1585,i414,4,1715576156
u0294,i065,5,1715576719
u0552,i361,4,1715576872
u0008,i342,4,1715579040
u0286,i261,5,1715579812
u1123,i380,2,1715580800
u1773,i268,3,1715581651
u1681,i048,4,1715582444
u1310,i564,5,1715583339
u1156,i204,4,1715583418
u0020,i438,5,1715583975
u0014,i349,5,1715584163
u1517,i109,2,1715584916
u0771,i270,4,1715585719
u0949,i138,4,1715585935
u0005,i507,5,1715587695
u1863,i033,4,1715587860
u1387,i243,2,1715589415
u0941,i234,5,1715589643
u1783,i179,5,1715590150
u1324,i501,4,1715590878
u0511,i042,4,1715590936
u1038,i461,5,1715591919
u1020,i250,5,1715592003
u1690,i164,2,1715592841
u0644,i256,5,1715593640
u1791,i454,1,1715593877
u1065,i564,5,1715593940
u1866,i377,1,1715594054
u0581,i297,5,1715595440
u1280,i114,5,1715595747
u1860,i549,2,1715596768
u0572,i351,5,1715596935
u1410,i446,2,1715596989
u0711,i050,1,1715597196
u1585,i177,4,1715597952
u0327,i162,5,1715598205
u0338,i149,1,1715598602
u1402,i340,4,1715598834
u1892,i324,5,1715599446
u1716,i016,3,1715599451
u1311,i001,5,1715600433
u1092,i247,2,1715601003
u1203,i117,2,1715601097
u1305,i037,2,1715601218
u0863,i567,5,1715601342
u0927,i155,4,1715601700
u1649,i023,4,1715601727
u1243,i384,1,1715602856
u1557,i469,4,1715603847
u1939,i268,4,1715605402
u1680,i098,4,1715605619
u0028,i447,5,1715606122
u1907,i531,5,1715608091
u1308,i303,2,1715608374
u1500,i038,2,1715608687
u0989,i341,5,1715608748
u1352,i334,5,1715608873
u0327,i361,2,1715608973
u1653,i332,5,1715609364
u1664,i472,5,1715609652
u1816,i427,1,1715609978
u0829,i001,2,1715610784
u0754,i323,2,1715611072
u0575,i048,1,1715611827
u0918,i550,5,1715612377
u1542,i097,4,1715614711
u1828,i048,1,1715614974
u0290,i261,3,1715615754
u0651,i272,4,1715616549
u0783,i301,1,1715616902
u0998,i409,3,1715617134
u1724,i333,2,1715617307
u1263,i526,5,1715617530
u0981,i101,5,1715618296
u0292,i113,4,1715618444
u0146,i019,5,1715618552
u1452,i376,4,1715619141
u1173,i575,4,1715619158
u0324,i078,2,1715619265
u0301,i365,4,1715619266
u1028,i227,5,1715619796
u0617,i254,4,1715619890
u0636,i252,3,1715620028
u1204,i229,5,1715620121
u0935,i097,5,1715620149
u1204,i206,4,1715620165
u0295,i425,4,1715621746
u1842,i479,5,1715622108
u0840,i268,4,1715622162
u1771,i439,2,1715622164
u1011,i337,5,1715622255
u0717,i220,4,1715623337
u0448,i319,5,1715624379
u0931,i549,4,1715625793
u0288,i013,4,1715626337
u0914,i122,5,1715626973
u1247,i292,2,1715627099
u1467,i377,1,1715627394
u1879,i363,4,1715629147
u0846,i517,5,1715629190
u1978,i100,5,1715629275
u1076,i339,5,1715629421
u0266,i148,5,1715629727
u0520,i139,5,1715629979
u1369,i516,5,1715630732
u0774,i084,4,1715630953
u0104,i470,4,1715631059
u1789,i490,5,1715631115
u0679,i265,4,1715631302
u1370,i214,5,1715631322
u0877,i420,4,1715631478
u0661,i243,2,1715633655
u1244,i357,4,1715633907
u1443,i419,5,1715634256
u1873,i500,1,1715635951
u1038,i333,2,1715636729
u1539,i170,5,1715636866
u0150,i113,4,1715637188
u1335,i568,2,1715637839
u1593,i357,4,1715637903
u0371,i009,4,1715638023
u1382,i483,5,1715638218
u0411,i447,5,1715640588
u0210,i175,4,1715641591
u1701,i243,5,1715641787
u0694,i094,5,1715641852
u1783,i108,1,1715641895
u1153,i529,4,1715642144
u0152,i564,4,1715642268
u1492,i032,4,1715642756
u0541,i216,5,1715643312
u1855,i123,4,1715643456
u0795,i091,4,1715643682
u0354,i382,2,1715643791
u0190,i289,5,1715644871
u1859,i281,4,1715645082
u1297,i206,5,1715645151
u1487,i417,5,1715645377
u0789,i333,3,1715645393
u0114,i095,4,1715645543
u1799,i060,5,1715645663
u0582,i292,5,1715645758
u1530,i516,4,1715646174
u0306,i243,5,1715646598
u1799,i460,4,1715647248
u1846,i218,4,1715647484
u0971,i501,5,1715647580
u1324,i470,5,1715647895
u0492,i539,5,1715649299
u1405,i337,4,1715649637
u1698,i351,2,1715650030
u0628,i593,1,1715650163
u1210,i568,2,1715650524
u0966,i507,1,1715650600
u1847,i349,4,1715651456
u0860,i543,4,1715651842
u1366,i084,3,1715653122
u1294,i248,4,1715653459
u1740,i054,4,1715653507
u0265,i291,5,1715653790
u1317,i470,5,1715654557
u0119,i134,5,1715654975
u1998,i541,5,1715655206
u1663,i182,5,1715656107
u0305,i280,5,1715656137
u0132,i489,5,1715656174
u1634,i566,4,1715656714
u1608,i461,1,1715656863
u1063,i038,4,1715656890
u0965,i041,4,1715657249
u1097,i220,4,1715657483
u1567,i118,4,1715658259
u1357,i339,4,1715658432
u1040,i470,3,1715658442
u1438,i133,4,1715659265
u0595,i092,5,1715659543
u0936,i254,4,1715659896
u0544,i058,5,1715659960
u1028,i480,4,1715660090
u0534,i570,5,1715660690
u0441,i436,4,1715661854
u0296,i429,4,1715661955
u1672,i031,4,1715662922
u1033,i243,2,1715663180
u1873,i333,4,1715663401
u1621,i364,3,1715663498
u1763,i294,4,1715663522
u0031,i063,5,1715663661
u1897,i060,5,1715663716
u1135,i233,4,1715665227
u0029,i091,2,1715666057
u1112,i563,5,1715666515
u1958,i363,4,1715666666
u0262,i480,5,1715667014
u0467,i106,4,1715668631
u0753,i038,5,1715670071
u1493,i060,4,1715670299
u1722,i429,5,1715670915
u1463,i215,4,1715671134
u0352,i011,4,1715671942
u1302,i243,3,1715672013
u0435,i568,4,1715672346
u1779,i176,5,1715672377
u0606,i493,4,1715672531
u0214,i291,2,1715672840
u1786,i243,2,1715672965
u1651,i560,3,1715673188
u0529,i526,2,1715673667
u1031,i352,5,1715676304
u1368,i466,5,1715676988
u0501,i237,4,1715678677
u0868,i261,3,1715679114
u0808,i599,5,1715679153
u0692,i378,4,1715679398
u1609,i327,4,1715679468
u1607,i113,3,1715679551
u1469,i514,4,1715679701
u0131,i276,3,1715680468
u0507,i007,2,1715681127
u0924,i507,4,1715681898
u0954,i231,1,1715682294
u0059,i314,4,1715682389
u0093,i305,4,1715682884
u1027,i233,3,1715682944
u1600,i411,4,1715683163
u0779,i390,4,1715683372
u0626,i119,5,1715683526
u1313,i367,4,1715683634
u0034,i055,1,1715683772
u0209,i560,5,1715684025
u0224,i162,2,1715684206
u1817,i363,4,1715685048
u1116,i507,1,1715685399
u1625,i237,5,1715685868
u0418,i521,4,1715685912
u1363,i454,4,1715686662
u1983,i241,2,1715687071
u1338,i336,4,1715687724
u1583,i394,5,1715687798
u1616,i587,4,1715687868
u0132,i411,4,1715688565
u1960,i261,5,1715688774
u0705,i038,5,1715689056
u1713,i521,5,1715689064
u0894,i109,5,1715689199
u0639,i130,5,1715689383
u0269,i460,3,1715689920
u0628,i341,5,1715690068
u1906,i341,5,1715690174
u1098,i266,4,1715691200
u0313,i568,4,1715691408
u1432,i377,1,1715691429
u1168,i462,2,1715691732
u1813,i288,4,1715691887
u0933,i377,4,1715692361
u1080,i594,4,1715692364
u1381,i378,3,1715692779
u1376,i116,4,1715693274
u0552,i261,4,1715693853
u1326,i363,1,1715696237
u0235,i414,3,1715696296
u1253,i266,4,1715696444
u1757,i044,4,1715696457
u1719,i439,4,1715696760
u1953,i333,5,1715696866
u0272,i414,4,1715697328
u1365,i008,4,1715697334
u1057,i078,4,1715697488
u0283,i595,3,1715698099
u1120,i198,1,1715698630
u1174,i171,4,1715698642
u1779,i227,4,1715698740
u1530,i361,3,1715698880
u0155,i470,1,1715699454
u1761,i248,4,1715699535
u0417,i092,5,1715699790
u1331,i357,2,1715700442
u0260,i460,5,1715700577
u0137,i169,5,1715700953
u0322,i218,5,1715701074
u0261,i363,5,1715701463
u0740,i568,4,1715701725
u1133,i243,2,1715701842
u0896,i145,1,1715702093
u1928,i384,4,1715702188
u0062,i278,1,1715702600
u1740,i417,5,1715703005
u0443,i243,1,1715703724
u0642,i568,4,1715703829
u1037,i492,5,1715704647
u0266,i032,5,1715704939
u0074,i211,3,1715705232
u1244,i102,4,1715705956
u0032,i568,4,1715706033
u0109,i334,2,1715707440
u1936,i333,5,1715707499
u0082,i276,5,1715707618
u0195,i452,5,1715707641
u0040,i100,5,1715708605
u1846,i568,4,1715708680
u0473,i224,4,1715708916
u1758,i177,4,1715709120
u0716,i207,5,1715709617
u0896,i206,4,1715710627
u1893,i255,3,1715710765
u1244,i447,5,1715711740
u0872,i436,4,1715712105
u0224,i131,2,1715712636
u0293,i377,2,1715712774
u1299,i333,4,1715712904
u0271,i519,5,1715713283
u1693,i337,1,1715714326
u1677,i012,2,1715714633
u1867,i218,5,1715715933
u1330,i117,4,1715716697
u0975,i008,5,1715717232
u1887,i357,4,1715717533
u1043,i073,4,1715717562
u1457,i058,4,1715718659
u0604,i572,5,1715719051
u1751,i363,2,1715719253
u1040,i026,5,1715719562
u0321,i013,5,1715719588
u1537,i433,5,1715719602
u1663,i243,3,1715720141
u1325,i595,5,1715721145
u0544,i177,4,1715721242
u0454,i361,2,1715721690
u0444,i022,5,1715721806
u0416,i417,4,1715721935
u0733,i597,1,1715723347
u1354,i440,5,1715723553
u1342,i438,5,1715723662
u1781,i220,4,1715724808
u1325,i236,4,1715725016
u0040,i290,4,1715725280
u1651,i357,5,1715726449
u0367,i268,2,1715726534
u1506,i213,4,1715728376
u0753,i537,4,1715728614
u0989,i452,4,1715728763
u1419,i080,3,1715729343
u0088,i008,4,1715729434
u0797,i202,4,1715729459
u0572,i177,5,1715729817
u0605,i040,4,1715729848
u1510,i269,1,1715730016
u1026,i300,5,1715730136
u0876,i361,4,1715730157
u1369,i493,2,1715730277
u0734,i268,3,1715730330
u1520,i275,2,1715730831
u0145,i298,4,1715732417
u1002,i334,5,1715733062
u1538,i594,4,1715733399
u1003,i417,4,1715734750
u0758,i091,5,1715735175
u0583,i548,5,1715735690
u0915,i174,4,1715735861
u0762,i106,5,1715736253
u0301,i268,3,1715736316
u0926,i137,5,1715736388
u0699,i414,4,1715737077
u1455,i081,5,1715737401
u0549,i535,4,1715737407
u1125,i255,4,1715737428
u0936,i361,5,1715738033
u0715,i427,5,1715738238
u0595,i237,5,1715738740
u1423,i378,5,1715739068
u1470,i269,1,1715739192
u1262,i233,2,1715739306
u1948,i122,5,1715739879
u1160,i229,5,1715739990
u0408,i541,4,1715740361
u1317,i537,4,1715741056
u0693,i526,5,1715741071
u1944,i029,5,1715741773
u0434,i022,4,1715741832
u1040,i286,5,1715743089
u0414,i361,5,1715743662
u0702,i569,5,1715743962
u1520,i068,5,1715744364
u1738,i187,5,1715744830
u1269,i104,5,1715744885
u0656,i268,1,1715745275
u1614,i143,1,1715745484
u0357,i244,2,1715745787
u0572,i074,4,1715745966
u1623,i142,4,1715746197
u0981,i479,2,1715746341
u1558,i417,4,1715746373
u1727,i069,4,1715746486
u0945,i507,5,1715747913
u0853,i126,5,1715747962
u0343,i459,4,1715748111
u1361,i425,4,1715748469
u0959,i510,5,1715748958
u1081,i557,4,1715749536
u1941,i182,3,1715749704
u0429,i243,1,1715749738
u1398,i526,5,1715750152
u1681,i540,5,1715750366
u0162,i002,5,1715750948
u1334,i254,1,1715751199
u1923,i481,5,1715751206
u1601,i384,4,1715751690
u1810,i063,4,1715751926
u1987,i550,4,1715752181
u0580,i560,5,1715752330
u0386,i143,4,1715752359
u1607,i364,4,1715754609
u0210,i074,5,1715754772
u0481,i595,5,1715755083
u1739,i150,1,1715755564
u1689,i237,4,1715755812
u0407,i388,1,1715755982
u0084,i031,1,1715755991
u0598,i273,1,1715756510
u0689,i467,4,1715757330
u0820,i108,2,1715757363
u0403,i411,5,1715757461
u0134,i155,5,1715758534
u0215,i106,4,1715759238
u1470,i460,2,1715759399
u0407,i378,4,1715759519
u1453,i116,4,1715759625
u1894,i333,2,1715759865
u1020,i564,3,1715761074
u1769,i136,4,1715761333
u0601,i584,5,1715761391
u1493,i023,5,1715761456
u1934,i391,4,1715761613
u0121,i460,4,1715761823
u0172,i006,4,1715761856
u0807,i494,5,1715762020
u0872,i268,2,1715762039
u1433,i242,5,1715762823
u0623,i261,4,1715762895
u1410,i347,4,1715763214
u0489,i173,4,1715763973
u1060,i507,5,1715764278
u1458,i499,4,1715764668
u0929,i089,5,1715766361
u0624,i019,4,1715766478
u0910,i269,4,1715767026
u0786,i048,2,1715767494
u0054,i128,5,1715767625
u1673,i260,5,1715767875
u1963,i568,5,1715768015
u1706,i495,4,1715768240
u1556,i220,5,1715768337
u0968,i286,3,1715769338
u1564,i173,5,1715769448
u0280,i290,5,1715769984
u0354,i526,4,1715770517
u1138,i002,4,1715770821
u1659,i022,3,1715770993
u0049,i268,3,1715771266
u0030,i106,4,1715771413
u0642,i274,3,1715771870
u1981,i471,5,1715772258
u0108,i268,3,1715772574
u1381,i108,4,1715772642
u0767,i363,4,1715772708
u0865,i448,4,1715773793
u0358,i391,2,1715774004
u1461,i496,2,1715774435
u0135,i511,5,1715774924
u1256,i257,1,1715775179
u1115,i023,5,1715775496
u1354,i113,5,1715775639
u1629,i047,5,1715775840
u1588,i150,4,1715777417
u1301,i140,5,1715778603
u0541,i054,4,1715778784
u1789,i558,4,1715780212
u0872,i509,4,1715780587
u0491,i313,4,1715780653
u1192,i178,4,1715780899
u0759,i372,5,1715782852
u0082,i254,4,1715783109
u0062,i325,3,1715783365
u0557,i055,4,1715783602
u0219,i055,4,1715783874
u1892,i113,5,1715784161
u1017,i406,5,1715784400
u1547,i089,3,1715785617
u1653,i252,5,1715786254
u0633,i554,4,1715786592
u1349,i419,4,1715787548
u1574,i355,4,1715787820
u1546,i540,2,1715788015
u1592,i426,4,1715788388
u1401,i453,3,1715788399
u1902,i582,5,1715788736
u1234,i419,5,1715788754
u0972,i388,1,1715789142
u0335,i291,1,1715789163
u1943,i377,4,1715789701
u1396,i243,1,1715790489
u1182,i095,3,1715790576
u1440,i467,4,1715791058
u1196,i428,4,1715791288
u1286,i504,2,1715791319
u1796,i593,1,1715792089
u0879,i274,5,1715792286
u1042,i168,4,1715793222
u0111,i048,5,1715793268
u1121,i299,4,1715793924
u1020,i203,3,1715794228
u1907,i283,2,1715794414
u1174,i194,5,1715794417
u0949,i428,1,1715796250
u1743,i219,4,1715796758
u0372,i333,3,1715797688
u0363,i264,2,1715798243
u0449,i552,5,1715799093
u0089,i487,5,1715800199
u0347,i118,5,1715800477
u0251,i586,5,1715800540
u1791,i521,1,1715801456
u1009,i337,4,1715802159
u0098,i084,5,1715802351
u1239,i363,1,1715802872
u1048,i291,4,1715803455
u1267,i413,5,1715803683
u0011,i074,2,1715803755
u1284,i524,2,1715803988
u0661,i048,4,1715805219
u1719,i516,5,1715805820
u1243,i038,5,1715806576
u1959,i355,5,1715806953
u1915,i383,5,1715807226
u0191,i010,4,1715807284
u1129,i000,5,1715808270
u0432,i195,4,1715808905
u1805,i595,5,1715810606
u0292,i023,2,1715811381
u0786,i150,5,1715811650
u1136,i460,5,1715811747
u0000,i401,4,1715811770
u1663,i582,4,1715812011
u0149,i058,5,1715812205
u1996,i599,5,1715814502
u1889,i472,5,1715814527
u1432,i289,4,1715814635
u1320,i248,5,1715814806
u0952,i220,5,1715815100
u0517,i108,4,1715815510
u1653,i480,2,1715815847
u1514,i257,5,1715815963
u1344,i595,4,1715816322
u1737,i116,5,1715816450
u1255,i252,4,1715817480
u0647,i297,5,1715818144
u0731,i287,4,1715819041
u1807,i521,4,1715819193
u1011,i013,2,1715819612
u1518,i357,4,1715820277
u1720,i462,2,1715820435
u1243,i143,5,1715820533
u1450,i208,4,1715821061
u1245,i098,5,1715821108
u1241,i255,1,1715821766
u1816,i055,5,1715821859
u0767,i387,1,1715822317
u0475,i341,5,1715822493
u0845,i204,5,1715822653
u1571,i211,5,1715822706
u1944,i498,5,1715823744
u0544,i062,4,1715823884
u1924,i178,4,1715823986
u0391,i595,5,1715825611
u1290,i158,4,1715825756
u1720,i529,5,1715826927
u0314,i328,4,1715827436
u0706,i335,4,1715828089
u1624,i175,4,1715828680
u1475,i483,4,1715829134
u1015,i316,5,1715830560
u1867,i064,5,1715831358
u1839,i530,2,1715831841
u1234,i013,4,1715832326
u0437,i361,2,1715833241
u0126,i117,2,1715833885
u0485,i290,4,1715834012
u1955,i341,4,1715835199
u0991,i466,4,1715835212
u1880,i108,4,1715835712
u0628,i019,4,1715836515
u0668,i309,5,1715836741
u1588,i464,2,1715837161
u1669,i300,4,1715837343
u1293,i140,5,1715837821
u1354,i099,4,1715839012
u0153,i130,4,1715840099
u0711,i285,4,1715840627
u0083,i113,4,1715841171
u1272,i495,5,1715841329
u1287,i019,4,1715841823
u0156,i291,5,1715842134
u1659,i553,4,1715843255
u1918,i374,1,1715843407
u1141,i140,4,1715843547
u1842,i201,4,1715844496
u0649,i237,5,1715844902
u1581,i504,4,1715845675
u0042,i097,5,1715845802
u1483,i254,4,1715846393
u0224,i419,4,1715846852
u0577,i243,5,1715847320
u1091,i031,5,1715848420
u0673,i243,5,1715848621
u0691,i521,5,1715848990
u1315,i418,5,1715849169
u1103,i304,5,1715849442
u0102,i334,4,1715849932
u1989,i142,3,1715850219
u1785,i387,3,1715850407
u1111,i182,5,1715850566
u0408,i179,1,1715850692
u0632,i051,4,1715850999
u0801,i204,2,1715851135
u1373,i141,2,1715851300
u0951,i040,1,1715853048
u0840,i428,2,1715853612
u0820,i017,4,1715855166
u1116,i113,4,1715855336
u1290,i500,4,1715855673
u1396,i526,3,1715856252
u1380,i226,1,1715856473
u0774,i266,5,1715856478
u0198,i461,4,1715856654
u0431,i585,4,1715856705
u0601,i093,4,1715856879
u1256,i462,4,1715857115
u0364,i292,5,1715857212
u0782,i595,3,1715857695
u1497,i367,4,1715857791
u1063,i017,1,1715857812
u0133,i041,4,1715857933
u1774,i314,4,1715858052
u1728,i333,5,1715858572
u1480,i284,3,1715858611
u0774,i332,5,1715858876
u1849,i067,4,1715860172
u0842,i397,1,1715860755
u0235,i565,5,1715861255
u0122,i348,5,1715861838
u0299,i347,1,1715862193
u0922,i190,5,1715862219
u0819,i542,3,1715862884
u1480,i470,4,1715862986
u1557,i428,5,1715863108
u1387,i483,5,1715864619
u0246,i254,5,1715864838
u0619,i217,4,1715865124
u0676,i078,5,1715865663
u0509,i097,3,1715865692
u0689,i268,1,1715866373
u0444,i423,4,1715866803
u1394,i507,2,1715866924
u0469,i272,5,1715866995
u0242,i337,3,1715867107
u1534,i165,4,1715867735
u1102,i002,1,1715868493
u1474,i459,2,1715868655
u1468,i528,5,1715869874
u0644,i373,5,1715870140
u1495,i177,5,1715870325
u0315,i182,4,1715870992
u0424,i298,5,1715871421
u0396,i563,3,1715871485
u1972,i243,5,1715871761
u1072,i023,4,1715872226
u1739,i357,5,1715872252
u1567,i351,5,1715873185
u0734,i493,5,1715873675
u0912,i255,4,1715874132
u1332,i568,1,1715876007
u1703,i139,5,1715876167
u0575,i506,5,1715878430
u0157,i461,3,1715879214
u0055,i256,4,1715879624
u0433,i254,4,1715879692
u1243,i322,4,1715880162
u0473,i299,5,1715880476
u0151,i476,1,1715881849
u1065,i507,3,1715882502
u1185,i023,4,1715882850
u0047,i544,4,1715883821
u0878,i095,5,1715884957
u0546,i243,2,1715885374
u1321,i280,4,1715886072
u1827,i179,4,1715887670
u1236,i578,4,1715887698
u0395,i067,4,1715887705
u1656,i039,3,1715888875
u0639,i460,5,1715888884
u0381,i120,5,1715888917
u0008,i384,4,1715889611
u1454,i291,5,1715889750
u0647,i265,1,1715890748
u0632,i030,5,1715891109
u0601,i108,1,1715891687
u0525,i531,4,1715891804
u0542,i463,5,1715892101
u0182,i566,4,1715892335
u1110,i231,4,1715892490
u1017,i381,5,1715892542
u1193,i243,4,1715893405
u0024,i395,4,1715893419
u0554,i064,5,1715893747
u0532,i088,5,1715894289
u1910,i431,4,1715895224
u1810,i475,5,1715895371
u1484,i060,5,1715895829
u0023,i243,2,1715896510
u0620,i572,5,1715896981
u1761,i241,4,1715897312
u0002,i377,5,1715897465
u0019,i275,4,1715897940
u1966,i118,5,1715898350
u0918,i022,4,1715898358
u1256,i047,5,1715900367
u0896,i008,4,1715900687
u1784,i006,5,1715900802
u0281,i014,4,1715901908
u0795,i135,1,1715902023
u1248,i149,5,1715902130
u1946,i333,1,1715902321
u0509,i429,5,1715903040
u0166,i453,5,1715904401
u0067,i588,5,1715905247
u0317,i113,4,1715905472
u0039,i243,4,1715906281
u0594,i483,5,1715906445
u1149,i477,2,1715907162
u0383,i286,4,1715907669
u0642,i138,5,1715908108
u0985,i089,4,1715908567
u0594,i456,1,1715908973
u1778,i363,4,1715909003
u1479,i139,2,1715909068
u0621,i574,5,1715910233
u0210,i363,3,1715910455
u0314,i564,5,1715910782
u1620,i120,4,1715911306
u0559,i193,4,1715911478
u0544,i053,5,1715911560
u1491,i374,1,1715912029
u0855,i237,5,1715913019
u1902,i045,2,1715914024
u1191,i552,5,1715914290
u0416,i042,5,1715915632
u0178,i492,5,1715916062
u1577,i377,5,1715916890
u1954,i047,5,1715919117
u0078,i193,3,1715919254
u0953,i230,4,1715919343
u1831,i215,2,1715919595
u1289,i428,4,1715920369
u0647,i116,5,1715920614
u0609,i122,5,1715920669
u0681,i116,5,1715920740
u0596,i436,4,1715920771
u0843,i065,5,1715920812
u0195,i122,4,1715921343
u0662,i477,5,1715921625
u1342,i221,4,1715921883
u1716,i066,5,1715922085
u1659,i375,5,1715922643
u1815,i408,3,1715922747
u1263,i119,5,1715922760
u1880,i420,4,1715923171
u1327,i214,5,1715923906
u1835,i526,5,1715924623
u0335,i116,5,1715925334
u1456,i440,5,1715926528
u0141,i460,5,1715926604
u0725,i243,5,1715926779
u1192,i372,4,1715926859
u1203,i529,4,1715927233
u0720,i318,4,1715927986
u0855,i552,4,1715928865
u1756,i569,4,1715928998
u1379,i016,4,1715929171
u0030,i334,2,1715929509
u0750,i048,3,1715929563
u1134,i461,5,1715930353
u1998,i420,5,1715931460
u0702,i526,1,1715931778
u0310,i114,5,1715932042
u0510,i006,4,1715932213
u1715,i049,4,1715932255
u0906,i239,4,1715932374
u0524,i140,4,1715932700
u1088,i234,4,1715932704
u1517,i058,4,1715933065
u0324,i081,5,1715933070
u1465,i089,5,1715933102
u0879,i428,5,1715933273
u1949,i482,5,1715934281
u1602,i568,5,1715934996
u0277,i021,4,1715935558
u0647,i026,2,1715936032
u0595,i499,5,1715936886
u1417,i480,4,1715937126
u0441,i504,4,1715938053
u0410,i333,2,1715938485
u0076,i048,4,1715938733
u0595,i519,3,1715939140
u0822,i275,4,1715939327
u1361,i507,1,1715940059
u0255,i252,4,1715940217
u1522,i062,3,1715941490
u1787,i341,5,1715942629
u1806,i364,4,1715942919
u0957,i297,3,1715943388
u1362,i464,5,1715943404
u1539,i456,4,1715943666
u0587,i083,5,1715943707
u0494,i053,3,1715943710
u0913,i440,4,1715943921
u0732,i093,5,1715943931
u1301,i521,4,1715944774
u0010,i451,5,1715944914
u1879,i516,4,1715945222
u1290,i504,5,1715945281
u1376,i213,4,1715945498
u0584,i454,5,1715946719
u1696,i505,4,1715948465
u1840,i254,5,1715949579
u1103,i447,4,1715950035
u0744,i204,5,1715950990
u0638,i448,4,1715951120
u0153,i268,3,1715951802
u1520,i273,5,1715952205
u1062,i564,4,1715952258
u1414,i447,5,1715953640
u0177,i089,5,1715953659
u1589,i325,4,1715953692
u0952,i598,5,1715953727
u0206,i007,4,1715953991
u0236,i233,2,1715954699
u1013,i093,4,1715954973
u0467,i227,2,1715955057
u0248,i012,5,1715955375
u1576,i110,2,1715955876
u0122,i564,5,1715957530
u1274,i007,5,1715957986
u0102,i152,4,1715958315
u1762,i593,5,1715958536
u0173,i045,4,1715962980
u1321,i236,4,1715963536
u0555,i265,5,1715963672
u0100,i512,3,1715964668
u1998,i512,5,1715965097
u1835,i498,4,1715965895
u0292,i357,1,1715966316
u0149,i185,5,1715966565
u0534,i429,4,1715967865
u0217,i314,2,1715968190
u0492,i054,4,1715968753
u0347,i464,1,1715969021
u0802,i291,4,1715969241
u1050,i244,4,1715970050
u0300,i103,4,1715970404
u1993,i230,4,1715971292
u1394,i193,4,1715971448
u1276,i048,4,1715971793
u0812,i044,5,1715972289
u0795,i067,1,1715972492
u0762,i088,5,1715972768
u1282,i334,1,1715972977
u0794,i134,2,1715973100
u1974,i551,1,1715973172
u1774,i580,5,1715973822
u0933,i082,3,1715973949
u0869,i370,2,1715974361
u0318,i340,4,1715975784
u1162,i118,4,1715976095
u0795,i335,4,1715978195
u0112,i507,5,1715979787
u0339,i406,5,1715979790
u0069,i092,5,1715979971
u1663,i286,5,1715981268
u1497,i519,2,1715981681
u0302,i568,4,1715982231
u0457,i453,4,1715982375
u1140,i292,5,1715982794
u1345,i140,5,1715982858
u0811,i097,3,1715983673
u0681,i480,3,1715984738
u0868,i520,4,1715984783
u0555,i010,4,1715985106
u0074,i034,4,1715985182
u0998,i259,5,1715986435
u1649,i166,3,1715986467
u0329,i372,5,1715986718
u0725,i348,4,1715987320
u0960,i355,3,1715987369
u0725,i057,5,1715988290
u0034,i333,5,1715988298
u1850,i458,2,1715988478
u1826,i026,5,1715988486
u1456,i034,4,1715988734
u0700,i356,4,1715988794
u1212,i324,4,1715989005
u0243,i361,5,1715989314
u0438,i015,5,1715989483
u0725,i108,3,1715990066
u1524,i399,5,1715990133
u1706,i519,3,1715990599
u0881,i020,5,1715990692
u0423,i463,4,1715990824
u0415,i175,5,1715990991
u1991,i031,5,1715991412
u1564,i136,1,1715991815
u0291,i334,5,1715992086
u1972,i354,5,1715992237
u1779,i330,4,1715992239
u0307,i428,5,1715992792
u0623,i026,4,1715993062
u1291,i341,4,1715993518
u1565,i417,5,1715994234
u0174,i243,4,1715994293
u1149,i511,4,1715994516
u0814,i472,5,1715994628
u0042,i173,5,1715995825
u1323,i349,4,1715997628
u0453,i371,4,1715999560
u0717,i080,4,1715999648
u0254,i367,5,1716000363
u1444,i364,5,1716000584
u1304,i482,5,1716000678
u1073,i595,4,1716001639
u0444,i359,2,1716001811
u0011,i425,3,1716002151
u0842,i245,4,1716003037
u0828,i292,1,1716003205
u0971,i562,4,1716003449
u1013,i140,4,1716003506
u1982,i546,4,1716004085
u1687,i330,1,1716004241
u0643,i249,4,1716005043
u1623,i454,5,1716006993
u1659,i229,5,1716007332
u1905,i389,5,1716008069
u1177,i140,4,1716008193
u1443,i018,4,1716008614
u1540,i097,2,1716009376
u1011,i267,5,1716009377
u0828,i329,5,1716009433
u0554,i291,4,1716009683
u0430,i332,1,1716009994
u1133,i037,4,1716010531
u0310,i014,4,1716010648
u1570,i565,4,1716010948
u0401,i243,1,1716011290
u0082,i227,5,1716011592
u1257,i564,3,1716011882
u1388,i507,4,1716011930
u0749,i117,3,1716012344
u1208,i333,1,1716012772
u1068,i368,4,1716012927
u0806,i392,1,1716013917
u0220,i526,4,1716014688
u0130,i243,3,1716014689
u1864,i219,5,1716017553
u1928,i379,5,1716017606
u1815,i363,1,1716017892
u1267,i334,3,1716018592
u0554,i330,5,1716019189
u1143,i285,5,1716019372
u0411,i106,5,1716019941
u0971,i073,4,1716020026
u0866,i110,4,1716020060
u1388,i063,4,1716020391
u1404,i384,4,1716020571
u0092,i201,2,1716020865
u0054,i108,4,1716020886
u1534,i219,4,1716022139
u0050,i548,5,1716022179
u0711,i565,1,1716022394
u1248,i571,4,1716022853
u0670,i004,4,1716022990
u0172,i113,4,1716023081
u0426,i000,2,1716024041
u0532,i096,5,1716025190
u1627,i363,4,1716025218
u1033,i337,5,1716025366
u0618,i237,2,1716026056
u1218,i136,5,1716026382
u1202,i352,3,1716027169
u1208,i042,5,1716027811
u1725,i243,5,1716027903
u1412,i268,2,1716028006
u1506,i598,4,1716029101
u1949,i268,2,1716029669
u0731,i548,2,1716030336
u0727,i051,4,1716033226
u1922,i507,5,1716034489
u1345,i283,3,1716034870
u1633,i363,5,1716035680
u1012,i592,2,1716035686
u1257,i370,5,1716035714
u1528,i507,5,1716036542
u1344,i054,5,1716037055
u1376,i282,4,1716037259
u0611,i333,3,1716037792
u0237,i023,4,1716037854
u0044,i192,2,1716038610
u0282,i333,5,1716039809
u1091,i293,3,1716040469
u1650,i018,4,1716040751
u0509,i302,4,1716041902
u1752,i268,1,1716041997
u1546,i333,1,1716042362
u0381,i511,4,1716043469
u1503,i236,4,1716043851
u0367,i014,4,1716043896
u1365,i419,5,1716044157
u0376,i239,5,1716045420
u1018,i143,4,1716045815
u0417,i481,4,1716045850
u1974,i386,5,1716046280
u0787,i017,4,1716046781
u0499,i055,5,1716047293
u0392,i464,2,1716047300
u0993,i104,1,1716047710
u0507,i529,2,1716047920
u1070,i189,5,1716047924
u0799,i419,4,1716048024
u1061,i172,4,1716049616
u0924,i067,4,1716049641
u0952,i526,4,1716049898
u0281,i472,4,1716049962
u0706,i106,4,1716050503
u1317,i195,4,1716050909
u0597,i243,5,1716051373
u0604,i365,3,1716051425
u1722,i470,3,1716051540
u1681,i285,5,1716052272
u1587,i291,5,1716052283
u1198,i128,4,1716052473
u0703,i568,2,1716053534
u0532,i472,3,1716053803
u0701,i243,3,1716054052
u0252,i334,4,1716055078
u1698,i396,4,1716055640
u0585,i377,5,1716055887
u1582,i549,5,1716055977
u0434,i322,4,1716056086
u0438,i332,3,1716056285
u0670,i095,5,1716056993
u0008,i273,3,1716057945
u0681,i148,4,1716058432
u0770,i399,5,1716058851
u0348,i531,5,1716059129
u1534,i405,4,1716059542
u0422,i417,4,1716059887
u1567,i062,5,1716060241
u1283,i122,5,1716060892
u1782,i243,2,1716061045
u1648,i008,4,1716061152
u0650,i254,1,1716061425
u0931,i443,2,1716062143
u1981,i261,3,1716062444
u1162,i143,2,1716062716
u1043,i377,5,1716063383
u0702,i223,2,1716063564
u0650,i405,5,1716064839
u1997,i291,5,1716065424
u0235,i108,3,1716066377
u0861,i118,4,1716068492
u0064,i092,3,1716069079
u0019,i226,3,1716069462
u1647,i148,1,1716070034
u1582,i040,5,1716070351
u0096,i009,5,1716070771
u0570,i084,4,1716070793
u1329,i516,5,1716071261
u0416,i113,5,1716071296
u1100,i261,4,1716071372
u1374,i061,5,1716071484
u1473,i080,5,1716072371
u1982,i332,4,1716072726
u1019,i313,5,1716072877
u0494,i076,4,1716072959
u0320,i093,5,1716073080
u0913,i417,5,1716074050
u1996,i048,4,1716074180
u1694,i051,5,1716074681
u1794,i323,5,1716075254
u0171,i549,5,1716075419
u0000,i054,4,1716077058
u1235,i102,5,1716077160
u1939,i174,4,1716077171
u1748,i504,5,1716077760
u1506,i282,4,1716078434
u1564,i387,5,1716078672
u0449,i271,4,1716079429
u0426,i007,5,1716079693
u0771,i406,5,1716079772
u0478,i291,5,1716080078
u0458,i060,4,1716080830
u1499,i361,4,1716081098
u0368,i349,4,1716081556
u0104,i461,5,1716083005
u1735,i255,4,1716083093
u1754,i167,4,1716083183
u1775,i440,5,1716084550
u0601,i268,5,1716084592
u1457,i271,4,1716085854
u1334,i092,2,1716086072
u1462,i280,1,1716086845
u1433,i417,5,1716087202
u0292,i570,4,1716087326
u1801,i535,5,1716087552
u1211,i316,4,1716087708
u1383,i143,5,1716087972
u1218,i482,1,1716088346
u1141,i454,4,1716088467
u0269,i290,4,1716088605
u1487,i570,4,1716088606
u0725,i102,4,1716089020
u0974,i072,4,1716089655
u0876,i254,5,1716090686
u1079,i058,2,1716090738
u0125,i258,5,1716090954
u0072,i505,5,1716091461
u1796,i058,1,1716091502
u1206,i263,3,1716091751
u0114,i160,4,1716092936
u1948,i237,4,1716093457
u1674,i263,4,1716093665
u1643,i582,5,1716094024
u1689,i568,1,1716094097
u0272,i363,2,1716094604
u0973,i111,3,1716095882
u1600,i519,1,1716096006
u0418,i293,4,1716096383
u0030,i123,5,1716096997
u1832,i192,5,1716097060
u1654,i595,5,1716097555
u1473,i526,5,1716097609
u1919,i113,4,1716097699
u0051,i425,5,1716098241
u0691,i117,3,1716098380
u1101,i136,4,1716098559
u1666,i116,5,1716098702
u0243,i243,1,1716098930
u0955,i113,5,1716099599
u1316,i282,3,1716099860
u0210,i053,4,1716101093
u1634,i378,1,1716101132
u1814,i102,3,1716101137
u1454,i254,5,1716101282
u1471,i422,5,1716101313
u0082,i526,2,1716101392
u0138,i280,4,1716101609
u0494,i541,4,1716102315
u1748,i322,4,1716103829
u1400,i243,5,1716104110
u1208,i425,1,1716104762
u1911,i093,5,1716105133
u0627,i367,5,1716105168
u0499,i064,5,1716105527
u0065,i219,5,1716106008
u0631,i564,4,1716107450
u0686,i460,4,1716107546
u1773,i217,5,1716108271
u1847,i293,5,1716108444
u1221,i334,2,1716108992
u1910,i337,5,1716109854
u1115,i372,2,1716109984
u0554,i117,4,1716110090
u1216,i145,5,1716111278
u0125,i061,5,1716111424
u1423,i089,4,1716111860
u0818,i092,4,1716112043
u1669,i117,1,1716112173
u1875,i055,4,1716112508
u1339,i424,3,1716112667
u1036,i409,5,1716112835
u0338,i503,5,1716113193
u0080,i292,5,1716114169
u1216,i013,3,1716114438
u1425,i443,4,1716114489
u1767,i008,4,1716114576
u0016,i073,4,1716114620
u1905,i419,3,1716116173
u1011,i377,5,1716116199
u0943,i055,5,1716117272
u0657,i219,4,1716117674
u1810,i507,4,1716117796
u0619,i514,5,1716118202
u1194,i155,5,1716118288
u1665,i264,4,1716119231
u1935,i239,5,1716119532
u0208,i566,4,1716119948
u1063,i562,4,1716119991
u1425,i347,5,1716120146
u1551,i044,4,1716120366
u0879,i406,5,1716120561
u1044,i462,5,1716120966
u0240,i363,4,1716120988
u0645,i539,4,1716121104
u0971,i109,4,1716121391
u1698,i449,4,1716121408
u1193,i364,4,1716122030
u0646,i073,5,1716122836
u1072,i322,4,1716124014
u0786,i034,4,1716125030
u1582,i410,5,1716125095
u1901,i351,5,1716126619
u0373,i019,5,1716127054
u0841,i480,5,1716128725
u0993,i564,1,1716128949
u1023,i264,4,1716129113
u1497,i580,4,1716130142
u1731,i334,5,1716130459
u1595,i194,5,1716131611
u1779,i351,2,1716131705
u0497,i259,5,1716131847
u0167,i307,4,1716131915
u0298,i097,4,1716133361
u1808,i461,4,1716134381
u0943,i568,4,1716134677
u1697,i037,5,1716134838
u1575,i504,4,1716135107
u0877,i498,5,1716137080
u0006,i563,5,1716137213
u0934,i038,5,1716138370
u1621,i407,5,1716138810
u0881,i015,4,1716139345
u0978,i043,4,1716139449
u0365,i480,4,1716139899
u1508,i205,4,1716140290
u1258,i287,5,1716140342
u0744,i463,4,1716140784
u0356,i473,5,1716141622
u0698,i578,5,1716141865
u1565,i595,4,1716141990
u0990,i474,5,1716142557
u0124,i286,4,1716142610
u1402,i245,5,1716142806
u1120,i268,2,1716142851
u0605,i114,4,1716142875
u1523,i071,4,1716143244
u1769,i434,5,1716143466
u1145,i492,4,1716143690
u1405,i377,5,1716144404
u1519,i293,4,1716145137
u0366,i411,5,1716145585
u0560,i340,5,1716145643
u1895,i233,5,1716146055
u0713,i238,3,1716146753
u0073,i115,5,1716147124
u1646,i433,4,1716148667
u0701,i428,4,1716148842
u0195,i268,2,1716150448
u0063,i422,4,1716150617
u0738,i599,4,1716150753
u0121,i293,3,1716151024
u0556,i254,1,1716151144
u0577,i341,1,1716151557
u0916,i292,1,1716151889
u0261,i233,4,1716153035
u1289,i016,4,1716153177
u0418,i352,4,1716155536
u0235,i293,5,1716155675
u1837,i026,4,1716156062
u0454,i574,4,1716156117
u0515,i499,4,1716156546
u1309,i243,2,1716157507
u0432,i426,4,1716157691
u1318,i148,5,1716158056
u0902,i265,4,1716158437
u0998,i423,5,1716158671
u1402,i439,5,1716159125
u1652,i100,5,1716159675
u0645,i056,5,1716160143
u1473,i037,5,1716160170
u0723,i183,1,1716160444
u1648,i013,4,1716161217
u0877,i230,4,1716161296
u1667,i281,5,1716161769
u0663,i193,2,1716161938
u0868,i469,5,1716163277
u0881,i243,3,1716163438
u1296,i132,4,1716164465
u1304,i251,4,1716164636
u0938,i529,4,1716164783
u0949,i533,4,1716166670
u1280,i169,1,1716166918
u1551,i497,5,1716167069
u1796,i390,4,1716167080
u1602,i014,1,1716167354
u1795,i097,1,1716168099
u1816,i039,4,1716170148
u0326,i351,5,1716170760
u1932,i454,4,1716170915
u0357,i403,4,1716171442
u0345,i337,3,1716172740
u1354,i497,5,1716173258
u1358,i552,5,1716173344
u1810,i251,5,1716173513
u1093,i505,5,1716173590
u0023,i472,5,1716173605
u1461,i439,5,1716174552
u0376,i363,5,1716175394
u0725,i096,4,1716176661
u0082,i407,3,1716176665
u1114,i539,5,1716176703
u0384,i377,2,1716177320
u1927,i254,5,1716177852
u1644,i118,4,1716177959
u0187,i424,3,1716179105
u1011,i500,4,1716179233
u0165,i271,4,1716179745
u1697,i529,1,1716180668
u0880,i261,2,1716180922
u1845,i237,2,1716181257
u0119,i145,5,1716181711
u0331,i566,5,1716182340
u1475,i372,1,1716183754
u0190,i356,1,1716185141
u0749,i424,5,1716185477
u1140,i565,4,1716185704
u1258,i089,1,1716185879
u0132,i268,5,1716186317
u1251,i205,5,1716186744
u1539,i377,2,1716187558
u0504,i296,5,1716187645
u0215,i473,4,1716187997
u1659,i418,4,1716188179
u0760,i097,4,1716188215
u0589,i266,5,1716188702
u0264,i294,4,1716188788
u0444,i217,5,1716189513
u0945,i428,4,1716189636
u0477,i243,2,1716190083
u0860,i529,4,1716190098
u1539,i064,5,1716190773
u0269,i564,5,1716191500
u0794,i015,1,1716191736
u1880,i220,5,1716191809
u1479,i484,5,1716192133
u0519,i572,5,1716192402
u1414,i204,4,1716192572
u0659,i516,4,1716194820
u0580,i113,5,1716195220
u0675,i048,4,1716196152
u1604,i139,2,1716197103
u1388,i333,2,1716197331
u0444,i377,4,1716197561
u1436,i566,4,1716197628
u0938,i332,5,1716198017
u0230,i077,1,1716198612
u1544,i424,5,1716198629
u0146,i586,4,1716199197
u0296,i597,4,1716199823
u0727,i541,4,1716200069
u0292,i465,4,1716200172
u0952,i333,5,1716200303
u0651,i268,1,1716200309
u1585,i511,5,1716200643
u0556,i517,5,1716201153
u0528,i174,5,1716201238
u1481,i106,4,1716201341
u0680,i046,4,1716201919
u0775,i251,5,1716202549
u0161,i380,5,1716203354
u0032,i435,3,1716203360
u0788,i337,4,1716203496
u0185,i245,5,1716203670
u1492,i541,4,1716204481
u0888,i142,1,1716205510
u1981,i292,5,1716205857
u0348,i385,4,1716206442
u0627,i119,4,1716207105
u1758,i472,5,1716207680
u0377,i529,2,1716208340
u0701,i475,5,1716208605
u0152,i290,5,1716209139
u0284,i365,4,1716210221
u0877,i314,4,1716210449
u1104,i025,4,1716210574
u1517,i452,5,1716210986
u0977,i023,4,1716211366
u1626,i404,1,1716211581
u1573,i237,4,1716212077
u1674,i243,3,1716212693
u1677,i498,4,1716212840
u1639,i143,5,1716213576
u0280,i564,4,1716214026
u0516,i509,3,1716214116
u0071,i363,4,1716215006
u1597,i501,5,1716215048
u1045,i097,3,1716215395
u0882,i424,5,1716215994
u0648,i177,4,1716216372
u1866,i285,5,1716216569
u1765,i568,2,1716217149
u0841,i593,4,1716217474
u1177,i268,5,1716218067
u0120,i038,4,1716218141
u0021,i021,4,1716218512
u0619,i261,3,1716218637
u0674,i428,5,1716218912
u1989,i268,1,1716218971
u1815,i489,5,1716219256
u1300,i333,4,1716219273
u0416,i017,5,1716219280
u0954,i211,1,1716219637
u0545,i220,4,1716220260
u1603,i034,4,1716220280
u1437,i042,4,1716220488
u0603,i473,1,1716221133
u0990,i461,1,1716221363
u0962,i295,4,1716221923
u1688,i428,5,1716222031
u0460,i416,5,1716222967
u1268,i048,3,1716223221
u0906,i233,4,1716223522
u1020,i159,4,1716223538
u1452,i460,4,1716224746
u1089,i334,5,1716224861
u1919,i422,5,1716225073
u0709,i507,4,1716225857
u1176,i333,2,1716227441
u1671,i136,4,1716227837
u1904,i119,3,1716228723
u0734,i597,3,1716228969
u1019,i461,5,1716229150
u0297,i568,5,1716229296
u0713,i184,4,1716229716
u0059,i283,4,1716229866
u1256,i319,5,1716229969
u1840,i291,4,1716230247
u0314,i002,4,1716230807
u1450,i414,5,1716230875
u1256,i268,5,1716230909
u1299,i154,5,1716232497
u0689,i117,5,1716234061
u0747,i580,4,1716234065
u0210,i004,3,1716234122
u0806,i564,5,1716234475
u1558,i396,1,1716235260
u1123,i470,5,1716236106
u1652,i455,4,1716236290
u1561,i268,4,1716236370
u1030,i428,1,1716236541
u0582,i333,2,1716236689
u0364,i535,3,1716236799
u1381,i116,5,1716237196
u1741,i274,3,1716237935
u1636,i548,4,1716238657
u1459,i256,5,1716238746
u0825,i223,1,1716238844
u1404,i149,5,1716238975
u1424,i074,5,1716239284
u1490,i016,1,1716239565
u0507,i195,4,1716239756
u1225,i381,4,1716240381
u0314,i428,2,1716241410
u1489,i138,4,1716241592
u0689,i360,5,1716241695
u0184,i472,4,1716241973
u1637,i097,5,1716242407
u1727,i243,5,1716243808
u0819,i525,4,1716243910
u1588,i363,5,1716245378
u1870,i291,4,1716245696
u0576,i268,2,1716246452
u1119,i013,4,1716248623
u1424,i053,4,1716249794
u0447,i312,4,1716250308
u0966,i023,1,1716250363
u0209,i353,5,1716250736
u1785,i357,4,1716253075
u1314,i388,2,1716253453
u0118,i333,3,1716253740
u0894,i023,4,1716254396
u1418,i150,1,1716254506
u1033,i550,5,1716254776
u0074,i052,2,1716255180
u1371,i072,4,1716255182
u0681,i512,5,1716256122
u0650,i121,5,1716256271
u1321,i113,4,1716256450
u1973,i102,4,1716258047
u1081,i523,5,1716258309
u1544,i507,4,1716258575
u0676,i348,4,1716258586
u0991,i118,4,1716258602
u1405,i507,3,1716258938
u0757,i268,4,1716259811
u1436,i332,4,1716259872
u0191,i265,5,1716260387
u1864,i277,5,1716261164
u0849,i519,5,1716261827
u0678,i333,5,1716261842
u1941,i119,4,1716262259
u1796,i065,4,1716263085
u0428,i568,3,1716263649
u0807,i381,4,1716263778
u1679,i529,5,1716263891
u1443,i540,1,1716264158
u1974,i377,4,1716264345
u1877,i060,5,1716264567
u0449,i092,5,1716264878
u0867,i300,4,1716265088
u0200,i460,3,1716266251
u1641,i377,4,1716266305
u0492,i329,2,1716266430
u1346,i504,4,1716266431
u1747,i566,4,1716266579
u1731,i118,5,1716267336
u1679,i493,4,1716267874
u1703,i296,5,1716268234
u0419,i566,4,1716268971
u1537,i005,4,1716269065
u0792,i578,5,1716269286
u1328,i482,5,1716269537
u1987,i261,3,1716270041
u0239,i023,4,1716270708
u1423,i243,5,1716271381
u1297,i529,3,1716271889
u0302,i593,5,1716271953
u1318,i268,3,1716271959
u1040,i480,5,1716272254
u0801,i118,4,1716272305
u1132,i268,2,1716272550
u0417,i237,4,1716273764
u0353,i207,5,1716274960
u1160,i292,4,1716274977
u0717,i526,5,1716275661
u1779,i568,5,1716275970
u0133,i268,1,1716276727
u0829,i361,5,1716276805
u1253,i482,5,1716277898
u0864,i245,3,1716278448
u0056,i568,1,1716278866
u0512,i228,1,1716279151
u0137,i243,2,1716279452
u0759,i023,2,1716280192
u1600,i117,2,1716280209
u0864,i566,5,1716281210
u1809,i596,5,1716281219
u1841,i449,5,1716281308
u0284,i330,5,1716281461
u1735,i143,4,1716281488
u1963,i361,5,1716282672
u0804,i106,4,1716282930
u1898,i220,5,1716283053
u0339,i178,5,1716283091
u0589,i493,5,1716283260
u0357,i561,5,1716283324
u0954,i257,5,1716283598
u0181,i381,5,1716283822
u1443,i090,4,1716284374
u0071,i595,4,1716285288
u1643,i013,1,1716285576
u1269,i411,5,1716286134
u1668,i159,3,1716287399
u1805,i413,4,1716287642
u1011,i480,3,1716289305
u1232,i361,5,1716289410
u1348,i340,5,1716290097
u1295,i219,4,1716290268
u1854,i316,4,1716290732
u1034,i349,1,1716291105
u0298,i173,4,1716291765
u0831,i162,4,1716293560
u0943,i240,5,1716294478
u0618,i140,4,1716294612
u1445,i334,4,1716296036
u1548,i564,4,1716296117
u0092,i552,4,1716296820
u0203,i013,4,1716296877
u0475,i549,5,1716297355
u0800,i176,4,1716298193
u0334,i293,1,1716298553
u1497,i383,4,1716299069
u0584,i419,5,1716299767
u1778,i034,4,1716300027
u0726,i103,4,1716300116
u1508,i062,5,1716300168
u0283,i388,5,1716300426
u0336,i357,4,1716301209
u0749,i079,4,1716301670
u1445,i282,1,1716301779
u1235,i190,3,1716302219
u0769,i060,1,1716302222
u1261,i352,5,1716302227
u1701,i147,5,1716303097
u1779,i593,5,1716303273
u0689,i004,1,1716303541
u1853,i237,4,1716303735
u1283,i540,5,1716303746
u0555,i021,5,1716303884
u1753,i274,4,1716304660
u0143,i209,2,1716305509
u1532,i237,3,1716306839
u0712,i478,4,1716306859
u1324,i211,5,1716307878
u0329,i576,4,1716308118
u1554,i523,4,1716308128
u1849,i321,5,1716308355
u0469,i097,1,1716308407
u0285,i156,5,1716308672
u1258,i201,4,1716308797
u1215,i363,5,1716309060
u0706,i100,5,1716309806
u1310,i243,4,1716310028
u0262,i064,4,1716310937
u0907,i547,1,1716311285
u0286,i291,4,1716312948
u0343,i428,2,1716313604
u1234,i202,4,1716313863
u0573,i084,5,1716315362
u1220,i417,4,1716315373
u1650,i349,4,1716315608
u1378,i595,5,1716315815
u0718,i387,1,1716316088
u1145,i034,5,1716316765
u0633,i081,3,1716317134
u1614,i264,4,1716317483
u0053,i019,5,1716317550
u1777,i485,3,1716317841
u1454,i218,4,1716319529
u0666,i491,4,1716319667
u0491,i023,4,1716320515
u1483,i508,1,1716320858
u1013,i419,4,1716321082
u0888,i554,1,1716322038
u1558,i340,4,1716322376
u0990,i204,4,1716322534
u0326,i370,1,1716323564
u0794,i002,1,1716325026
u1976,i292,3,1716325192
u1765,i357,4,1716325571
u0379,i065,4,1716326240
u1282,i367,4,1716326335
u0993,i219,4,1716326572
u1220,i352,3,1716326862
u1047,i243,5,1716327800
u0268,i089,5,1716327801
u1655,i132,5,1716328829
u1978,i364,5,1716329121
u1440,i407,3,1716329195
u0617,i183,5,1716329253
u1583,i552,4,1716329539
u0440,i212,4,1716330169
u0897,i181,5,1716330278
u0947,i429,5,1716332729
u0384,i144,5,1716332810
u0791,i219,4,1716333405
u1918,i426,5,1716334434
u0291,i523,2,1716335075
u0403,i375,5,1716335139
u0564,i206,1,1716335461
u0031,i291,2,1716336375
u0255,i507,5,1716336998
u0856,i163,1,1716337195
u0745,i509,5,1716338274
u1912,i460,4,1716339060
u0614,i568,3,1716339122
u0860,i067,4,1716339552
u0418,i419,4,1716339727
u0403,i521,4,1716339920
u0857,i436,4,1716341172
u1176,i293,5,1716342811
u1944,i173,4,1716342811
u0141,i519,4,1716343734
u1081,i015,5,1716343898
u1220,i597,5,1716344430
u1809,i319,4,1716345701
u0878,i108,5,1716345741
u0873,i309,4,1716345931
u0731,i227,4,1716346451
u0643,i357,5,1716346734
u0355,i145,5,1716346831
u0642,i480,4,1716347903
u0014,i104,4,1716348253
u1508,i185,5,1716348575
u1299,i282,4,1716348966
u0096,i470,5,1716349418
u1160,i104,5,1716349608
u0194,i568,4,1716349631
u0660,i018,5,1716349827
u0145,i512,5,1716349853
u1746,i250,4,1716350066
u0981,i461,4,1716351446
u0890,i060,5,1716351571
u1452,i415,1,1716351696
u0604,i563,4,1716351809
u1393,i274,4,1716351964
u0440,i467,2,1716352087
u0482,i568,4,1716352890
u1294,i132,4,1716353068
u1596,i135,5,1716353344
u0625,i273,3,1716354800
u0348,i368,3,1716355542
u1628,i570,5,1716356121
u0519,i377,5,1716356147
u1776,i291,5,1716356543
u1570,i049,5,1716358160
u0205,i092,4,1716359361
u0042,i517,4,1716359425
u0426,i529,5,1716359441
u1162,i048,5,1716359555
u0681,i575,4,1716359728
u1872,i291,3,1716360590
u0713,i095,4,1716361673
u0452,i139,4,1716362117
u0077,i216,2,1716362249
u0360,i103,5,1716362759
u1015,i189,2,1716362994
u0505,i055,5,1716363849
u0073,i118,4,1716364561
u1299,i526,5,1716365983
u0975,i065,5,1716366111
u0625,i285,2,1716366159
u0690,i293,5,1716366520
u1463,i362,4,1716367180
u1378,i340,4,1716367234
u0012,i540,4,1716368025
u0138,i484,3,1716368142
u0124,i169,5,1716368900
u0800,i444,1,1716369349
u0668,i078,4,1716369443
u0179,i427,4,1716369585
u1600,i065,5,1716370096
u1257,i470,4,1716370128
u0645,i368,5,1716370300
u0576,i333,1,1716370697
u0978,i428,4,1716371445
u0393,i343,4,1716371839
u1990,i029,4,1716371977
u0594,i519,4,1716372329
u0811,i334,4,1716372528
u0882,i111,4,1716372566
u1008,i397,5,1716372661
u0387,i060,2,1716373524
u0868,i507,5,1716377132
u1734,i526,4,1716377386
u1445,i048,5,1716378389
u1426,i588,4,1716378849
u0541,i569,5,1716379608
u1567,i152,5,1716379897
u1475,i073,4,1716380534
u1055,i268,5,1716380685
u0996,i467,5,1716380708
u1816,i156,4,1716380761
u0893,i530,5,1716380825
u1548,i463,4,1716381079
u1384,i019,4,1716382326
u0507,i500,5,1716382437
u0053,i341,5,1716382580
u1005,i280,3,1716383359
u0389,i231,5,1716383664
u1163,i375,2,1716383695
u0292,i134,5,1716383814
u1911,i202,4,1716384301
u0428,i510,4,1716384330
u1447,i227,4,1716384801
u0827,i357,5,1716385211
u0627,i360,2,1716385267
u1374,i334,4,1716386995
u0916,i101,5,1716387572
u0193,i507,5,1716387822
u1567,i092,5,1716388033
u0009,i469,5,1716388205
u1908,i023,4,1716388279
u0232,i285,5,1716388570
u0056,i004,5,1716389028
u1890,i372,4,1716390805
u0667,i493,4,1716391050
u1367,i466,4,1716391099
u0838,i250,5,1716392368
u1320,i249,1,1716393060
u1043,i243,3,1716393654
u0517,i097,4,1716393831
u0324,i504,5,1716394547
u0082,i182,4,1716394586
u0977,i349,2,1716394956
u1923,i284,3,1716395747
u0166,i036,5,1716395867
u0135,i528,1,1716397073
u1470,i507,2,1716397198
u0345,i039,2,1716397570
u1099,i265,5,1716397968
u0289,i130,4,1716398265
u0571,i291,4,1716398659
u1877,i519,5,1716398717
u0361,i381,3,1716398782
u1957,i566,5,1716398874
u0526,i363,1,1716398919
u1668,i055,5,1716400786
u1112,i215,3,1716401010
u1934,i495,5,1716401572
u0018,i290,5,1716402691
u1051,i138,5,1716402695
u0534,i417,5,1716402761
u0013,i357,4,1716403540
u0958,i268,3,1716403554
u0556,i541,5,1716404004
u0948,i599,4,1716404038
u0157,i243,4,1716404164
u0868,i013,2,1716405050
u1253,i079,5,1716406308
u0796,i313,5,1716406411
u0522,i425,5,1716406840
u1384,i004,3,1716407392
u1125,i117,2,1716407575
u1232,i139,1,1716408130
u1243,i073,4,1716409036
u1473,i282,5,1716409343
u0233,i204,3,1716410478
u0623,i264,4,1716410800
u0573,i529,5,1716411108
u1070,i025,4,1716412993
u0189,i378,5,1716413067
u1373,i501,5,1716413103
u0270,i169,5,1716413804
u1854,i589,5,1716413928
u0622,i266,4,1716414477
u0038,i273,5,1716414640
u0140,i384,4,1716416475
u0426,i084,5,1716416504
u1251,i074,4,1716416643
u0432,i461,4,1716417234
u0184,i168,5,1716418651
u0242,i121,5,1716418731
u1782,i000,5,1716419052
u1902,i169,5,1716419552
u1579,i467,4,1716419888
u1324,i377,4,1716420225
u1561,i065,4,1716420482
u0080,i425,4,1716420644
u1471,i113,4,1716421012
u1852,i113,5,1716421015
u0690,i418,5,1716421538
u1775,i570,4,1716421665
u1707,i243,5,1716422205
u0382,i243,3,1716422973
u0229,i011,5,1716423102
u0007,i093,1,1716423463
u0138,i417,5,1716423758
u0282,i598,5,1716424864
u1757,i238,5,1716424868
u0313,i480,5,1716424940
u0373,i333,3,1716425274
u1572,i377,3,1716425396
u1739,i036,4,1716426264
u0374,i472,5,1716426624
u0914,i185,5,1716426887
u1878,i498,2,1716427589
u0816,i223,5,1716427623
u1055,i205,3,1716427658
u0598,i565,4,1716428203
u0541,i548,4,1716429011
u1924,i225,4,1716429020
u0376,i113,5,1716429053
u1659,i241,5,1716429891
u0393,i243,4,1716430003
u1206,i597,5,1716430198
u1163,i127,4,1716430603
u1749,i237,4,1716430718
u0160,i556,5,1716431258
u0498,i293,5,1716431318
u0323,i493,4,1716432097
u1533,i106,4,1716432682
u1748,i333,1,1716433446
u1585,i108,2,1716433686
u0296,i399,1,1716434041
u1268,i337,4,1716437126
u0985,i106,5,1716437591
u0037,i001,5,1716437695
u1368,i526,1,1716437705
u1963,i264,4,1716437859
u1597,i446,1,1716438049
u0329,i131,5,1716438058
u0922,i549,5,1716438136
u0424,i333,5,1716439297
u0675,i481,4,1716439603
u0284,i299,4,1716439949
u1567,i472,4,1716441026
u0523,i564,5,1716443096
u1704,i229,5,1716443582
u0779,i513,5,1716445173
u1016,i333,1,1716445261
u0252,i511,5,1716445599
u0047,i565,4,1716446213
u1033,i448,4,1716446610
u1640,i062,1,1716446970
u0347,i285,5,1716447619
u0907,i364,5,1716448724
u1382,i470,4,1716449050
u0009,i566,4,1716449511
u1831,i274,1,1716449725
u0600,i550,5,1716449919
u0694,i025,3,1716450371
u1906,i570,1,1716452254
u0321,i352,5,1716452331
u1461,i507,3,1716452735
u1156,i097,2,1716453446
u1407,i254,4,1716454482
u1446,i359,5,1716454548
u1468,i044,4,1716454641
u1827,i372,5,1716455503
u0183,i022,4,1716455971
u1680,i262,1,1716456631
u1229,i357,2,1716457126
u1637,i297,5,1716457631
u1672,i378,2,1716457749
u1996,i465,1,1716457766
u0648,i526,2,1716458372
u1304,i253,4,1716458834
u1907,i089,1,1716459107
u0890,i573,5,1716460318
u1108,i551,5,1716461129
u1472,i268,3,1716461371
u1259,i160,5,1716462331
u1620,i472,4,1716462745
u0285,i369,4,1716462757
u1870,i268,1,1716462793
u1017,i274,5,1716463536
u0027,i459,5,1716464905
u1927,i273,4,1716466091
u0625,i425,4,1716466957
u0442,i118,5,1716467131
u0832,i463,4,1716467427
u1719,i422,5,1716467564
u0461,i014,5,1716468230
u0415,i013,2,1716468432
u0861,i331,4,1716468813
u0720,i515,2,1716468966
u0035,i151,4,1716469184
u1215,i435,5,1716469194
u0470,i243,4,1716469502
u1247,i254,1,1716469578
u0498,i140,5,1716469999
u1420,i495,4,1716470041
u0702,i150,5,1716472583
u1015,i362,5,1716473773
u0722,i155,5,1716474872
u1261,i364,3,1716474886
u1813,i004,1,1716474886
u1979,i568,5,1716477396
u0770,i213,5,1716477857
u1072,i483,4,1716478157
u0642,i291,4,1716478626
u0958,i270,1,1716479190
u0672,i024,5,1716479229
u0929,i057,4,1716480205
u1262,i364,1,1716480393
u1883,i372,5,1716481079
u1756,i324,5,1716482002
u1843,i402,5,1716482294
u1027,i298,4,1716482429
u1952,i335,3,1716482886
u1431,i233,5,1716483405
u1148,i026,5,1716483502
u1042,i580,2,1716483947
u0571,i568,5,1716484995
u0505,i524,4,1716485208
u1844,i381,4,1716485276
u0198,i255,5,1716485302
u1233,i147,1,1716486100
u0949,i137,5,1716486371
u0436,i363,5,1716487476
u0781,i127,4,1716487795
u0605,i048,4,1716487911
u0298,i154,5,1716488617
u0354,i567,4,1716488741
u0983,i125,4,1716488813
u0671,i100,4,1716489024
u0974,i088,5,1716489263
u1349,i388,5,1716490170
u0770,i558,5,1716490467
u0811,i019,4,1716490824
u0475,i499,4,1716490884
u0298,i045,4,1716491224
u0497,i211,5,1716491471
u1157,i332,5,1716492524
u0689,i116,3,1716492620
u1598,i534,4,1716493138
u0852,i261,4,1716493253
u1693,i333,1,1716494027
u1236,i357,4,1716495615
u0140,i431,2,1716495875
u0988,i072,4,1716495892
u0809,i332,4,1716496286
u1788,i128,2,1716498192
u1611,i377,2,1716498721
u0294,i166,4,1716500327
u1540,i261,4,1716500924
u1021,i294,3,1716501351
u1715,i324,3,1716502122
u0681,i388,1,1716502359
u0079,i513,5,1716502805
u1833,i227,4,1716503346
u0262,i333,1,1716503425
u1842,i117,4,1716505396
u1174,i316,4,1716505886
u1359,i441,4,1716506299
u1357,i273,5,1716506705
u0248,i593,5,1716507263
u0094,i572,4,1716508297
u1215,i015,4,1716508323
u1423,i447,5,1716508526
u1795,i211,3,1716509521
u1476,i268,5,1716509689
u0383,i341,1,1716510060
u1666,i080,5,1716510164
u0107,i113,4,1716511559
u0061,i500,4,1716512999
u1606,i149,3,1716515037
u1629,i243,3,1716515057
u1987,i421,4,1716515354
u0613,i494,4,1716515587
u1676,i417,5,1716515620
u0166,i335,4,1716515785
u0613,i266,5,1716516032
u1878,i432,5,1716516243
u0049,i501,4,1716516606
u0224,i293,4,1716516857
u1123,i060,5,1716517182
u0279,i587,5,1716517482
u1261,i371,4,1716517736
u1556,i564,2,1716518661
u0685,i507,2,1716519243
u0184,i549,5,1716520155
u0090,i592,3,1716521246
u1155,i291,4,1716521555
u1196,i476,4,1716522527
u1078,i189,4,1716522759
u0879,i048,3,1716523075
u0963,i589,4,1716523151
u1290,i501,4,1716524331
u0329,i529,4,1716524504
u1009,i377,5,1716524525
u1844,i527,5,1716524812
u1013,i471,4,1716526027
u0838,i507,5,1716526334
u0554,i286,5,1716526830
u1235,i057,5,1716526953
u1323,i292,4,1716526956
u0165,i586,5,1716527569
u0380,i507,1,1716527617
u1468,i237,3,1716527617
u1228,i582,4,1716527665
u0344,i472,5,1716528062
u0399,i384,5,1716529231
u0710,i417,4,1716529566
u0512,i017,5,1716531010
u0614,i097,4,1716531410
u0639,i564,1,1716531882
u0384,i243,1,1716532573
u1067,i486,5,1716533836
u1116,i429,5,1716534932
u1962,i519,4,1716535626
u1649,i268,2,1716536244
u1120,i413,5,1716536537
u1746,i178,4,1716536654
u1519,i292,5,1716538544
u0605,i102,3,1716538650
u0577,i305,4,1716538771
u1630,i535,5,1716538937
u1927,i143,1,1716539204
u0507,i010,4,1716539299
u1171,i563,5,1716540462
u1181,i495,3,1716540580
u0092,i549,5,1716540791
u1039,i227,2,1716541191
u1237,i001,4,1716541355
u1381,i384,1,1716542515
u1225,i520,4,1716543347
u0319,i445,2,1716544341
u1986,i595,5,1716544421
u0736,i566,4,1716544653
u1974,i470,5,1716545483
u0708,i219,5,1716546716
u1329,i053,2,1716546866
u0132,i095,2,1716547069
u0389,i478,3,1716547328
u0299,i447,5,1716547489
u0120,i283,2,1716547537
u0420,i142,5,1716547868
u1403,i243,3,1716548580
u1783,i566,4,1716548766
u0770,i247,4,1716548902
u1415,i305,5,1716548917
u1467,i007,3,1716549993
u0329,i388,1,1716550065
u1449,i113,3,1716550755
u1021,i256,2,1716550965
u1316,i047,4,1716551591
u1636,i358,4,1716551805
u0239,i562,5,1716551814
u0296,i077,5,1716552011
u0559,i346,4,1716552154
u0538,i451,5,1716552548
u1637,i541,4,1716552575
u1727,i447,5,1716553033
u1125,i377,5,1716553223
u0028,i427,4,1716553238
u1537,i242,5,1716554854
u1768,i121,4,1716555108
u1176,i292,5,1716555223
u1575,i562,5,1716555744
u0712,i290,4,1716555853
u0193,i243,1,1716555865
u0017,i145,5,1716555879
u1175,i568,3,1716556083
u1515,i333,5,1716556341
u1837,i291,4,1716556644
u0719,i015,5,1716556650
u1860,i294,3,1716557059
u0005,i152,2,1716557099
u1928,i007,5,1716557395
u0131,i041,4,1716557664
u0634,i522,4,1716557817
u1792,i378,5,1716557965
u1741,i371,5,1716558160
u1838,i287,4,1716559960
u0352,i233,5,1716560031
u1208,i516,5,1716560194
u0267,i099,4,1716560200
u1886,i508,5,1716560421
u0809,i333,2,1716560820
u1388,i111,5,1716563434
u0319,i195,4,1716564569
u0619,i109,5,1716564678
u1354,i363,5,1716565583
u0983,i281,4,1716565925
u0672,i091,4,1716566381
u1331,i399,1,1716567625
u0505,i117,5,1716567660
u1276,i446,4,1716568981
u1322,i055,5,1716569441
u0480,i504,5,1716569470
u0419,i428,5,1716569582
u0092,i175,4,1716570481
u0793,i066,4,1716570650
u1992,i577,4,1716572369
u1665,i568,4,1716572738
u1789,i449,5,1716574003
u0036,i018,1,1716574368
u0224,i544,4,1716574920
u0959,i355,4,1716575319
u0712,i123,5,1716575588
u1280,i118,5,1716575745
u0988,i587,5,1716576466
u0474,i119,5,1716576518
u1273,i362,2,1716576815
u1752,i464,4,1716576826
u1348,i429,5,1716577120
u0672,i357,5,1716578271
u1317,i149,3,1716578884
u0093,i194,5,1716579361
u0195,i200,5,1716580080
u0326,i586,4,1716581312
u1986,i113,4,1716581910
u1058,i171,5,1716582267
u0828,i291,1,1716582606
u0796,i288,4,1716582730
u1093,i384,4,1716582829
u0788,i219,1,1716583522
u0051,i292,4,1716583962
u1698,i498,4,1716584066
u1241,i145,5,1716584286
u1759,i390,5,1716584945
u1847,i333,1,1716585156
u1116,i417,5,1716585263
u1110,i417,4,1716585450
u0532,i294,3,1716585469
u1326,i505,4,1716585655
u1269,i065,5,1716585684
u1778,i044,5,1716586057
u0041,i115,5,1716586225
u1146,i279,4,1716586451
u1305,i507,4,1716587030
u1695,i062,4,1716587084
u1257,i023,5,1716587161
u1401,i013,4,1716587343
u1287,i188,5,1716587391
u0881,i042,4,1716587438
u1578,i333,5,1716587520
u1481,i577,4,1716587602
u0068,i268,5,1716588383
u1523,i507,4,1716588385
u0452,i428,5,1716588553
u1856,i268,5,1716588559
u1983,i390,3,1716588565
u0262,i268,2,1716590931
u1318,i119,4,1716591050
u0888,i291,3,1716592245
u0433,i287,5,1716592337
u1348,i324,5,1716593154
u0062,i110,5,1716593332
u1204,i327,4,1716593473
u1965,i098,5,1716593661
u0799,i049,5,1716594527
u1767,i498,1,1716595264
u1073,i204,3,1716595781
u1368,i040,4,1716596390
u0695,i377,4,1716598834
u0227,i419,2,1716598912
u0035,i324,5,1716599178
u1956,i568,2,1716599650
u0612,i146,4,1716599687
u1941,i447,3,1716600197
u0337,i180,5,1716600468
u1168,i241,3,1716600829
u0431,i417,5,1716602633
u0780,i116,1,1716602818
u0614,i490,5,1716603156
u1177,i352,4,1716603496
u0828,i121,5,1716604233
u0845,i578,5,1716607111
u1591,i136,4,1716607146
u0844,i283,5,1716607176
u0228,i405,4,1716607515
u0285,i568,5,1716607828
u1867,i303,2,1716608004
u1015,i300,5,1716609024
u0834,i290,5,1716609552
u0159,i364,4,1716610036
u1010,i261,5,1716610078
u0441,i421,4,1716610929
u0970,i415,3,1716611162
u0540,i489,5,1716611567
u0714,i055,4,1716612532
u1062,i088,4,1716613258
u1385,i125,5,1716613293
u1079,i254,4,1716614024
u0109,i473,5,1716614120
u1214,i349,5,1716614157
u1211,i055,1,1716614712
u0757,i191,3,1716615443
u1860,i568,5,1716615780
u1964,i237,5,1716616340
u0753,i448,5,1716616743
u0283,i268,4,1716616911
u0633,i555,5,1716616956
u0872,i461,4,1716617145
u0516,i092,4,1716617229
u1368,i258,5,1716617239
u1489,i380,5,1716617311
u0627,i575,4,1716617355
u1241,i005,4,1716617512
u0782,i460,2,1716618804
u0054,i564,1,1716619492
u0000,i538,5,1716619684
u0916,i377,5,1716620007
u0317,i403,3,1716620485
u1573,i019,4,1716620711
u0968,i161,5,1716621544
u1057,i432,4,1716622032
u1947,i118,3,1716622103
u0268,i363,2,1716623189
u1218,i177,5,1716624146
u0596,i461,4,1716624204
u0015,i390,4,1716624314
u0615,i504,5,1716624421
u1349,i013,4,1716624578
u0661,i414,4,1716624810
u1217,i037,1,1716624984
u0032,i064,5,1716625107
u1869,i340,5,1716625473
u1310,i234,4,1716625506
u0939,i092,4,1716625580
u0490,i236,5,1716625616
u1828,i032,5,1716625796
u1183,i461,2,1716625886
u0515,i185,4,1716626008
u1813,i081,4,1716627311
u0323,i379,4,1716627318
u0368,i229,5,1716627360
u0315,i243,1,1716627467
u1111,i276,4,1716627630
u0792,i215,5,1716627859
u1623,i199,4,1716629710
u0354,i173,5,1716629976
u1957,i272,5,1716630302
u0461,i334,5,1716630383
u1280,i175,5,1716630576
u1738,i314,4,1716632002
u0133,i337,3,1716632139
u1843,i019,4,1716632392
u0214,i461,5,1716632793
u0446,i529,1,1716633141
u0917,i419,5,1716634398
u0810,i170,5,1716634433
u0244,i245,4,1716634623
u0841,i039,4,1716635916
u0072,i178,4,1716635928
u1735,i060,4,1716636081
u1121,i361,5,1716636555
u1694,i383,5,1716636992
u1936,i517,4,1716637499
u1367,i472,5,1716637927
u1882,i357,4,1716638204
u0550,i507,5,1716639318
u1693,i428,4,1716639896
u0468,i097,4,1716640532
u0504,i334,1,1716640621
u1962,i373,3,1716640752
u0213,i048,4,1716640806
u0885,i384,1,1716640840
u0603,i064,4,1716641859
u1849,i007,5,1716643385
u0504,i250,5,1716644483
u1559,i333,5,1716644617
u0853,i215,2,1716646325
u1321,i355,5,1716646929
u1276,i333,2,1716647847
u0012,i205,4,1716647932
u0529,i481,5,1716647993
u0639,i291,3,1716648028
u0446,i136,2,1716648218
u1632,i162,4,1716648456
u0083,i594,4,1716648934
u1447,i034,3,1716649186
u1769,i410,5,1716649908
u0697,i113,5,1716650033
u0926,i365,5,1716650305
u0381,i122,4,1716650487
u1527,i080,4,1716651186
u0933,i301,4,1716651353
u0072,i207,3,1716651748
u1950,i332,5,1716652002
u0385,i588,4,1716652030
u0665,i306,4,1716652944
u1431,i106,3,1716653473
u1049,i219,4,1716653899
u1032,i564,5,1716653994
u1149,i324,2,1716654446
u1373,i460,4,1716655379
u1819,i217,4,1716655641
u0950,i435,5,1716656547
u1536,i243,3,1716656819
u0213,i092,4,1716657316
u1507,i268,5,1716657698
u1058,i236,2,1716657837
u0718,i142,4,1716658726
u1705,i599,4,1716658776
u0604,i038,5,1716659327
u1949,i149,4,1716659603
u0904,i147,5,1716659713
u1855,i010,2,1716660080
u0222,i426,5,1716660176
u0777,i022,4,1716660802
u0625,i390,5,1716660834
u1475,i060,5,1716660915
u0170,i412,4,1716661000
u1778,i494,2,1716661477
u0349,i240,5,1716662474
u1142,i274,4,1716663323
u1318,i575,5,1716663400
u0193,i394,3,1716663544
u0422,i382,1,1716664356
u0067,i097,2,1716664429
u1794,i441,4,1716664818
u0465,i340,4,1716664848
u1283,i397,2,1716665025
u0171,i152,5,1716665130
u0293,i516,5,1716665315
u0070,i048,5,1716665944
u1322,i273,5,1716666107
u0797,i042,1,1716666115
u1302,i431,5,1716666435
u0717,i333,5,1716667010
u1524,i004,4,1716668932
u0157,i089,5,1716669287
u0767,i570,4,1716669762
u0092,i374,4,1716669964
u1148,i278,5,1716670895
u1394,i373,4,1716671026
u0657,i413,2,1716671257
u0919,i243,1,1716672078
u1579,i243,2,1716672198
u1052,i570,4,1716672338
u0458,i130,5,1716672917
u1205,i324,5,1716674270
u0207,i593,1,1716674448
u0649,i341,5,1716674923
u1769,i177,4,1716675853
u1273,i352,5,1716676023
u0557,i299,5,1716677241
u1512,i363,5,1716677244
u0619,i436,4,1716678873
u0157,i072,4,1716679445
u1023,i182,4,1716679895
u1497,i329,5,1716680606
u1534,i503,5,1716680971
u1285,i456,5,1716681240
u0736,i149,5,1716682294
u0511,i291,3,1716682342
u1617,i593,2,1716683149
u1041,i566,5,1716683486
u1476,i425,5,1716683498
u0388,i243,2,1716683556
u1692,i525,4,1716683785
u0486,i504,4,1716683899
u0773,i562,5,1716684123
u0433,i369,5,1716684374
u1206,i585,5,1716684490
u0336,i304,4,1716685911
u1798,i113,5,1716687468
u1790,i478,4,1716687471
u0383,i064,5,1716687930
u1522,i595,2,1716688688
u1965,i032,4,1716689139
u0313,i268,2,1716689279
u1297,i181,4,1716689313
u0926,i568,5,1716690350
u1252,i423,5,1716691089
u1183,i117,5,1716691693
u0472,i062,4,1716692335
u0102,i586,5,1716692697
u1565,i113,4,1716692710
u1789,i013,1,1716693029
u1843,i341,5,1716693331
u1483,i233,2,1716693629
u0955,i324,5,1716694184
u0223,i568,4,1716694530
u0051,i055,2,1716695306
u1037,i417,5,1716695887
u1569,i597,4,1716696186
u1814,i271,4,1716696529
u0058,i106,5,1716697125
u1949,i406,4,1716697652
u1803,i243,2,1716698797
u0270,i113,2,1716699397
u1766,i419,4,1716699405
u0147,i492,5,1716699849
u0561,i145,4,1716699864
u1918,i255,4,1716699872
u1390,i333,4,1716700114
u1766,i521,5,1716700208
u1647,i461,4,1716700991
u1949,i522,5,1716701323
u0033,i470,4,1716701631
u1758,i062,5,1716702553
u0342,i322,4,1716702656
u1881,i507,1,1716702787
u1555,i287,2,1716703637
u0401,i162,4,1716703954
u1583,i410,5,1716704342
u0272,i040,4,1716704619
u0394,i143,5,1716705262
u0358,i333,4,1716705455
u1847,i162,2,1716705655
u1446,i140,5,1716706208
u1217,i425,1,1716707643
u1036,i329,4,1716708085
u1537,i595,5,1716708244
u1554,i158,2,1716710438
u0609,i244,5,1716711556
u1636,i113,4,1716711601
u0716,i420,4,1716711773
u0722,i254,4,1716712059
u0952,i263,4,1716712317
u1547,i480,3,1716712380
u1135,i595,5,1716713358
u1843,i014,5,1716713935
u0298,i333,4,1716715362
u1877,i081,5,1716716301
u0841,i097,3,1716717236
u0946,i496,5,1716718389
u0780,i470,4,1716719188
u1153,i063,5,1716719444
u0117,i549,4,1716720080
u0906,i457,5,1716720095
u0846,i564,2,1716720157
u0156,i227,5,1716720581
u1480,i255,4,1716720995
u1448,i260,3,1716721150
u1950,i406,5,1716721495
u1840,i292,2,1716722581
u1516,i290,1,1716723512
u1182,i313,4,1716723760
u1801,i130,4,1716724794
u1704,i388,5,1716725341
u1729,i511,5,1716725820
u0908,i117,5,1716726001
u1440,i568,4,1716726529
u0786,i113,4,1716726693
u0984,i514,3,1716726716
u0472,i396,1,1716726923
u1780,i176,5,1716727321
u0892,i177,5,1716727436
u1454,i286,5,1716728017
u1597,i376,5,1716728320
u1867,i397,5,1716728529
u0712,i578,5,1716728914
u1534,i413,3,1716729616
u0951,i102,5,1716729625
u1359,i273,5,1716730023
u0140,i250,4,1716730322
u0559,i293,5,1716730948
u0993,i059,5,1716731417
u1840,i156,5,1716731446
u0370,i333,4,1716731866
u0529,i060,3,1716732294
u1037,i529,3,1716732862
u1142,i050,4,1716733317
u0793,i448,1,1716733776
u1872,i519,5,1716733940
u1154,i029,4,1716734036
u1692,i507,4,1716734355
u1731,i540,5,1716734969
u1782,i198,4,1716735214
u1906,i112,4,1716735447
u1498,i162,1,1716735954
u1939,i293,4,1716736627
u1464,i440,4,1716737215
u1104,i189,4,1716737294
u1510,i393,5,1716737297
u0642,i163,4,1716737735
u0472,i511,5,1716738074
u1950,i401,3,1716738311
u1799,i589,1,1716738550
u0362,i519,4,1716738578
u1530,i542,5,1716738781
u1869,i042,4,1716739094
u1809,i268,4,1716739323
u0490,i060,1,1716739544
u1199,i377,4,1716740144
u0886,i381,2,1716740518
u1635,i529,2,1716741153
u1509,i073,5,1716741327
u1591,i485,5,1716742031
u1244,i243,5,1716742552
u0943,i304,2,1716743201
u1624,i568,2,1716743272
u0432,i377,4,1716744040
u1642,i146,4,1716744520
u1982,i381,4,1716745011
u0476,i093,1,1716746434
u1911,i375,4,1716746630
u0964,i476,4,1716746764
u0111,i205,5,1716747088
u1387,i461,4,1716747860
u0432,i166,3,1716748342
u1828,i387,4,1716749812
u1870,i593,4,1716749813
u0403,i568,3,1716749846
u1013,i568,2,1716749876
u1179,i292,4,1716749974
u0792,i118,3,1716750079
u1809,i293,4,1716750363
u1225,i063,4,1716750751
u1222,i507,1,1716750770
u0024,i370,5,1716751114
u1457,i074,5,1716751390
u1101,i266,3,1716751636
u0125,i048,5,1716752511
u1826,i163,5,1716752855
u0885,i092,5,1716753046
u1483,i356,4,1716753718
u1373,i037,3,1716754073
u1722,i333,3,1716754214
u1936,i581,2,1716754361
u0932,i290,5,1716755180
u1638,i377,5,1716755633
u0279,i364,5,1716755999
u0176,i204,4,1716756332
u1854,i072,5,1716756577
u1852,i505,1,1716756861
u0039,i215,5,1716757721
u1034,i023,4,1716757944
u1782,i261,5,1716758472
u0859,i599,2,1716759996
u1184,i461,4,1716760530
u1231,i448,5,1716760725
u1700,i009,5,1716761509
u0938,i186,1,1716761682
u0771,i553,2,1716762076
u1657,i417,4,1716762812
u0596,i550,4,1716763593
u0070,i061,4,1716763597
u0753,i436,5,1716764061
u1842,i593,4,1716764358
u1272,i364,5,1716765097
u0834,i243,5,1716765365
u1604,i333,1,1716765605
u1204,i093,4,1716765794
u0238,i090,4,1716765936
u1976,i025,2,1716766646
u0338,i095,4,1716766929
u1089,i507,1,1716766971
u0228,i097,4,1716767071
u0363,i140,5,1716767608
u0221,i093,5,1716767754
u1727,i474,4,1716768301
u0299,i243,5,1716768640
u0342,i265,4,1716769298
u0605,i526,1,1716769372
u0770,i029,5,1716770908
u1268,i183,3,1716771057
u1491,i510,5,1716771575
u0148,i485,4,1716771672
u0036,i360,4,1716771903
u0132,i256,4,1716772120
u0256,i357,4,1716774573
u0681,i220,4,1716775186
u1865,i109,4,1716776716
u1161,i472,2,1716776974
u1895,i145,4,1716777512
u0618,i425,5,1716777767
u1179,i419,5,1716778171
u1483,i126,5,1716778325
u1529,i148,5,1716778590
u0304,i397,5,1716778805
u0449,i575,2,1716779057
u0331,i372,5,1716779086
u1225,i043,4,1716779283
u0941,i291,2,1716779473
u1992,i234,4,1716780245
u0375,i480,1,1716780717
u1424,i244,5,1716780904
u1351,i004,1,1716781642
u0492,i439,4,1716782642
u0331,i546,4,1716782756
u1021,i116,4,1716784475
u1240,i374,4,1716785495
u1234,i292,4,1716786520
u0701,i159,5,1716786530
u0521,i113,4,1716786832
u1312,i422,1,1716787479
u1422,i368,4,1716787660
u1869,i440,5,1716787921
u0868,i522,4,1716788091
u1903,i469,3,1716789287
u0027,i145,5,1716789936
u0145,i498,5,1716790183
u1237,i447,4,1716790207
u0221,i199,5,1716790378
u0749,i251,4,1716791014
u0749,i139,5,1716791256
u0650,i477,5,1716793563
u0330,i572,4,1716794252
u0095,i461,1,1716794420
u1506,i377,3,1716794699
u1935,i542,5,1716794782
u1409,i010,4,1716795197
u1197,i103,5,1716795204
u0962,i320,5,1716795454
u0711,i568,2,1716795676
u1543,i501,5,1716795753
u0167,i057,4,1716795779
u1026,i171,4,1716795786
u1659,i535,1,1716795821
u0224,i359,4,1716795874
u1653,i469,4,1716796098
u0364,i049,5,1716796360
u0136,i216,4,1716796563
u0162,i364,4,1716796797
u1184,i519,5,1716796843
u1788,i262,4,1716796887
u1305,i384,5,1716797487
u0688,i244,5,1716798061
u1727,i362,5,1716800000
u0032,i291,4,1716800130
u1327,i417,3,1716800281
u1527,i526,5,1716800396
u0685,i378,4,1716800796
u0131,i566,4,1716800893
u0948,i499,5,1716801030
u1975,i257,5,1716802109
u1581,i092,2,1716802640
u0295,i393,5,1716802836
u0133,i116,2,1716802882
u1868,i516,4,1716803019
u1848,i042,5,1716803652
u1124,i045,4,1716805377
u0624,i334,4,1716805911
u1976,i008,2,1716807007
u1588,i560,5,1716807566
u1145,i541,2,1716807570
u1203,i294,4,1716808631
u1217,i364,1,1716808958
u0802,i026,4,1716809060
u1977,i513,4,1716809304
u0877,i333,5,1716809703
u0211,i599,5,1716810409
u1184,i470,5,1716810548
u1692,i372,4,1716811535
u1771,i583,4,1716811863
u0694,i412,4,1716811895
u1106,i527,4,1716812423
u0669,i394,5,1716813347
u0558,i115,5,1716814279
u1963,i201,4,1716814872
u0170,i566,4,1716815240
u0997,i591,4,1716815736
u1705,i276,2,1716816504
u0073,i074,4,1716816804
u0460,i087,2,1716816923
u1621,i406,5,1716816935
u0995,i308,4,1716817077
u0533,i097,4,1716817879
u0373,i476,1,1716817999
u0791,i541,5,1716819103
u0125,i040,4,1716819137
u0192,i113,5,1716819497
u1530,i054,4,1716820122
u0716,i477,4,1716821342
u0722,i026,4,1716821906
u1027,i575,4,1716822086
u1941,i575,5,1716822716
u1826,i291,5,1716822808
u0513,i396,5,1716823046
u0922,i570,3,1716823398
u0227,i268,1,1716823591
u1600,i292,5,1716823648
u0621,i243,4,1716824911
u1138,i106,5,1716825798
u1215,i242,4,1716825875
u1340,i091,5,1716825981
u0704,i516,5,1716826422
u1116,i340,4,1716826521
u1360,i503,4,1716826981
u1006,i117,5,1716827213
u0546,i261,4,1716828391
u0555,i025,5,1716828768
u0888,i519,4,1716830369
u0250,i201,5,1716830383
u0382,i182,5,1716830518
u1824,i442,4,1716830853
u1004,i358,5,1716830985
u1703,i381,5,1716831169
u1640,i553,4,1716831308
u0467,i097,2,1716831527
u1439,i006,4,1716831828
u1184,i021,5,1716833072
u1215,i516,4,1716833437
u0753,i261,2,1716833474
u0808,i341,4,1716833512
u1692,i161,4,1716835341
u0512,i538,4,1716835438
u0848,i114,4,1716836359
u0556,i119,4,1716836663
u1006,i254,4,1716836904
u0319,i370,4,1716836966
u1598,i335,4,1716837066
u1013,i075,5,1716837517
u1155,i070,4,1716837530
u0950,i352,2,1716838047
u1614,i524,4,1716838321
u1340,i008,2,1716838365
u1413,i140,5,1716838846
u0960,i480,1,1716838870
u0791,i329,5,1716838881
u1143,i434,5,1716839339
u0401,i236,4,1716839491
u0049,i535,4,1716839759
u0457,i364,4,1716839847
u1159,i233,5,1716840521
u1032,i381,1,1716840885
u1049,i254,3,1716841231
u0069,i549,4,1716841473
u1924,i251,5,1716841834
u1700,i483,5,1716842138
u0418,i251,3,1716842284
u0164,i434,4,1716842603
u1006,i397,4,1716843377
u0144,i480,5,1716843853
u0152,i377,2,1716844000
u1949,i424,4,1716844647
u0242,i526,5,1716844931
u1912,i119,2,1716844953
u1450,i504,3,1716846237
u1153,i178,5,1716848506
u1042,i461,3,1716848507
u0935,i230,5,1716848812
u0861,i414,5,1716848898
u0023,i237,4,1716849601
u0557,i153,5,1716850301
u0362,i361,2,1716850640
u1340,i589,5,1716850713
u1647,i291,2,1716851360
u1665,i039,4,1716851409
u0175,i268,4,1716851603
u1341,i498,5,1716852236
u1570,i243,3,1716853024
u0408,i444,4,1716853391
u1771,i454,1,1716853603
u1528,i428,5,1716854160
u0048,i006,1,1716854597
u1441,i139,5,1716855012
u0365,i366,5,1716855222
u0891,i374,2,1716855311
u0222,i460,5,1716855582
u0115,i118,5,1716856061
u0539,i345,4,1716857216
u0173,i526,5,1716858153
u0046,i237,5,1716858430
u1659,i371,5,1716858458
u1991,i080,4,1716858777
u0551,i016,4,1716858911
u0192,i363,4,1716859731
u1462,i076,5,1716860042
u1453,i041,1,1716860055
u1559,i529,1,1716860060
u0995,i522,4,1716860430
u0205,i580,2,1716862402
u1666,i504,1,1716862729
u0825,i363,4,1716862744
u0717,i293,3,1716863186
u0998,i211,4,1716863907
u0726,i165,5,1716864180
u0407,i243,5,1716864297
u1658,i578,4,1716864563
u0314,i435,3,1716864687
u0959,i439,4,1716866144
u1887,i432,5,1716866300
u0015,i140,5,1716866596
u0908,i591,4,1716866965
u0423,i215,4,1716867720
u1227,i548,4,1716868382
u1757,i150,4,1716868682
u1326,i529,4,1716868684
u0991,i048,5,1716868882
u0368,i346,4,1716869372
u1361,i454,4,1716869722
u0757,i419,4,1716869856
u0998,i363,3,1716870020
u0854,i048,5,1716870175
u0736,i016,4,1716870791
u1129,i198,4,1716871012
u1493,i214,4,1716871645
u1499,i000,4,1716871819
u0494,i108,5,1716872003
u0907,i106,5,1716873189
u0087,i243,3,1716873268
u0268,i357,5,1716876539
u0692,i333,1,1716876975
u1156,i578,5,1716877291
u1715,i411,4,1716877746
u1659,i411,5,1716877979
u0834,i204,4,1716878006
u1043,i297,1,1716878498
u1536,i597,4,1716878575
u0778,i372,3,1716878974
u0071,i282,3,1716880771
u1474,i254,3,1716880948
u1908,i340,1,1716881844
u1992,i024,5,1716881917
u1193,i316,5,1716882142
u1257,i171,1,1716882539
u0402,i402,5,1716882564
u0440,i393,5,1716882987
u1872,i504,5,1716883421
u0766,i413,1,1716883443
u0922,i599,4,1716883749
u0291,i271,5,1716884165
u1354,i417,4,1716884540
u1363,i419,5,1716885315
u1964,i472,5,1716885704
u1039,i564,4,1716886211
u0080,i168,1,1716887758
u1368,i168,5,1716888003
u1088,i364,5,1716888686
u1848,i150,5,1716888893
u1836,i074,4,1716889240
u1701,i391,5,1716889455
u1588,i178,3,1716890874
u0239,i268,3,1716891518
u1390,i076,4,1716892308
u0747,i261,3,1716892438
u1265,i419,1,1716893323
u1038,i535,5,1716893581
u0087,i332,4,1716894045
u1658,i463,5,1716894407
u0923,i099,5,1716894951
u1591,i243,2,1716894955
u1104,i460,4,1716895584
u1882,i378,4,1716896138
u0170,i529,5,1716896317
u1602,i261,4,1716896375
u0588,i352,2,1716896960
u1775,i134,5,1716897357
u1073,i413,5,1716897607
u1768,i268,1,1716897944
u1495,i092,5,1716898174
u1413,i390,5,1716898531
u0817,i305,5,1716900872
u0362,i060,4,1716901495
u0128,i140,5,1716901534
u1663,i441,5,1716901781
u1623,i507,1,1716901804
u0878,i119,5,1716902155
u0605,i243,2,1716902591
u1951,i136,4,1716902601
u1410,i597,1,1716902702
u0683,i472,3,1716903197
u0515,i495,2,1716903417
u0008,i456,2,1716903996
u1125,i562,5,1716904163
u1504,i126,5,1716905121
u1460,i202,4,1716905709
u1272,i171,5,1716905982
u1011,i529,3,1716906826
u1381,i297,4,1716907204
u1338,i319,1,1716908848
u0086,i594,4,1716909780
u1255,i406,4,1716910776
u0460,i582,4,1716911007
u0791,i268,1,1716911143
u1776,i182,4,1716911428
u0687,i332,5,1716911522
u1785,i400,5,1716912484
u1374,i118,5,1716912570
u0335,i080,4,1716912725
u1975,i581,4,1716912780
u1342,i585,4,1716913854
u1563,i352,4,1716914028
u0603,i360,5,1716914119
u0373,i341,4,1716914929
u1999,i552,4,1716915068
u1388,i520,5,1716915432
u0854,i104,2,1716915981
u1611,i229,4,1716916797
u1799,i377,5,1716918605
u1225,i127,5,1716918746
u0366,i352,5,1716919646
u1036,i219,4,1716919722
u0401,i142,3,1716920155
u1701,i564,4,1716920208
u1642,i349,4,1716922321
u1422,i417,5,1716922645
u0412,i060,5,1716923173
u0391,i323,3,1716923808
u1814,i092,4,1716924122
u0049,i143,4,1716924498
u0439,i363,4,1716925558
u1837,i568,5,1716925853
u0723,i108,4,1716925982
u1776,i117,5,1716926202
u0582,i256,5,1716926568
u1483,i390,2,1716926678
u1501,i424,2,1716926802
u0783,i286,4,1716927061
u1843,i152,5,1716927394
u0887,i049,4,1716928193
u0612,i256,4,1716929192
u1692,i546,4,1716929234
u1824,i511,5,1716929826
u0857,i334,1,1716930241
u0216,i227,2,1716930248
u1680,i477,5,1716931008
u0498,i243,3,1716931101
u1940,i521,5,1716931916
u1748,i519,5,1716931996
u0248,i524,5,1716933753
u1558,i243,2,1716933881
u1893,i226,5,1716934289
u1737,i219,4,1716934811
u1185,i423,4,1716935721
u1628,i429,5,1716935977
u0630,i106,3,1716936537
u1686,i443,5,1716936587
u0169,i023,5,1716936706
u1475,i550,4,1716937223
u0788,i211,5,1716937951
u1923,i324,2,1716938316
u1370,i130,5,1716938889
u1948,i334,5,1716939449
u1291,i048,4,1716939616
u1455,i143,4,1716939898
u1503,i243,2,1716940522
u0847,i117,1,1716940746
u0326,i568,2,1716940863
u1984,i116,5,1716941031
u0042,i297,4,1716943315
u0409,i471,4,1716943819
u0040,i378,4,1716944028
u0958,i245,4,1716944103
u0817,i091,5,1716944498
u1778,i595,4,1716944728
u0478,i480,5,1716946854
u1478,i044,4,1716946886
u1262,i382,5,1716946951
u1924,i521,1,1716947173
u1485,i369,4,1716947360
u0266,i124,4,1716947823
u0412,i337,4,1716948419
u1329,i236,5,1716948726
u0059,i526,5,1716949010
u0278,i582,5,1716949103
u0446,i140,5,1716949531
u0222,i461,5,1716949910
u0176,i469,1,1716950077
u0509,i508,3,1716950160
u0657,i314,5,1716950755
u1132,i034,4,1716951878
u0996,i243,1,1716952517
u0796,i333,3,1716952848
u0158,i004,4,1716953508
u1700,i176,2,1716954385
u0731,i254,4,1716954443
u0616,i417,5,1716955085
u1641,i217,4,1716955741
u0501,i336,4,1716956610
u1332,i193,5,1716957016
u0256,i378,5,1716957121
u0914,i285,5,1716958598
u1252,i519,5,1716958713
u0220,i399,4,1716959087
u0271,i260,5,1716959279
u0257,i167,4,1716959692
u0532,i575,1,1716960247
u0678,i097,4,1716960304
u1230,i421,4,1716961526
u0176,i091,5,1716961532
u0918,i535,5,1716961676
u0958,i560,5,1716961727
u1127,i516,2,1716961822
u1364,i384,5,1716962093
u1648,i093,4,1716962495
u1982,i178,5,1716962936
u1880,i219,4,1716962985
u0951,i447,5,1716963129
u0809,i508,4,1716963304
u0726,i470,2,1716963869
u1408,i032,4,1716964823
u1499,i169,5,1716964849
u0167,i461,2,1716965352
u1584,i110,5,1716965496
u0343,i516,5,1716965544
u1119,i391,2,1716966573
u0656,i248,3,1716967285
u1369,i243,3,1716967644
u1129,i456,5,1716968579
u1896,i508,2,1716969103
u1974,i255,5,1716971264
u1477,i239,5,1716971441
u0757,i346,4,1716972617
u1665,i291,5,1716973112
u0193,i254,1,1716974453
u0256,i447,5,1716975050
u1665,i223,5,1716975783
u1222,i597,5,1716976455
u1321,i042,4,1716976812
u0170,i526,2,1716976934
u1724,i104,4,1716977665
u1722,i363,5,1716977753
u0926,i287,4,1716978099
u1372,i526,4,1716978479
u1908,i158,4,1716978829
u0343,i097,1,1716979087
u0617,i117,5,1716981033
u1549,i267,4,1716981207
u0342,i046,3,1716981477
u0973,i202,4,1716982102
u1579,i261,5,1716982689
u0706,i194,4,1716983604
u1504,i467,5,1716983614
u1163,i546,5,1716984111
u1500,i410,4,1716984548
u1342,i595,4,1716984842
u1132,i291,2,1716986004
u0492,i116,3,1716986664
u0990,i180,4,1716986711
u1873,i266,3,1716987238
u0051,i008,5,1716987670
u1109,i405,5,1716987898
u1926,i489,4,1716987950
u0185,i516,5,1716988079
u0130,i261,5,1716988658
u0854,i237,5,1716988881
u0659,i548,5,1716988895
u1005,i291,5,1716988979
u1353,i251,3,1716989450
u1496,i593,4,1716989561
u1962,i038,5,1716989697
u0393,i085,2,1716989986
u0100,i218,4,1716992515
u1306,i291,5,1716992934
u0692,i564,4,1716994875
u0652,i535,4,1716995336
u1911,i268,5,1716995645
u1696,i566,5,1716997179
u0034,i148,4,1716997180
u0201,i274,5,1716998887
u1493,i022,4,1717001964
u1061,i030,4,1717002177
u1839,i575,4,1717003545
u0405,i507,1,1717003680
u0519,i211,4,1717005607
u0501,i177,4,1717005642
u0182,i476,4,1717005731
u0418,i146,5,1717005935
u1493,i130,4,1717006320
u0218,i576,1,1717006993
u1282,i562,2,1717007303
u0199,i585,5,1717007693
u1378,i034,5,1717007709
u1697,i157,4,1717007904
u0603,i475,2,1717008269
u0239,i010,5,1717009055
u0435,i117,4,1717010413
u1922,i379,5,1717011607
u1012,i399,4,1717012999
u0329,i522,5,1717013455
u0917,i206,5,1717013911
u0158,i059,4,1717014741
u0967,i389,5,1717014949
u1621,i529,5,1717015007
u0640,i293,4,1717016090
u0376,i483,3,1717016440
u0878,i116,5,1717016579
u0415,i371,1,1717016953
u0682,i470,4,1717017307
u1032,i002,5,1717017748
u1182,i376,5,1717017920
u1761,i174,5,1717018833
u0507,i470,4,1717019976
u0607,i076,3,1717020006
u1809,i327,4,1717021637
u0674,i308,5,1717021717
u0552,i007,1,1717021859
u0935,i340,1,1717022536
u0873,i194,5,1717022680
u0497,i436,5,1717023614
u1273,i093,4,1717023624
u1698,i333,5,1717023924
u1433,i261,3,1717024244
u0272,i243,2,1717024613
u0600,i504,5,1717024676
u0214,i514,5,1717024850
u1951,i211,2,1717024931
u1238,i194,4,1717025202
u1332,i293,5,1717025689
u0753,i483,4,1717025722
u0224,i104,4,1717027255
u1382,i255,4,1717028048
u1804,i149,4,1717028459
u0074,i340,5,1717030264
u0811,i205,5,1717030537
u0551,i529,5,1717031059
u0316,i422,4,1717031390
u0087,i379,5,1717032288
u1291,i129,5,1717032455
u0860,i294,5,1717033014
u1973,i072,5,1717033132
u1473,i575,5,1717034166
u1719,i569,4,1717034658
u0418,i375,5,1717034778
u1168,i520,5,1717034804
u0815,i264,5,1717034936
u0265,i261,5,1717035210
u1493,i268,3,1717035494
u0957,i288,5,1717035739
u0858,i556,5,1717036270
u1785,i364,4,1717036570
u1682,i335,4,1717036732
u0270,i052,5,1717036767
u0445,i178,4,1717036776
u1271,i351,5,1717036788
u1103,i592,4,1717036954
u0156,i363,2,1717037471
u1491,i355,5,1717039230
u1540,i182,4,1717039339
u1636,i539,4,1717040089
u0314,i232,5,1717040704
u0467,i526,2,1717041388
u1922,i412,4,1717041714
u1780,i117,4,1717042140
u1380,i097,5,1717042231
u0501,i394,5,1717042732
u1227,i363,5,1717042886
u1819,i504,4,1717042938
u0240,i595,5,1717043348
u1029,i230,5,1717043413
u1643,i224,5,1717043790
u1427,i140,4,1717045084
u1723,i373,5,1717045130
u0643,i578,5,1717045269
u1481,i102,5,1717045403
u1964,i092,4,1717046068
u1378,i005,4,1717046181
u1384,i040,5,1717046325
u0361,i470,4,1717046655
u1259,i477,4,1717046733
u0651,i274,4,1717046920
u1522,i403,4,1717047148
u1435,i092,1,1717047594
u1536,i340,5,1717048938
u0435,i361,4,1717049470
u1269,i310,1,1717049957
u0584,i104,5,1717050097
u1957,i320,1,1717050497
u1927,i037,3,1717050824
u1179,i104,5,1717052714
u0702,i268,3,1717053418
u0207,i166,5,1717053918
u0183,i461,4,1717055351
u0825,i099,4,1717055416
u1015,i106,5,1717056380
u0498,i157,1,1717056483
u0374,i315,4,1717056928
u1342,i304,2,1717057406
u1510,i268,4,1717059022
u1075,i294,5,1717059266
u1350,i257,4,1717060125
u1915,i563,3,1717060379
u1149,i019,4,1717061541
u1567,i185,4,1717062157
u1036,i396,5,1717062368
u0761,i025,4,1717062506
u1343,i268,4,1717062601
u0652,i430,5,1717063784
u0598,i489,4,1717064012
u1530,i233,4,1717064058
u0070,i485,4,1717064278
u0364,i392,5,1717065131
u1948,i402,4,1717066240
u1695,i122,4,1717066279
u0781,i529,5,1717066835
u0065,i013,2,1717068743
u1498,i405,4,1717069246
u1032,i089,4,1717069499
u1304,i063,4,1717071697
u0074,i594,4,1717072098
u0542,i078,5,1717072330
u0809,i149,5,1717072693
u0905,i498,5,1717073278
u0937,i084,5,1717073292
u1561,i388,4,1717073487
u0707,i332,5,1717074802
u0519,i334,1,1717075030
u1975,i294,4,1717075336
u0647,i541,4,1717075507
u1528,i566,5,1717075574
u0209,i364,3,1717076129
u0559,i049,4,1717076398
u0579,i197,5,1717077430
u1814,i584,1,1717077561
u0214,i337,5,1717078325
u1878,i487,4,1717078613
u1616,i492,3,1717078991
u1441,i372,5,1717079634
u0912,i363,3,1717080250
u1818,i206,4,1717080931
u0193,i505,5,1717080944
u1505,i588,4,1717080949
u1075,i113,2,1717080974
u0134,i363,3,1717081168
u0848,i112,4,1717081672
u0231,i243,3,1717082058
u0460,i287,5,1717082173
u0789,i519,5,1717083150
u0692,i234,4,1717083595
u1570,i447,2,1717084407
u0755,i237,5,1717084821
u0047,i595,2,1717085485
u1901,i417,2,1717085524
u0635,i363,5,1717085932
u1842,i357,3,1717086768
u0101,i562,5,1717087797
u1484,i301,4,1717088612
u0124,i264,4,1717089470
u0539,i300,4,1717089594
u0956,i434,5,1717089773
u1401,i197,5,1717090185
u1193,i574,5,1717090289
u0590,i599,4,1717090385
u1283,i233,3,1717090522
u0669,i208,4,1717090775
u0001,i099,1,1717090971
u0023,i152,4,1717091126
u1053,i457,4,1717091991
u0965,i274,5,1717092268
u0905,i119,4,1717092558
u1625,i417,3,1717092893
u1585,i341,5,1717093213
u1758,i185,4,1717093930
u1630,i291,3,1717093977
u1853,i472,5,1717094028
u0145,i333,5,1717094029
u1295,i059,5,1717095075
u0291,i122,4,1717095208
u0882,i406,5,1717095562
u0348,i293,4,1717095817
u1286,i584,4,1717097295
u0196,i526,5,1717097446
u1960,i291,5,1717099697
u0562,i119,4,1717100327
u1040,i397,4,1717101002
u0483,i341,5,1717101097
u1573,i061,5,1717101428
u0595,i136,4,1717101929
u0435,i291,5,1717102807
u1978,i334,1,1717102898
u0227,i134,4,1717103072
u1978,i574,4,1717103160
u0100,i261,4,1717103506
u1709,i530,4,1717103569
u1479,i087,3,1717103980
u0003,i257,5,1717104350
u1833,i254,4,1717104590
u0411,i234,5,1717104806
u1103,i357,4,1717104930
u0212,i116,1,1717105106
u0528,i268,5,1717105151
u1740,i465,4,1717105178
u1946,i289,5,1717105704
u1068,i017,4,1717107810
u0927,i591,4,1717109680
u0774,i253,5,1717110191
u1135,i055,3,1717110196
u1982,i131,5,1717110352
u0200,i181,5,1717111525
u0648,i237,5,1717112178
u0780,i189,4,1717112700
u1570,i334,3,1717112918
u1716,i425,4,1717113640
u1470,i076,4,1717114036
u1745,i100,4,1717114490
u1831,i460,5,1717115725
u0584,i268,4,1717115837
u1120,i233,5,1717116339
u0231,i023,4,1717116625
u1741,i111,1,1717116828
u0363,i268,5,1717117019
u1709,i204,5,1717117184
u1469,i461,5,1717117334
u0631,i004,2,1717117495
u1033,i377,4,1717118130
u1097,i297,4,1717118199
u1358,i333,3,1717118442
u0828,i526,5,1717118984
u1420,i069,5,1717120618
u0004,i461,4,1717121459
u1345,i349,5,1717121831
u1906,i122,5,1717122183
u1128,i056,4,1717122949
u1253,i261,1,1717122984
u1108,i117,2,1717123096
u1160,i152,1,1717123219
u0286,i484,4,1717123383
u0902,i379,1,1717123575
u1068,i450,5,1717124826
u1829,i333,4,1717125688
u0544,i113,3,1717125881
u0754,i065,4,1717126589
u0322,i254,4,1717126658
u1692,i268,2,1717126699
u0169,i448,5,1717126830
u0015,i134,2,1717127184
u0053,i394,5,1717127283
u1559,i444,4,1717128227
u1092,i067,5,1717128798
u0859,i013,4,1717130010
u1927,i117,4,1717131206
u0130,i117,4,1717131362
u0013,i254,2,1717131452
u1628,i151,4,1717131538
u0818,i274,3,1717131631
u0383,i055,5,1717132675
u1821,i387,5,1717132683
u1408,i567,5,1717132795
u0775,i342,5,1717134818
u1610,i029,5,1717135444
u1887,i400,4,1717135572
u0266,i220,5,1717136715
u0353,i333,4,1717137124
u0251,i059,3,1717138040
u0145,i383,5,1717138345
u0448,i268,5,1717138479
u1365,i113,3,1717138937
u1911,i140,5,1717140154
u0034,i275,4,1717140166
u1966,i499,4,1717140259
u0330,i260,4,1717140573
u1097,i529,3,1717140839
u1670,i483,4,1717140954
u1575,i448,4,1717141239
u1926,i268,5,1717141312
u0393,i078,4,1717141590
u1384,i122,4,1717141679
u0786,i516,4,1717141745
u1565,i334,3,1717141979
u0407,i106,5,1717142526
u0819,i050,5,1717142591
u1720,i252,5,1717142907
u1416,i139,4,1717143104
u1282,i549,1,1717143688
u0822,i503,4,1717144039
u1893,i115,5,1717144321
u1739,i391,5,1717144449
u1044,i181,5,1717144520
u1608,i243,5,1717144717
u0568,i388,4,1717144793
u1569,i401,5,1717145602
u0800,i568,4,1717145712
u0805,i574,4,1717146157
u1201,i230,1,1717146192
u0540,i161,3,1717146220
u1572,i539,2,1717147547
u1905,i507,4,1717147592
u0219,i254,5,1717147773
u1708,i134,3,1717147892
u0292,i191,5,1717148379
u1141,i349,5,1717148442
u0727,i526,5,1717148799
u1435,i316,5,1717149597
u1551,i363,5,1717150288
u0200,i454,4,1717150298
u1782,i254,4,1717150665
u1260,i364,2,1717150848
u1769,i485,4,1717150911
u1614,i568,5,1717151745
u1801,i313,4,1717152188
u0220,i580,5,1717152417
u0719,i260,1,1717152889
u0851,i549,4,1717153460
u1957,i332,5,1717153970
u0582,i425,4,1717154380
u0261,i332,3,1717154853
u1543,i562,4,1717155248
u0719,i150,4,1717155395
u0093,i364,4,1717156002
u1126,i162,4,1717156032
u0624,i014,4,1717156694
u1111,i333,2,1717156950
u0825,i134,5,1717156972
u0746,i068,1,1717157160
u0134,i291,5,1717157274
u1878,i215,4,1717157881
u0594,i243,3,1717157922
u1900,i550,5,1717158022
u1513,i092,2,1717158278
u0567,i593,4,1717159270
u0453,i082,2,1717159604
u1956,i073,5,1717159627
u0381,i507,3,1717160006
u0589,i468,5,1717161431
u0709,i387,1,1717163375
u1050,i117,2,1717164445
u0797,i104,5,1717164730
u1265,i291,4,1717164880
u0088,i268,4,1717165845
u0824,i521,4,1717167390
u1903,i510,4,1717169030
u1496,i254,5,1717169179
u1891,i276,5,1717169310
u1393,i566,4,1717169346
u1782,i323,4,1717170506
u0766,i361,4,1717171730
u1649,i227,3,1717173050
u0331,i007,5,1717173316
u1473,i165,4,1717173876
u0337,i447,5,1717173972
u0290,i519,5,1717175683
u0602,i518,4,1717176140
u0247,i160,4,1717176359
u0252,i341,5,1717176435
u0128,i457,1,1717177593
u0545,i387,4,1717177682
u0777,i211,5,1717177720
u0214,i243,1,1717178136
u0363,i008,4,1717178263
u1653,i428,4,1717178989
u0690,i243,3,1717179265
u0150,i516,4,1717179434
u1796,i371,4,1717179589
u1087,i580,5,1717179652
u1222,i209,4,1717182614
u1444,i234,4,1717182664
u1750,i165,5,1717182822
u1989,i208,5,1717182858
u1346,i535,4,1717184595
u1129,i568,4,1717187526
u0089,i447,5,1717188287
u0463,i032,4,1717188538
u1055,i456,2,1717188833
u0807,i543,4,1717189306
u0137,i361,4,1717189852
u1636,i262,5,1717190030
u1267,i324,4,1717191706
u1636,i528,4,1717192008
u0336,i519,3,1717192210
u0800,i240,5,1717192325
u0228,i247,5,1717194014
u0561,i507,3,1717194018
u0875,i158,2,1717194998
u1761,i140,4,1717195011
u0170,i467,3,1717195084
u1286,i192,4,1717195356
u0461,i428,3,1717195508
u0352,i363,5,1717195526
u1552,i057,5,1717195811
u1384,i394,4,1717196487
u0362,i022,5,1717196657
u0649,i122,5,1717197037
u1718,i193,5,1717197098
u0065,i526,4,1717199091
u0161,i480,4,1717199115
u0317,i510,4,1717199198
u0796,i500,4,1717200104
u1654,i569,5,1717200158
u0868,i494,5,1717200282
u1467,i106,5,1717200592
u1061,i004,5,1717200684
u0119,i422,4,1717200778
u0109,i329,3,1717201145
u0660,i199,5,1717201386
u1244,i095,1,1717201432
u1909,i177,5,1717201453
u0131,i424,5,1717201569
u0198,i261,2,1717201652
u0224,i411,5,1717203279
u0794,i032,5,1717203646
u0345,i446,4,1717204216
u0336,i300,4,1717205040
u1557,i576,5,1717205804
u0092,i394,4,1717207452
u0368,i293,5,1717207801
u1540,i055,4,1717208265
u0692,i357,5,1717209459
u0389,i284,5,1717211255
u1368,i481,5,1717211322
u1424,i048,4,1717211947
u0720,i342,4,1717212032
u0059,i490,4,1717212250
u1616,i348,5,1717212816
u1292,i417,4,1717213045
u0500,i564,5,1717214022
u0783,i361,4,1717214278
u1563,i047,4,1717214372
u0436,i548,4,1717214436
u1847,i419,5,1717214928
u1046,i363,3,1717215865
u1812,i292,4,1717216055
u0733,i498,4,1717216138
u1764,i126,5,1717216434
u1651,i243,5,1717216815
u1275,i372,1,1717217194
u0464,i030,4,1717217608
u1329,i245,4,1717218262
u0906,i113,4,1717218557
u1038,i265,5,1717218786
u0451,i407,4,1717219279
u0913,i261,3,1717219950
u0370,i298,5,1717220703
u0227,i594,5,1717221137
u0933,i195,5,1717221523
u1748,i562,5,1717222941
u0721,i026,4,1717223283
u0761,i265,4,1717223624
u0007,i219,5,1717224547
u1731,i048,5,1717224717
u1948,i152,5,1717226170
u1344,i134,4,1717227528
u0713,i032,4,1717227554
u0530,i013,3,1717227766
u1434,i194,2,1717227884
u1515,i283,4,1717228249
u1933,i243,5,1717229167
u1428,i524,4,1717229388
u0917,i104,4,1717230032
u0067,i332,4,1717230276
u1589,i113,5,1717230360
u1227,i133,2,1717230521
u0720,i107,1,1717231014
u0182,i587,3,1717231267
u0669,i549,4,1717232045
u1772,i447,1,1717233197
u0001,i590,5,1717233446
u0594,i480,1,1717233594
u0049,i312,4,1717234615
u1186,i006,5,1717235132
u1857,i471,5,1717235912
u0360,i503,5,1717236800
u0224,i464,1,1717236826
u1473,i243,2,1717236918
u1051,i126,5,1717237094
u0336,i378,4,1717237289
u1722,i459,5,1717237877
u1030,i357,5,1717238536
u1641,i582,1,1717238918
u0915,i278,3,1717238993
u1161,i013,3,1717239376
u1334,i292,5,1717239904
u1808,i093,1,1717240641
u1585,i268,3,1717241168
u0098,i566,4,1717241289
u0359,i153,5,1717242105
u1811,i243,2,1717243019
u0483,i064,1,1717243443
u0191,i072,1,1717243555
u0462,i381,5,1717244287
u0864,i252,4,1717246293
u1520,i486,4,1717246480
u1949,i333,3,1717247389
u0499,i244,3,1717247638
u0555,i268,1,1717248419
u0617,i201,5,1717248584
u1660,i006,4,1717250254
u1711,i117,5,1717250289
u1557,i566,5,1717250986
u1209,i116,4,1717251584
u1550,i268,2,1717251692
u0528,i556,5,1717252405
u0399,i428,5,1717252475
u1110,i023,1,1717252720
u0871,i243,2,1717253862
u1406,i032,4,1717254398
u0701,i254,1,1717254498
u1433,i541,3,1717254906
u1385,i024,4,1717255043
u0095,i475,4,1717255216
u0677,i566,2,1717255301
u0076,i374,5,1717256520
u0290,i228,5,1717256564
u0320,i568,3,1717256726
u0554,i582,5,1717256860
u1686,i428,4,1717257214
u0085,i097,4,1717257775
u1684,i414,4,1717258095
u1731,i552,5,1717258393
u1179,i411,4,1717258470
u1513,i461,4,1717258629
u1167,i141,2,1717259095
u0705,i291,2,1717261479
u0402,i540,5,1717262607
u0912,i572,5,1717262995
u0391,i440,5,1717263057
u0262,i220,2,1717263293
u1406,i056,2,1717263367
u1348,i302,4,1717263517
u1233,i214,5,1717265158
u0294,i292,4,1717265232
u1770,i205,5,1717266097
u0093,i089,4,1717266256
u1773,i109,4,1717266720
u0987,i428,3,1717266819
u0215,i589,4,1717266908
u1337,i393,5,1717267099
u0900,i472,4,1717267438
u0252,i586,5,1717267640
u0427,i007,2,1717267718
u0041,i015,2,1717268045
u1824,i152,4,1717269086
u1222,i072,2,1717269346
u1158,i549,5,1717269905
u0532,i243,4,1717270972
u0080,i352,5,1717272128
u0995,i016,5,1717272782
u1587,i568,5,1717273092
u1700,i084,2,1717273232
u1332,i352,4,1717274193
u1203,i507,5,1717274818
u1674,i275,4,1717274939
u0200,i233,2,1717275534
u0438,i113,4,1717275888
u0242,i004,5,1717276318
u0673,i357,4,1717277058
u0806,i371,1,1717278640
u1283,i205,5,1717279888
u1914,i539,5,1717280225
u0476,i120,4,1717280426
u1681,i402,5,1717281104
u1247,i113,5,1717281832
u0775,i444,3,1717283091
u1744,i409,5,1717284035
u1731,i177,5,1717285098
u0623,i068,4,1717285441
u0336,i102,5,1717286981
u1496,i023,2,1717287004
u1923,i028,5,1717287072
u1319,i217,4,1717287126
u0956,i481,5,1717288139
u0822,i220,5,1717288514
u1704,i268,4,1717288688
u1068,i035,4,1717288724
u0841,i333,2,1717288843
u1653,i407,5,1717289185
u0595,i334,5,1717290765
u0689,i588,2,1717290921
u0973,i390,5,1717291180
u1892,i332,3,1717291792
u0219,i163,4,1717291947
u0310,i177,5,1717292089
u0382,i155,4,1717292774
u1491,i145,5,1717292814
u1685,i535,4,1717293370
u1211,i307,5,1717293581
u0023,i394,5,1717294417
u0662,i580,4,1717295815
u0727,i296,2,1717296271
u0444,i265,4,1717297415
u1031,i229,4,1717297670
u1974,i107,1,1717297962
u0352,i417,4,1717298830
u0268,i036,5,1717299126
u1644,i207,2,1717299213
u0119,i597,4,1717299644
u1028,i425,1,1717299650
u0189,i164,3,1717300515
u0019,i187,4,1717300849
u0270,i261,5,1717302303
u1510,i388,4,1717302558
u1070,i010,4,1717302770
u1729,i374,4,1717303109
u0853,i039,4,1717303175
u0627,i370,3,1717304525
u1510,i319,4,1717304761
u1405,i563,5,1717304993
u1954,i268,5,1717305004
u1312,i480,5,1717305336
u0818,i240,1,1717305724
u0986,i072,4,1717305778
u1137,i028,5,1717306197
u1617,i507,3,1717306351
u1808,i426,4,1717306445
u1051,i568,5,1717306869
u0004,i023,4,1717307855
u0148,i552,5,1717308077
u0636,i376,5,1717308173
u0542,i057,5,1717308958
u0555,i101,5,1717309361
u0637,i029,4,1717309794
u0753,i207,3,1717310085
u1394,i202,4,1717310707
u0464,i085,5,1717310858
u0742,i492,5,1717312052
u1802,i220,5,1717312203
u0688,i507,1,1717313029
u1271,i402,5,1717314775
u1644,i092,4,1717315240
u1632,i569,5,1717315332
u0544,i116,3,1717315342
u0598,i093,4,1717315724
u1192,i507,5,1717316034
u1769,i480,2,1717316119
u1418,i357,5,1717316792
u0841,i484,5,1717316824
u1420,i261,3,1717316960
u0734,i041,5,1717317099
u1238,i561,4,1717317687
u1868,i566,1,1717318368
u0229,i289,3,1717318738
u0529,i092,4,1717318873
u1869,i196,5,1717319468
u1161,i223,3,1717319729
u0208,i266,5,1717320211
u0472,i074,5,1717320276
u0829,i419,3,1717320856
u1316,i243,1,1717321392
u1294,i093,4,1717323373
u0617,i361,4,1717323393
u0076,i027,4,1717323484
u1026,i530,4,1717323948
u1261,i565,4,1717326272
u0718,i393,5,1717326282
u0830,i140,5,1717326586
u0980,i023,4,1717326900
u1412,i394,4,1717327265
u0369,i038,4,1717327635
u1156,i555,5,1717327727
u1630,i377,5,1717328477
u1538,i134,5,1717328777
u1689,i200,5,1717330227
u0680,i358,2,1717330604
u0431,i529,2,1717330749
u1453,i490,5,1717331056
u1968,i447,4,1717331437
u1384,i419,1,1717332310
u0064,i557,4,1717332556
u0224,i371,5,1717332937
u1665,i310,4,1717333253
u1746,i428,4,1717333293
u1411,i194,4,1717333687
u0670,i097,4,1717333985
u1746,i493,5,1717334055
u1987,i509,4,1717334794
u1469,i028,1,1717335135
u0277,i377,5,1717335387
u0794,i243,3,1717335536
u1042,i188,5,1717335745
u0619,i519,4,1717335902
u0348,i437,2,1717336460
u0742,i597,5,1717336469
u1570,i388,5,1717336731
u1899,i341,4,1717337189
u1090,i377,4,1717337504
u0712,i232,5,1717337521
u0018,i106,4,1717337759
u0451,i384,4,1717337940
u1583,i344,5,1717337958
u1255,i507,4,1717338055
u1067,i117,5,1717340252
u0975,i241,4,1717340478
u0472,i334,5,1717340596
u0967,i588,5,1717340903
u1843,i205,4,1717340927
u1244,i555,4,1717341803
u0928,i498,4,1717341862
u0359,i261,5,1717342339
u0179,i002,4,1717342755
u0947,i595,4,1717344135
u1746,i063,4,1717344689
u0889,i405,4,1717345259
u0501,i540,4,1717345536
u0278,i579,4,1717345911
u0833,i034,2,1717346747
u0620,i504,5,1717346945
u0990,i399,1,1717347892
u1628,i363,4,1717348344
u1976,i549,4,1717348451
u1536,i510,5,1717348747
u0479,i227,4,1717349671
u0284,i292,2,1717349854
u0395,i270,4,1717350128
u1110,i528,4,1717350251
u1959,i538,5,1717350630
u0396,i263,1,1717350932
u0856,i546,5,1717351108
u1885,i291,5,1717351562
u1190,i373,5,1717351867
u1617,i204,4,1717352048
u0272,i062,5,1717353531
u0184,i341,4,1717353896
u1849,i119,3,1717354056
u0889,i204,1,1717354693
u0402,i134,3,1717355439
u0285,i227,4,1717355490
u1767,i193,5,1717355764
u0755,i205,4,1717356078
u0236,i341,4,1717356259
u0538,i013,4,1717356820
u1332,i388,4,1717357360
u1623,i049,4,1717357367
u1272,i290,5,1717358201
u0440,i419,4,1717358254
u0106,i265,4,1717358325
u0224,i385,5,1717358535
u0272,i237,5,1717358889
u0282,i550,3,1717359698
u1544,i529,4,1717359827
u0746,i277,4,1717360059
u0941,i564,4,1717360287
u0308,i507,4,1717360419
u0731,i261,5,1717361015
u1322,i227,4,1717361688
u0172,i243,2,1717363339
u1020,i266,4,1717364513
u0668,i171,4,1717364728
u0914,i053,4,1717364815
u0477,i526,4,1717365165
u1362,i563,4,1717367591
u1232,i070,5,1717367756
u1915,i580,4,1717368935
u0764,i364,4,1717369080
u1089,i529,2,1717370780
u0185,i465,4,1717371605
u1588,i134,4,1717372327
u0395,i321,4,1717372942
u0101,i509,4,1717373026
u1028,i097,2,1717373058
u1851,i424,4,1717373285
u0837,i037,5,1717373828
u0818,i414,4,1717373992
u1760,i006,5,1717374209
u0257,i381,5,1717374277
u1733,i565,5,1717374731
u0240,i492,4,1717374966
u0620,i060,4,1717375002
u0225,i543,4,1717375127
u0368,i090,5,1717375496
u0794,i103,5,1717375600
u1624,i341,5,1717375971
u1217,i058,5,1717376956
u1300,i243,3,1717377067
u1288,i526,5,1717377667
u1435,i268,2,1717378048
u0906,i548,5,1717378552
u0462,i406,5,1717379041
u1812,i268,5,1717379124
u0189,i555,4,1717379657
u1081,i150,5,1717379907
u1093,i571,5,1717380631
u0501,i014,4,1717381303
u0324,i322,5,1717381856
u0705,i504,5,1717383619
u0190,i237,4,1717385056
u1551,i585,4,1717385357
u0558,i491,4,1717385907
u0178,i560,4,1717386046
u0334,i504,5,1717386064
u1938,i265,4,1717386297
u1961,i507,5,1717386426
u0005,i588,4,1717386429
u0284,i332,3,1717386479
u0913,i324,5,1717386941
u0611,i447,2,1717387394
u0252,i410,4,1717387582
u1317,i464,4,1717387806
u1854,i234,4,1717388315
u0658,i261,5,1717388543
u1321,i542,4,1717388778
u1825,i397,5,1717388963
u1138,i474,5,1717389344
u1471,i564,3,1717389448
u1841,i097,4,1717389738
u1488,i346,5,1717389765
u0428,i553,3,1717389795
u1253,i112,1,1717389814
u0278,i291,4,1717390253
u0724,i394,4,1717390607
u1810,i161,5,1717391544
u1919,i227,3,1717393399
u1776,i377,3,1717393491
u0427,i075,4,1717394046
u1844,i507,5,1717394280
u1352,i315,4,1717394652
u1960,i372,2,1717394867
u1135,i222,5,1717396103
u1404,i521,1,1717397166
u1557,i383,2,1717397244
u1760,i363,5,1717397988
u1434,i113,5,1717398208
u1799,i023,4,1717398790
u0639,i448,4,1717399334
u1935,i355,4,1717400146
u1091,i541,5,1717400951
u1436,i084,4,1717401140
u1857,i568,2,1717401260
u1116,i134,4,1717401395
u0309,i355,1,1717401645
u0995,i381,5,1717401916
u0884,i463,3,1717402390
u1546,i191,4,1717402625
u0708,i490,4,1717402900
u0239,i461,4,1717403734
u0062,i252,4,1717403813
u0772,i362,4,1717403843
u0937,i566,5,1717404366
u0011,i147,5,1717404410
u0125,i545,4,1717405133
u1732,i371,5,1717405620
u1129,i055,5,1717406020
u0548,i564,4,1717407123
u0277,i101,4,1717407207
u0540,i293,4,1717407351
u1372,i598,5,1717407794
u1706,i243,4,1717408088
u1597,i500,5,1717409669
u0073,i485,4,1717410284
u0146,i136,5,1717410342
u0352,i597,4,1717410370
u1923,i052,1,1717410458
u1362,i376,4,1717411228
u0493,i174,5,1717411299
u0596,i580,2,1717411321
u0624,i341,5,1717411323
u0018,i564,4,1717413234
u1672,i405,4,1717413964
u0686,i562,4,1717414061
u1601,i013,2,1717414744
u0295,i115,3,1717414904
u1510,i425,4,1717417089
u0367,i152,4,1717417320
u0182,i384,4,1717417604
u0026,i484,5,1717418130
u0465,i042,5,1717418164
u0214,i189,4,1717418293
u0938,i097,3,1717419326
u1230,i143,5,1717419557
u1034,i550,5,1717420070
u1276,i237,5,1717420311
u0999,i539,5,1717420455
u1367,i334,4,1717420960
u0200,i419,5,1717421435
u0080,i449,1,1717421469
u1721,i511,4,1717421585
u1301,i454,4,1717421937
u0672,i384,2,1717422016
u1534,i030,4,1717422348
u0962,i185,4,1717422522
u1046,i097,4,1717423510
u1606,i077,4,1717424307
u1935,i496,1,1717424969
u1430,i226,4,1717425201
u0908,i138,5,1717425234
u0389,i294,2,1717425901
u0192,i510,4,1717425971
u0596,i448,5,1717426719
u0424,i297,4,1717428286
u1773,i025,5,1717429472
u1528,i424,4,1717429678
u1381,i333,4,1717429741
u0156,i117,4,1717430157
u1305,i159,4,1717430301
u0146,i205,4,1717430458
u1617,i300,5,1717430688
u1468,i595,5,1717431018
u1525,i261,2,1717431812
u1711,i227,5,1717432078
u1055,i013,5,1717433969
u0005,i384,4,1717435959
u0362,i448,4,1717436612
u1183,i223,5,1717437260
u1609,i013,5,1717437471
u0611,i163,4,1717437739
u0689,i397,4,1717438464
u1611,i425,4,1717438593
u1979,i279,5,1717438637
u1071,i361,3,1717438989
u0194,i055,5,1717439327
u1008,i428,3,1717439428
u0459,i178,3,1717439628
u1072,i537,5,1717440185
u0955,i516,4,1717441519
u0507,i501,4,1717441641
u0284,i169,4,1717441708
u0206,i178,5,1717442880
u0366,i199,5,1717443365
u0473,i176,4,1717444206
u0383,i593,5,1717444853
u1879,i536,4,1717445634
u0947,i538,5,1717445739
u0958,i134,4,1717445820
u1970,i310,4,1717447152
u1161,i447,5,1717447347
u0229,i450,5,1717447419
u0849,i297,2,1717447627
u0267,i560,4,1717447918
u0977,i470,4,1717448159
u1609,i346,5,1717448512
u0153,i195,5,1717448865
u0448,i352,5,1717449620
u1393,i043,5,1717449658
u1479,i323,4,1717449672
u1771,i507,5,1717450901
u1059,i108,3,1717451309
u1217,i053,5,1717451984
u0109,i574,4,1717452517
u1412,i374,4,1717453462
u0293,i363,4,1717453847
u0967,i412,4,1717453947
u1819,i461,4,1717454472
u1256,i368,2,1717454610
u1096,i575,5,1717454838
u0799,i181,4,1717456287
u0885,i074,4,1717456363
u1218,i237,5,1717456853
u0488,i529,3,1717456933
u1349,i018,4,1717457028
u1849,i527,5,1717457266
u0807,i016,4,1717457949
u0717,i119,5,1717458337
u1856,i371,5,1717458558
u0584,i075,4,1717459208
u0985,i357,5,1717459530
u0825,i015,5,1717459615
u1681,i078,2,1717459905
u1173,i243,3,1717460261
u1022,i073,4,1717461695
u1871,i198,5,1717461788
u1142,i507,4,1717462897
u0900,i334,5,1717463570
u1865,i470,5,1717463710
u0602,i361,4,1717464072
u0335,i124,4,1717464078
u1379,i507,5,1717464364
u0048,i192,4,1717465415
u0712,i072,4,1717465849
u0701,i529,4,1717466410
u1181,i129,5,1717466527
u0564,i234,3,1717466599
u1336,i140,2,1717467544
u0986,i243,4,1717468429
u0864,i529,5,1717468775
u0298,i332,3,1717469378
u0497,i535,5,1717471362
u0781,i384,5,1717471532
u0530,i331,5,1717472008
u1073,i150,5,1717472470
u0907,i574,4,1717472765
u1883,i069,2,1717472923
u0106,i060,4,1717472991
u1992,i304,4,1717473328
u0075,i541,5,1717474532
u1633,i087,4,1717474539
u0890,i363,1,1717474751
u1695,i324,3,1717474928
u0150,i417,4,1717474959
u1347,i333,2,1717475084
u1755,i212,4,1717476351
u0777,i460,4,1717477437
u0478,i055,4,1717478190
u1818,i374,1,1717480658
u0133,i424,5,1717481884
u1741,i396,1,1717482642
u1555,i420,4,1717482945
u0988,i069,4,1717483231
u0363,i293,4,1717484876
u0640,i046,4,1717485193
u0331,i063,4,1717486715
u1425,i381,4,1717486807
u0046,i200,5,1717487581
u1616,i089,5,1717487681
u1139,i333,1,1717487847
u1116,i516,4,1717489479
u0744,i141,5,1717490427
u0310,i452,5,1717491074
u0952,i268,3,1717491341
u1701,i091,5,1717491622
u1609,i292,5,1717492014
u1551,i594,4,1717492119
u1739,i309,4,1717492223
u0664,i596,5,1717492547
u1075,i204,3,1717493120
u0424,i283,5,1717493391
u0178,i461,3,1717493744
u0590,i115,5,1717493950
u0331,i529,4,1717494276
u1646,i381,2,1717494407
u0544,i268,3,1717494553
u1039,i562,1,1717495110
u0626,i444,5,1717495142
u0503,i357,2,1717495182
u1238,i215,4,1717495196
u1373,i306,4,1717495796
u1064,i363,3,1717495910
u1133,i121,5,1717496183
u0714,i113,1,1717496187
u1654,i570,5,1717496978
u0648,i374,5,1717497296
u0396,i291,5,1717497430
u0189,i550,3,1717497775
u0682,i463,3,1717497969
u0990,i243,5,1717498408
u0803,i533,3,1717498580
u0668,i555,4,1717498649
u1785,i091,5,1717498814
u1463,i554,4,1717499227
u1943,i265,5,1717499965
u1106,i403,1,1717501044
u0520,i529,5,1717501607
u1586,i073,5,1717501696
u0525,i333,2,1717502078
u0557,i593,5,1717502551
u0119,i363,4,1717502717
u0176,i215,4,1717502870
u0667,i566,5,1717503293
u0171,i062,5,1717503741
u0532,i495,5,1717504065
u1007,i540,1,1717504094
u0435,i380,5,1717505046
u1956,i265,5,1717506250
u1967,i341,4,1717506348
u1904,i480,5,1717506603
u0017,i363,5,1717507092
u1395,i257,1,1717508269
u1218,i341,5,1717508734
u1906,i028,5,1717508873
u1836,i364,2,1717509406
u0332,i174,5,1717509697
u1021,i541,5,1717509792
u1230,i073,4,1717510149
u0402,i491,4,1717510818
u1809,i066,4,1717512191
u1786,i539,5,1717512848
u1214,i454,5,1717513617
u0270,i291,4,1717513874
u0054,i558,5,1717513942
u0096,i267,4,1717514073
u0786,i006,5,1717514461
u1847,i418,4,1717514537
u0451,i566,4,1717514763
u0626,i283,5,1717515256
u0017,i233,5,1717516652
u0415,i185,5,1717517266
u1272,i473,4,1717517502
u0719,i284,4,1717519170
u1569,i363,4,1717519196
u1697,i469,2,1717519579
u0294,i093,4,1717519920
u0768,i357,4,1717520161
u1715,i489,4,1717520604
u0402,i066,2,1717520870
u0265,i568,4,1717520967
u1387,i220,3,1717523247
u1551,i243,2,1717523261
u0454,i026,1,1717524054
u1936,i080,5,1717524921
u1910,i189,5,1717525291
u1870,i416,4,1717525436
u0163,i237,4,1717525544
u1111,i361,4,1717526333
u0548,i297,3,1717526579
u1756,i363,5,1717527541
u0452,i178,4,1717527675
u1008,i524,4,1717527718
u0881,i006,4,1717527871
u1146,i321,2,1717527909
u1966,i351,4,1717527961
u1326,i092,3,1717528443
u1685,i504,4,1717528473
u0389,i140,1,1717528524
u0668,i002,5,1717528808
u1826,i593,5,1717528843
u1282,i172,4,1717529486
u0463,i263,4,1717530155
u0167,i305,5,1717530292
u0811,i320,4,1717530413
u0753,i268,2,1717531641
u0101,i217,4,1717531845
u1879,i401,5,1717531883
u1026,i090,2,1717532936
u1679,i428,4,1717533079
u0905,i097,4,1717534082
u0907,i568,3,1717534335
u0056,i119,4,1717534352
u1029,i261,2,1717535187
u0004,i519,5,1717536419
u1107,i511,4,1717537091
u1958,i364,3,1717539124
u1636,i034,4,1717540120
u1087,i085,5,1717540659
u1243,i448,4,1717542317
u1527,i148,5,1717542868
u0408,i062,2,1717543724
u0810,i311,5,1717544259
u1602,i055,5,1717544563
u0764,i281,5,1717545152
u1084,i106,5,1717546442
u1966,i402,5,1717546963
u0094,i514,5,1717547365
u0044,i384,5,1717547633
u0271,i255,5,1717547847
u1589,i292,1,1717548205
u1431,i355,4,1717548278
u0359,i243,3,1717548553
u1800,i567,4,1717549329
u0611,i361,5,1717550060
u0787,i186,5,1717550148
u0447,i500,5,1717550622
u0011,i292,2,1717551768
u1197,i541,5,1717551900
u1470,i498,4,1717553097
u1073,i036,3,1717553152
u0885,i118,5,1717553210
u1218,i334,4,1717553315
u1772,i213,5,1717553539
u1480,i211,4,1717553713
u1036,i073,2,1717555246
u0426,i332,4,1717555525
u0724,i295,5,1717556989
u0408,i420,4,1717557009
u1824,i368,2,1717557519
u0685,i345,4,1717558192
u1368,i200,5,1717558375
u0333,i264,5,1717558381
u1309,i398,4,1717559686
u0134,i055,4,1717560103
u0237,i337,5,1717561100
u1451,i507,4,1717561141
u0424,i420,5,1717561535
u1316,i293,5,1717561880
u1503,i595,5,1717562053
u1120,i492,4,1717562120
u1001,i119,3,1717562699
u1570,i174,4,1717562817
u1898,i526,4,1717563174
u0405,i597,3,1717563681
u1694,i526,5,1717564036
u1720,i179,4,1717564464
u1947,i291,4,1717564538
u0295,i013,5,1717564886
u0291,i372,2,1717565274
u1310,i232,4,1717565473
u1083,i116,4,1717565871
u1586,i448,5,1717566212
u0077,i337,4,1717566495
u1976,i122,4,1717567287
u0533,i154,5,1717567497
u1017,i424,5,1717567529
u1412,i452,4,1717567565
u0446,i418,5,1717568171
u0960,i133,5,1717568692
u0142,i268,3,1717569056
u0867,i057,4,1717569099
u0287,i489,5,1717569769
u1854,i555,4,1717570031
u0736,i529,5,1717570581
u1276,i429,1,1717570676
u1662,i260,4,1717570774
u1531,i045,2,1717571555
u0510,i162,4,1717571916
u1738,i445,4,1717572826
u0217,i494,4,1717573271
u0737,i015,5,1717573665
u1866,i472,5,1717574141
u1412,i058,5,1717575605
u0860,i225,5,1717575819
u0586,i243,2,1717576315
u1595,i551,4,1717576612
u0651,i342,4,1717576661
u0533,i268,3,1717577283
u0152,i530,4,1717577826
u1659,i425,4,1717578564
u0401,i440,5,1717578828
u1684,i048,5,1717579358
u1449,i143,4,1717580000
u1769,i402,4,1717580071
u1480,i519,4,1717581281
u0413,i032,3,1717582081
u1498,i414,1,1717582244
u0929,i315,3,1717582285
u1636,i570,5,1717582601
u0755,i092,5,1717582944
u1562,i530,1,1717583879
u1717,i160,5,1717584772
u0601,i596,4,1717585557
u0198,i060,5,1717585619
u1285,i182,4,1717585847
u0370,i128,4,1717586493
u0520,i213,2,1717586838
u1665,i119,3,1717586900
u1063,i337,5,1717586925
u1041,i372,4,1717587170
u0361,i401,1,1717587321
u0178,i006,4,1717587806
u0993,i526,4,1717587957
u0571,i026,5,1717587982
u0565,i419,5,1717588031
u1331,i352,4,1717588423
u0886,i554,5,1717588857
u1404,i243,2,1717589059
u1851,i480,3,1717589668
u0185,i042,5,1717590304
u1004,i568,3,1717591930
u0665,i334,3,1717592378
u0957,i009,5,1717593443
u1969,i438,4,1717593792
u0445,i023,3,1717594053
u1609,i568,2,1717595180
u0545,i507,1,1717595207
u0357,i125,5,1717595597
u0649,i442,5,1717595801
u1068,i194,1,1717597693
u1975,i428,4,1717597816
u1733,i142,4,1717598175
u0062,i041,4,1717599245
u1013,i292,5,1717599721
u1251,i177,4,1717600333
u0876,i055,5,1717600975
u0533,i444,4,1717601113
u0335,i333,4,1717602000
u0911,i108,4,1717603064
u1076,i240,4,1717603453
u0585,i025,5,1717603626
u0528,i521,5,1717603792
u0907,i530,5,1717605525
u1387,i526,3,1717605875
u0886,i243,5,1717605885
u0748,i015,4,1717606507
u1432,i243,1,1717606608
u1992,i473,4,1717606971
u1528,i332,4,1717607128
u1273,i046,5,1717607561
u0322,i064,4,1717607797
u1233,i023,5,1717607918
u0981,i073,5,1717608717
u0761,i421,4,1717609306
u1438,i459,2,1717609563
u1766,i268,5,1717609661
u1461,i419,2,1717610714
u0784,i498,4,1717612306
u1341,i333,4,1717612306
u1095,i500,5,1717613168
u1635,i241,5,1717613834
u1015,i194,4,1717614120
u1749,i334,4,1717615086
u0628,i334,4,1717615323
u0443,i048,1,1717615859
u1073,i186,5,1717616254
u1942,i417,5,1717617647
u1778,i233,5,1717618373
u0520,i223,2,1717618425
u1086,i533,5,1717619991
u1914,i358,4,1717620087
u1910,i363,3,1717620415
u0074,i209,5,1717621202
u1204,i292,5,1717621314
u0412,i250,3,1717621342
u0076,i114,4,1717621388
u1404,i041,5,1717621545
u0478,i254,4,1717621704
u1384,i048,5,1717623611
u1158,i023,3,1717623766
u0014,i388,4,1717623859
u0517,i399,5,1717624516
u1600,i181,5,1717624958
u1564,i051,4,1717625542
u1071,i011,4,1717625813
u0552,i170,4,1717626000
u1052,i594,4,1717626415
u0879,i167,4,1717626423
u0355,i256,2,1717626548
u1866,i019,5,1717626792
u0301,i361,5,1717626882
u1648,i521,5,1717627130
u1041,i243,2,1717627941
u1361,i375,5,1717628016
u0917,i373,5,1717628125
u1177,i090,5,1717628162
u0229,i333,3,1717628630
u0727,i488,4,1717629021
u1203,i522,5,1717629442
u0602,i580,3,1717630849
u0984,i466,4,1717630979
u1605,i568,5,1717631285
u0968,i507,5,1717631701
u0860,i007,4,1717632165
u1298,i500,5,1717632624
u0033,i377,5,1717632799
u0367,i334,5,1717632966
u0971,i470,4,1717634437
u1206,i243,2,1717635252
u1757,i363,4,1717635556
u0319,i073,5,1717635661
u1413,i521,5,1717636224
u0851,i237,5,1717636485
u1643,i291,5,1717636571
u1119,i375,5,1717636835
u0640,i090,4,1717636930
u1261,i393,5,1717637477
u1901,i118,5,1717637569
u1558,i134,4,1717637757
u1960,i486,5,1717639384
u0985,i377,3,1717639555
u0163,i211,1,1717639648
u1509,i448,4,1717639784
u1333,i470,5,1717640628
u0994,i210,5,1717640915
u1635,i375,4,1717640915
u1013,i553,5,1717641530
u0923,i553,3,1717641531
u0786,i590,2,1717643317
u1302,i009,4,1717643873
u0905,i076,4,1717643940
u1252,i195,4,1717644300
u1481,i203,5,1717644828
u0141,i377,5,1717645692
u1979,i291,4,1717646226
u1869,i145,4,1717646526
u0625,i292,4,1717647077
u0007,i095,5,1717647181
u1481,i069,4,1717647343
u0783,i273,4,1717647620
u0003,i342,5,1717647638
u0860,i071,5,1717647968
u1712,i419,1,1717648322
u0723,i541,5,1717648836
u0846,i526,4,1717649380
u0323,i016,4,1717649682
u0742,i570,4,1717649924
u1293,i411,4,1717649954
u1004,i113,5,1717651448
u0633,i357,5,1717651968
u1532,i425,4,1717653537
u0360,i004,5,1717653860
u1382,i189,4,1717654300
u1116,i377,1,1717655091
u1543,i268,2,1717655687
u1579,i568,5,1717656022
u0170,i372,5,1717656109
u1676,i329,2,1717656210
u1094,i233,5,1717656419
u0805,i096,5,1717657126
u0874,i286,5,1717658335
u0653,i469,4,1717658367
u1897,i081,5,1717658541
u1959,i297,2,1717658888
u0457,i194,4,1717659220
u1222,i221,4,1717659498
u0535,i097,4,1717659879
u1795,i332,5,1717660484
u0916,i461,5,1717660628
u0748,i077,4,1717661478
u0036,i582,5,1717661757
u1402,i595,5,1717664040
u1884,i333,4,1717664675
u0358,i095,5,1717666166
u1929,i340,4,1717666240
u1196,i394,3,1717667641
u1961,i588,5,1717667900
u1962,i550,5,1717668425
u0750,i097,2,1717668629
u0501,i590,5,1717668708
u1038,i012,3,1717669061
u1316,i042,3,1717669226
u0132,i292,4,1717669255
u0316,i546,2,1717669704
u0831,i340,4,1717670148
u0322,i068,5,1717670455
u0525,i268,5,1717671073
u1521,i428,2,1717671518
u0608,i268,5,1717671891
u1565,i340,4,1717672642
u1779,i467,4,1717675143
u0847,i053,4,1717676151
u0019,i505,1,1717676715
u1804,i101,1,1717677582
u1496,i568,4,1717678203
u0968,i372,5,1717678247
u1665,i055,5,1717678341
u1575,i083,1,1717679614
u1508,i268,1,1717680790
u0495,i394,5,1717681870
u0203,i091,3,1717683356
u0137,i261,4,1717683492
u0437,i108,2,1717683522
u0718,i565,4,1717684389
u0970,i093,4,1717684857
u0656,i568,5,1717685350
u1704,i201,2,1717686874
u0870,i227,5,1717687949
u0229,i497,5,1717688125
u0597,i215,5,1717688576
u0931,i237,5,1717689276
u0052,i244,4,1717689350
u1611,i489,5,1717689546
u1422,i569,4,1717689882
u1653,i164,4,1717690514
u1342,i349,3,1717691066
u0257,i291,3,1717691115
u0247,i387,5,1717691420
u0145,i449,4,1717691625
u1161,i268,2,1717692026
u0692,i577,5,1717692698
u0185,i429,5,1717692776
u1930,i256,4,1717692793
u0332,i170,3,1717693323
u0208,i149,4,1717693646
u1781,i243,3,1717694103
u1777,i042,5,1717694512
u1947,i568,5,1717695210
u0616,i539,5,1717695544
u0907,i335,4,1717696421
u1802,i116,5,1717696532
u0850,i233,5,1717696765
u1819,i302,3,1717697657
u1280,i208,5,1717698491
u0779,i393,4,1717698505
u1294,i237,2,1717698720
u0598,i385,4,1717699429
u1150,i573,5,1717699486
u1459,i553,5,1717699730
u1853,i243,3,1717699732
u0151,i254,4,1717700115
u0912,i376,5,1717700817
u0856,i529,4,1717700829
u1372,i004,5,1717701965
u0934,i500,4,1717702128
u0162,i474,4,1717702178
u0115,i271,4,1717702998
u0888,i038,5,1717703014
u0248,i467,4,1717704037
u0384,i511,4,1717704527
u1189,i377,4,1717705058
u1066,i265,5,1717705339
u0877,i409,5,1717705557
u0137,i055,5,1717707148
u1241,i457,5,1717707752
u0680,i419,5,1717708180
u1983,i016,4,1717708441
u0275,i586,4,1717708818
u1967,i048,4,1717709113
u0515,i440,1,1717709196
u0185,i084,1,1717709455
u1251,i027,5,1717709978
u1538,i044,5,1717710134
u1706,i194,4,1717710294
u1612,i581,2,1717710463
u1735,i289,1,1717710983
u1360,i409,4,1717711199
u1567,i226,5,1717711333
u0039,i495,4,1717711405
u0524,i462,4,1717711587
u0601,i371,4,1717711780
u0108,i143,4,1717711794
u0472,i428,2,1717712311
u1302,i217,5,1717712482
u1425,i428,5,1717712634
u1107,i129,4,1717713087
u1415,i106,5,1717713894
u1654,i034,4,1717715357
u0090,i467,5,1717715476
u0557,i579,5,1717715652
u0805,i328,5,1717715660
u1622,i526,4,1717715799
u1226,i268,2,1717716736
u1562,i558,2,1717717265
u1623,i352,4,1717719752
u1616,i204,5,1717720030
u0366,i419,4,1717720123
u1885,i117,5,1717720190
u1867,i593,5,1717720204
u1316,i292,4,1717721239
u0891,i494,2,1717721306
u0474,i516,1,1717721628
u1688,i423,2,1717722272
u0657,i420,5,1717723098
u0343,i238,5,1717723663
u1986,i243,2,1717723755
u1225,i079,4,1717723938
u0093,i002,5,1717724827
u1725,i096,4,1717725187
u0929,i345,4,1717725235
u1706,i364,5,1717725547
u0071,i492,5,1717725704
u1418,i304,4,1717726045
u1761,i176,3,1717726406
u0358,i068,3,1717727191
u0039,i072,4,1717728099
u1806,i188,2,1717728599
u0845,i118,2,1717728974
u0358,i172,4,1717729022
u1952,i218,5,1717729737
u1477,i015,4,1717729775
u0286,i201,4,1717730385
u0997,i227,5,1717731409
u0223,i495,3,1717731919
u1731,i107,5,1717732596
u0874,i104,3,1717732917
u1852,i150,5,1717732984
u0042,i037,5,1717733067
u0748,i113,5,1717733377
u1404,i266,5,1717734031
u0901,i106,5,1717734225
u1330,i261,4,1717734410
u1026,i357,4,1717734664
u1764,i055,4,1717734746
u1285,i276,5,1717735819
u0338,i030,4,1717736154
u0505,i333,2,1717737722
u0579,i146,5,1717739896
u1741,i553,4,1717740012
u0553,i589,4,1717740246
u0815,i266,2,1717740332
u0141,i097,1,1717740354
u1409,i211,5,1717740549
u1081,i428,2,1717740703
u0787,i099,4,1717741232
u0839,i273,4,1717742252
u1183,i261,5,1717743016
u1396,i107,5,1717743118
u1144,i143,5,1717743221
u0820,i566,2,1717743615
u0050,i492,5,1717744395
u1777,i594,5,1717744409
u0457,i066,3,1717744600
u0025,i023,3,1717744671
u1447,i201,5,1717744983
u1149,i114,4,1717745930
u0504,i404,4,1717745962
u1339,i333,3,1717748300
u0203,i241,5,1717749185
u0670,i399,5,1717749282
u0410,i462,1,1717749456
u1081,i245,5,1717749806
u0772,i244,1,1717749848
u0498,i066,4,1717750344
u0536,i530,5,1717751171
u1530,i106,3,1717751389
u1575,i023,4,1717751739
u0308,i235,4,1717751881
u1463,i587,5,1717753214
u0953,i160,4,1717753502
u1084,i215,4,1717753909
u0057,i503,3,1717753920
u0025,i515,4,1717754048
u0881,i469,1,1717754389
u1310,i348,5,1717754911
u0861,i144,5,1717754940
u1181,i334,4,1717755124
u1280,i526,2,1717755128
u0519,i461,4,1717755134
u1653,i566,4,1717755249
u0008,i526,1,1717755547
u1278,i454,4,1717755788
u1825,i163,5,1717756120
u1537,i417,4,1717756206
u1781,i449,4,1717756463
u1676,i539,5,1717757267
u1295,i396,5,1717757380
u1406,i095,4,1717757720
u1494,i303,5,1717757724
u1227,i162,4,1717758133
u1243,i243,1,1717758229
u0496,i261,4,1717758320
u1750,i405,5,1717758510
u0927,i324,2,1717758689
u1567,i491,4,1717759347
u1656,i130,5,1717760195
u0732,i220,2,1717760590
u1116,i233,4,1717760873
u1020,i404,5,1717762757
u0905,i420,5,1717763440
u1221,i215,5,1717764629
u0405,i334,5,1717765108
u1458,i409,3,1717765164
u1907,i241,4,1717767308
u0300,i283,5,1717767769
u1876,i215,4,1717767865
u1161,i589,5,1717767928
u1901,i333,1,1717768924
u0059,i085,4,1717769386
u1326,i041,5,1717771483
u0196,i399,4,1717771550
u1412,i334,5,1717771624
u0795,i171,5,1717772031
u0148,i464,2,1717772145
u0171,i237,5,1717772194
u0438,i417,5,1717772872
u0716,i282,5,1717772952
u0857,i470,5,1717773104
u0901,i364,4,1717773801
u0577,i453,4,1717774997
u1425,i332,4,1717775205
u0899,i266,1,1717775444
u1819,i260,5,1717777317
u1694,i333,4,1717778023
u1198,i243,1,1717778831
u1869,i417,5,1717778982
u0056,i173,5,1717779252
u0990,i171,5,1717781333
u0760,i131,2,1717782118
u1139,i261,5,1717783040
u1177,i220,1,1717783795
u0049,i021,4,1717783891
u1336,i227,5,1717784757
u1910,i421,5,1717786887
u1114,i595,5,1717786949
u1410,i063,5,1717787100
u0828,i108,4,1717787830
u0409,i013,5,1717788038
u1003,i015,4,1717788350
u1735,i535,5,1717788445
u0453,i388,4,1717788884
u0065,i374,1,1717788993
u1532,i411,5,1717789186
u1520,i456,5,1717789383
u0320,i202,5,1717789851
u1863,i550,1,1717791085
u1694,i220,4,1717791280
u1311,i106,4,1717791616
u0041,i122,5,1717791701
u0959,i113,5,1717791736
u1650,i554,3,1717792411
u1329,i051,2,1717792555
u1332,i093,4,1717792568
u0200,i206,5,1717794386
u0699,i168,4,1717794524
u1801,i267,4,1717794781
u1564,i268,3,1717794948
u1848,i569,5,1717795527
u0462,i443,4,1717796588
u1646,i145,4,1717797816
u0713,i219,5,1717798125
u0761,i087,1,1717798859
u1320,i531,5,1717799982
u0501,i599,4,1717800089
u1464,i216,5,1717801060
u0375,i113,5,1717801212
u1076,i254,5,1717801869
u1783,i529,5,1717802025
u1524,i498,5,1717802209
u0863,i490,4,1717802604
u0896,i373,5,1717802876
u0216,i460,2,1717803107
u0294,i113,3,1717803541
u0653,i507,5,1717804379
u0017,i413,4,1717806681
u0665,i470,5,1717807676
u1188,i565,4,1717807899
u1457,i122,4,1717810084
u1590,i297,4,1717810455
u0401,i056,5,1717810576
u0451,i342,4,1717811181
u1487,i351,3,1717812276
u0860,i381,4,1717812322
u1249,i169,4,1717812446
u0161,i075,2,1717812501
u1806,i180,5,1717813586
u1462,i119,4,1717813733
u0203,i252,1,1717814536
u0754,i359,5,1717815129
u1780,i227,5,1717815675
u1915,i095,5,1717815811
u0670,i275,5,1717815973
u0604,i143,5,1717816157
u0924,i274,5,1717817349
u1377,i110,2,1717817952
u1986,i523,5,1717818640
u0601,i181,4,1717819071
u1044,i352,4,1717819418
u1022,i265,4,1717819773
u0520,i505,4,1717820410
u0983,i529,1,1717820790
u0222,i537,5,1717821403
u0427,i349,4,1717821749
u1542,i213,5,1717822920
u0878,i568,2,1717823665
u1957,i111,4,1717823876
u0666,i427,3,1717825195
u0407,i362,4,1717826417
u0373,i129,5,1717826432
u1349,i377,2,1717827293
u1168,i071,4,1717828078
u0157,i106,4,1717828670
u0039,i350,4,1717829252
u1516,i152,4,1717829365
u0944,i405,4,1717830162
u0405,i168,4,1717830776
u0822,i219,5,1717832954
u0387,i266,5,1717833052
u0901,i448,1,1717833361
u1520,i254,4,1717833423
u1874,i134,5,1717833779
u1791,i030,2,1717834869
u0567,i224,5,1717835389
u1011,i376,5,1717835832
u0161,i286,5,1717835906
u0825,i510,5,1717836541
u1507,i352,4,1717837317
u0176,i578,5,1717837445
u1226,i116,4,1717838699
u1940,i248,4,1717839028
u1400,i072,5,1717839361
u1960,i407,3,1717839364
u0252,i115,5,1717839506
u0049,i025,5,1717839661
u1851,i566,4,1717840341
u0293,i243,3,1717840902
u1434,i150,4,1717841047
u1585,i136,5,1717841311
u1646,i560,5,1717841523
u0164,i115,4,1717841625
u0548,i243,4,1717842394
u0126,i118,5,1717842457
u1403,i504,5,1717842791
u0185,i492,5,1717842853
u0954,i354,2,1717843909
u0020,i243,1,1717844403
u0428,i013,1,1717844472
u0549,i470,5,1717844503
u1672,i119,4,1717845260
u0402,i341,5,1717846564
u1368,i485,4,1717846679
u1367,i097,3,1717846871
u0814,i188,4,1717847097
u1983,i332,4,1717847199
u0596,i010,4,1717847248
u1925,i132,5,1717847597
u1219,i271,5,1717848491
u1258,i065,3,1717848940
u0289,i117,3,1717850357
u1218,i019,5,1717850588
u0671,i328,5,1717850879
u0229,i113,5,1717851266
u0599,i597,4,1717851556
u1336,i030,1,1717851820
u0449,i599,5,1717853839
u1325,i273,2,1717853943
u1808,i550,4,1717854157
u0470,i357,4,1717854739
u0320,i449,2,1717854914
u0119,i589,3,1717855400
u1482,i446,5,1717856286
u1425,i404,5,1717857640
u1523,i334,2,1717858209
u1419,i309,4,1717858358
u1057,i304,4,1717858657
u1278,i291,2,1717858769
u0617,i484,5,1717859170
u1808,i460,4,1717859593
u0308,i404,5,1717859751
u0388,i361,3,1717860296
u0796,i386,4,1717860830
u0174,i400,5,1717861294
u0614,i419,1,1717861345
u0092,i481,5,1717861451
u1459,i281,3,1717861477
u1526,i481,5,1717861578
u0927,i000,4,1717862372
u1624,i370,3,1717862481
u1495,i166,3,1717862636
u0923,i044,4,1717863807
u0133,i215,2,1717864486
u0343,i401,4,1717864957
u0908,i568,5,1717865741
u0697,i557,4,1717866594
u0582,i046,5,1717867264
u0492,i560,4,1717867267
u1890,i529,4,1717868498
u1848,i371,2,1717869242
u1231,i073,4,1717869482
u0053,i552,4,1717869596
u1893,i040,5,1717870585
u0688,i048,4,1717870700
u0558,i363,2,1717871121
u0930,i386,5,1717871127
u1282,i297,4,1717872144
u0018,i493,3,1717872208
u1636,i568,3,1717872437
u0915,i419,4,1717874263
u0481,i507,3,1717874518
u0533,i333,4,1717874595
u0034,i032,5,1717874839
u1090,i461,4,1717874909
u0764,i141,4,1717874955
u0645,i527,2,1717875249
u0618,i507,1,1717876844
u0692,i243,4,1717877260
u0933,i037,2,1717877759
u1923,i048,4,1717878262
u0975,i093,4,1717879022
u1963,i286,5,1717879160
u0462,i266,5,1717879331
u1842,i012,4,1717880205
u1229,i085,3,1717880359
u1907,i049,5,1717880836
u0495,i188,4,1717881258
u1408,i568,3,1717881604
u0046,i341,4,1717882337
u0809,i428,4,1717882485
u0538,i268,4,1717882550
u0807,i493,5,1717883781
u1506,i108,4,1717884085
u0199,i162,5,1717884563
u1000,i399,4,1717885103
u0628,i237,5,1717885108
u1881,i568,4,1717885615
u0340,i227,5,1717885671
u1903,i417,5,1717886052
u0470,i481,1,1717886087
u1209,i367,4,1717886665
u0815,i117,5,1717887004
u1810,i131,4,1717887030
u0604,i504,5,1717887067
u1045,i188,5,1717887781
u0964,i274,5,1717888146
u0466,i469,5,1717888530
u0384,i237,4,1717888679
u0669,i034,2,1717889277
u0184,i136,5,1717889407
u1709,i089,5,1717889519
u0185,i106,3,1717889603
u1654,i113,5,1717889753
u1788,i564,3,1717889955
u0017,i523,5,1717890827
u1015,i096,5,1717890949
u0931,i485,5,1717891169
u1962,i217,5,1717891799
u1954,i013,4,1717891871
u0468,i076,4,1717893297
u1225,i428,5,1717894009
u1943,i370,4,1717894304
u0963,i447,5,1717896216
u1302,i048,2,1717897350
u0254,i297,5,1717897446
u0566,i573,5,1717897912
u0751,i223,3,1717897975
u1116,i585,5,1717899305
u0950,i303,5,1717900024
u1281,i154,5,1717901266
u1359,i137,5,1717901891
u0175,i419,5,1717902020
u1483,i117,5,1717903076
u1252,i461,4,1717903082
u0553,i125,5,1717903245
u0846,i264,2,1717903338
u0422,i528,5,1717903645
u1411,i002,5,1717905237
u1503,i548,5,1717905269
u1171,i479,2,1717905704
u1877,i377,4,1717907425
u1169,i066,1,1717907633
u1640,i306,3,1717908066
u0933,i470,4,1717908408
u1544,i505,4,1717908570
u0326,i552,4,1717908635
u0658,i291,5,1717909140
u1570,i202,4,1717909965
u1085,i105,4,1717910360
u1156,i268,2,1717910579
u1644,i485,5,1717910869
u0655,i293,5,1717911234
u0067,i437,4,1717911266
u0127,i374,5,1717911384
u1444,i495,5,1717912419
u0076,i481,5,1717912512
u0707,i290,1,1717912686
u0904,i305,4,1717912949
u1874,i019,1,1717913136
u0129,i052,5,1717913505
u0726,i387,5,1717913771
u0742,i113,4,1717914185
u0955,i355,5,1717914920
u1028,i441,4,1717915634
u1412,i188,5,1717915820
u0805,i463,5,1717915962
u1086,i286,5,1717916684
u0454,i316,5,1717916864
u0601,i065,5,1717917299
u1511,i456,4,1717917998
u1113,i451,2,1717918849
u1606,i209,5,1717919010
u0527,i285,5,1717919056
u1231,i595,2,1717919610
u0767,i145,4,1717919709
u1446,i174,4,1717919768
u0956,i083,3,1717921186
u1482,i374,5,1717921743
u0330,i461,4,1717922398
u1168,i266,4,1717922625
u0336,i125,4,1717923324
u0237,i535,5,1717923467
u1028,i012,5,1717923486
u0800,i243,2,1717923989
u1363,i268,4,1717925527
u1292,i363,4,1717926063
u0249,i266,4,1717926218
u1111,i083,5,1717926444
u1701,i106,4,1717927027
u0254,i220,5,1717927246
u1855,i362,4,1717927326
u0819,i372,4,1717927868
u0808,i136,4,1717928018
u0917,i352,4,1717928059
u1601,i543,5,1717931140
u0080,i371,5,1717931192
u1249,i591,4,1717931207
u1585,i185,5,1717931646
u0600,i562,5,1717932700
u0819,i507,5,1717932978
u1920,i334,1,1717934027
u1112,i504,4,1717934989
u0213,i511,5,1717935279
u1401,i419,4,1717935558
u1376,i268,1,1717935793
u1547,i372,2,1717935909
u0961,i541,4,1717935997
u1865,i241,3,1717936064
u0656,i261,4,1717936266
u0786,i569,5,1717936605
u1595,i432,4,1717936872
u0252,i022,3,1717936979
u0854,i334,5,1717937668
u1178,i453,4,1717938218
u0735,i589,5,1717938447
u0425,i255,4,1717938551
u1715,i553,4,1717938743
u0801,i341,4,1717939152
u1769,i350,1,1717939548
u0095,i043,4,1717939564
u1017,i566,4,1717939603
u0153,i081,5,1717940265
u0441,i097,3,1717941440
u1318,i004,5,1717941793
u0446,i261,3,1717941930
u1080,i233,5,1717942858
u1842,i568,4,1717943027
u0490,i510,5,1717943044
u0502,i234,4,1717943865
u0865,i509,4,1717944024
u1609,i066,4,1717944090
u1353,i216,2,1717944123
u0618,i013,4,1717944545
u1372,i297,4,1717944810
u0993,i449,4,1717944963
u1446,i104,4,1717945407
u1431,i077,4,1717945627
u0439,i487,3,1717945727
u1171,i535,5,1717945776
u0251,i177,5,1717945923
u1842,i388,1,1717946103
u0102,i237,4,1717946768
u0458,i143,4,1717948343
u0360,i333,5,1717949266
u1637,i444,5,1717951078
u0164,i000,2,1717951250
u1239,i160,4,1717952552
u0656,i397,5,1717953460
u0716,i363,3,1717953724
u0995,i424,4,1717953777
u1963,i227,4,1717953895
u1813,i023,4,1717954399
u1781,i097,4,1717954732
u1017,i576,4,1717954795
u1191,i511,5,1717955340
u0630,i423,5,1717955341
u1989,i549,4,1717956812
u1348,i134,5,1717956938
u1735,i470,5,1717957473
u1451,i412,5,1717957509
u1855,i364,4,1717959211
u0587,i117,4,1717959408
u0847,i208,5,1717959737
u1165,i352,4,1717961281
u0396,i182,5,1717961377
u1982,i117,2,1717961685
u1591,i334,4,1717962387
u0789,i537,4,1717962964
u0013,i363,2,1717963248
u0789,i319,1,1717963719
u1338,i481,5,1717963796
u0641,i419,4,1717965185
u0416,i595,5,1717965215
u0734,i332,5,1717965324
u1859,i202,1,1717965510
u0907,i101,2,1717965694
u0192,i204,3,1717966450
u0419,i063,4,1717966847
u1478,i239,4,1717967435
u0327,i266,1,1717967841
u1119,i334,3,1717968007
u0523,i463,4,1717969281
u1470,i220,5,1717969625
u0271,i143,4,1717971259
u1773,i461,4,1717971937
u0057,i357,1,1717972298
u0462,i321,5,1717973050
u1907,i193,5,1717973144
u0143,i218,4,1717973505
u0818,i442,5,1717973678
u1883,i566,5,1717973985
u0729,i538,5,1717974777
u1102,i472,5,1717974829
u0960,i118,4,1717975192
u0690,i363,1,1717975967
u1120,i340,4,1717975992
u1517,i340,2,1717976147
u0399,i484,2,1717976649
u0722,i286,4,1717977206
u1477,i459,4,1717977825
u1844,i493,4,1717977911
u1129,i273,4,1717978494
u1961,i275,1,1717978544
u1711,i415,5,1717978710
u1524,i490,4,1717978740
u0595,i048,5,1717978956
u1693,i261,3,1717978989
u0616,i570,5,1717980357
u0159,i106,4,1717980710
u0364,i550,1,1717981198
u1689,i092,4,1717981415
u0335,i315,1,1717981618
u0479,i568,5,1717982339
u1175,i537,4,1717982707
u1031,i454,4,1717982889
u0109,i403,4,1717983273
u0355,i457,5,1717983653
u0282,i399,4,1717983790
u1647,i377,4,1717984100
u0049,i426,4,1717984812
u1311,i568,2,1717985164
u0442,i123,1,1717985545
u1464,i595,4,1717986467
u1318,i282,5,1717986701
u1290,i301,4,1717988627
u0904,i328,5,1717988652
u1369,i005,5,1717989205
u0462,i507,5,1717989521
u1596,i553,5,1717991154
u0136,i332,1,1717992613
u1935,i264,3,1717993284
u1331,i565,5,1717994327
u1569,i265,2,1717994474
u0046,i107,5,1717995282
u0422,i077,5,1717995391
u1498,i526,4,1717995664
u1373,i073,4,1717996650
u0914,i092,5,1717997908
u1230,i065,2,1717998529
u1068,i417,4,1717998697
u0220,i155,2,1717998739
u0814,i244,4,1717999723
u0540,i047,4,1718000281
u0929,i232,4,1718000711
u0682,i460,5,1718002063
u0788,i470,5,1718003298
u1333,i265,5,1718004236
u0945,i384,5,1718004671
u1794,i416,4,1718005370
u1851,i573,1,1718005526
u1007,i113,4,1718005753
u1431,i035,4,1718005859
u0528,i390,4,1718006052
u0124,i593,4,1718006260
u1539,i048,3,1718006566
u0341,i072,5,1718007679
u0642,i333,2,1718007881
u0967,i167,5,1718008327
u1911,i419,4,1718008421
u1459,i392,5,1718010667
u0062,i063,5,1718010990
u0851,i472,5,1718011170
u0822,i207,4,1718011371
u1762,i261,4,1718011794
u0760,i297,4,1718011965
u1074,i364,1,1718012548
u1693,i273,1,1718012685
u1679,i443,5,1718013273
u1908,i038,4,1718014212
u1550,i333,2,1718014506
u0294,i013,4,1718016068
u1195,i234,5,1718016138
u0157,i357,5,1718016174
u0143,i456,4,1718017050
u0692,i364,5,1718017068
u0539,i578,4,1718018623
u1934,i577,5,1718018951
u0071,i510,5,1718019076
u1321,i363,5,1718019565
u1513,i545,1,1718019913
u1735,i217,5,1718020212
u0759,i381,5,1718020467
u0111,i550,3,1718020682
u0873,i428,1,1718020898
u1228,i117,5,1718021024
u1320,i425,4,1718021298
u0858,i348,3,1718021372
u1147,i078,4,1718021421
u0677,i262,5,1718021475
u0323,i412,4,1718021818
u0200,i075,5,1718021891
u0270,i083,5,1718022324
u0024,i572,4,1718022916
u0359,i117,4,1718023215
u1353,i268,1,1718024031
u0704,i222,4,1718024059
u0208,i333,3,1718024084
u0652,i211,5,1718024177
u1040,i117,5,1718024449
u1096,i283,4,1718024619
u1632,i017,5,1718024696
u0290,i495,3,1718024868
u1960,i496,1,1718025243
u1557,i571,4,1718025911
u0460,i507,1,1718026403
u0811,i315,4,1718027183
u0830,i411,4,1718027818
u0003,i469,5,1718028077
u1269,i292,4,1718028132
u0007,i387,4,1718028800
u0382,i323,4,1718029855
u0478,i419,1,1718030078
u1192,i092,2,1718030171
u1739,i243,4,1718030851
u1470,i283,5,1718030932
u1849,i404,5,1718031060
u1920,i425,5,1718031098
u1522,i305,4,1718031854
u1059,i268,5,1718032336
u1670,i332,1,1718032406
u0281,i258,5,1718033556
u1153,i243,3,1718033601
u1575,i143,4,1718034630
u1581,i023,5,1718036115
u1166,i084,1,1718036425
u0999,i020,5,1718036744
u1059,i197,5,1718037396
u0722,i361,5,1718037453
u0071,i457,4,1718039458
u1728,i145,3,1718039884
u0854,i166,1,1718039901
u1906,i118,4,1718039974
u0525,i066,4,1718040081
u1331,i256,5,1718040866
u0816,i593,4,1718042157
u1721,i396,3,1718042598
u1758,i315,5,1718042811
u1563,i334,1,1718043414
u1820,i035,5,1718043522
u1395,i479,4,1718043983
u1892,i245,5,1718044266
u0082,i126,4,1718044346
u1726,i334,4,1718045105
u1561,i513,4,1718045628
u1608,i088,4,1718045641
u1735,i461,4,1718046846
u1050,i526,2,1718046973
u1930,i352,5,1718047421
u0680,i212,5,1718048165
u0618,i371,5,1718048627
u1144,i377,5,1718049023
u0230,i116,4,1718049842
u0162,i194,4,1718050894
u1300,i095,5,1718051165
u0928,i333,5,1718051435
u1051,i547,5,1718051790
u1075,i581,5,1718052024
u0628,i074,5,1718052255
u1329,i238,4,1718052780
u0947,i526,1,1718052795
u0257,i149,5,1718053447
u0991,i591,1,1718053550
u0711,i185,4,1718053748
u0794,i298,4,1718053749
u1406,i517,5,1718053937
u1891,i568,4,1718054002
u0752,i530,4,1718054140
u0977,i430,5,1718054475
u1213,i192,3,1718054795
u1029,i032,5,1718054802
u1922,i317,4,1718055963
u1291,i472,4,1718056238
u0546,i366,4,1718057651
u0115,i004,1,1718058158
u1003,i324,5,1718059090
u0170,i568,1,1718059345
u1208,i363,5,1718059407
u0599,i011,5,1718060355
u0197,i508,4,1718060522
u0281,i315,4,1718061252
u0488,i092,1,1718062008
u0324,i572,5,1718062175
u1755,i350,2,1718062671
u0022,i227,2,1718063053
u1744,i116,5,1718063307
u0695,i363,3,1718063539
u1769,i019,5,1718063553
u1057,i363,2,1718063733
u0961,i037,4,1718064390
u1570,i117,1,1718064398
u0530,i015,2,1718064498
u0633,i534,4,1718064588
u1324,i448,5,1718065813
u0616,i516,5,1718065992
u1424,i460,3,1718067412
u0585,i255,5,1718067696
u0163,i511,5,1718067725
u0844,i029,5,1718069121
u0214,i265,4,1718069267
u0891,i194,4,1718069973
u1703,i424,4,1718070191
u0627,i230,5,1718070672
u1806,i447,5,1718071662
u0569,i480,5,1718072229
u1239,i397,3,1718072255
u1630,i519,5,1718072361
u0075,i333,4,1718073599
u0645,i363,4,1718073790
u0757,i181,5,1718074587
u1497,i268,2,1718074780
u0994,i378,4,1718075397
u0438,i363,4,1718075837
u0923,i536,5,1718076106
u1708,i377,5,1718076252
u1220,i268,1,1718076698
u0027,i548,4,1718076748
u0020,i015,4,1718077747
u1273,i140,4,1718078915
u0902,i448,4,1718079080
u0606,i347,5,1718079269
u0617,i593,4,1718079471
u1412,i292,2,1718079688
u0642,i526,2,1718080053
u0519,i430,5,1718080211
u0409,i352,4,1718080403
u1201,i013,4,1718080996
u0499,i291,5,1718081317
u0694,i255,2,1718082206
u0052,i414,4,1718082313
u0979,i268,1,1718082422
u1853,i363,1,1718082432
u1933,i357,4,1718083739
u0739,i194,4,1718084418
u1056,i485,5,1718084471
u0717,i116,5,1718084839
u1333,i243,2,1718085841
u0418,i556,5,1718086321
u1489,i055,4,1718086334
u0272,i133,5,1718086398
u1239,i263,5,1718086500
u0441,i081,5,1718086633
u0587,i254,4,1718087094
u1058,i502,4,1718087648
u0544,i526,3,1718087813
u1466,i392,2,1718088063
u0914,i374,4,1718088085
u0464,i485,3,1718088339
u0410,i539,5,1718088950
u1437,i440,4,1718089700
u0775,i469,5,1718091309
u1869,i233,4,1718091379
u1646,i429,5,1718091634
u1338,i118,4,1718091722
u1396,i334,5,1718091742
u0726,i367,5,1718091906
u0932,i463,5,1718092042
u0554,i480,5,1718092178
u1658,i417,2,1718092415
u0375,i471,1,1718092499
u1515,i180,2,1718092892
u1608,i357,5,1718093317
u0559,i093,4,1718093969
u0618,i419,4,1718094283
u0677,i022,3,1718095229
u1007,i254,3,1718095726
u1513,i501,5,1718095901
u1649,i106,1,1718096491
u0803,i461,4,1718096966
u1754,i296,4,1718097460
u1212,i373,2,1718098402
u0292,i408,4,1718099258
u0646,i519,5,1718100191
u1534,i598,4,1718100241
u0590,i168,5,1718100455
u0169,i433,1,1718100497
u1248,i333,2,1718100635
u1089,i122,4,1718100975
u0693,i184,4,1718101307
u0361,i448,4,1718101366
u1830,i308,5,1718101422
u1211,i072,4,1718101575
u1326,i507,5,1718102337
u1882,i495,5,1718103286
u0027,i516,4,1718104077
u1778,i422,4,1718104078
u0655,i349,4,1718104127
u1124,i333,4,1718104755
u1826,i361,5,1718105365
u0557,i261,4,1718105482
u0369,i504,4,1718105567
u0093,i328,4,1718106844
u1029,i443,1,1718106866
u1990,i580,4,1718107386
u1469,i364,3,1718107909
u0272,i048,5,1718108108
u0736,i332,5,1718108258
u1430,i491,5,1718108675
u1450,i258,4,1718108932
u1386,i306,4,1718108946
u1025,i593,1,1718109966
u0618,i104,4,1718110275
u1785,i204,4,1718110283
u1883,i507,5,1718110343
u0854,i336,4,1718111496
u0905,i252,3,1718113042
u0912,i386,5,1718113122
u0449,i374,5,1718113671
u1869,i324,4,1718113833
u1593,i564,5,1718114091
u0088,i390,4,1718114275
u0942,i029,3,1718114437
u0224,i519,2,1718115243
u1866,i133,4,1718115648
u1190,i013,4,1718117200
u0846,i063,3,1718117485
u0204,i314,4,1718117936
u1933,i364,5,1718117979
u0600,i301,5,1718118037
u0761,i507,3,1718118538
u1680,i526,5,1718119314
u1442,i529,4,1718119469
u0432,i265,5,1718119518
u0209,i145,5,1718119722
u0777,i109,5,1718120224
u0926,i255,1,1718120406
u0916,i301,5,1718120493
u1174,i234,5,1718120700
u0163,i481,4,1718121489
u1990,i060,1,1718121676
u1101,i394,5,1718125247
u1634,i251,4,1718125543
u1921,i163,4,1718126352
u0513,i243,3,1718126428
u1252,i521,3,1718126776
u0175,i093,5,1718127307
u0796,i341,1,1718128117
u0523,i260,2,1718128603
u0008,i529,4,1718128872
u1613,i143,5,1718129071
u1137,i115,5,1718129477
u1657,i237,1,1718129656
u1148,i449,2,1718129821
u1615,i371,4,1718129892
u1794,i117,5,1718131739
u1475,i130,5,1718131902
u1238,i180,4,1718132549
u1718,i349,5,1718133372
u1524,i333,4,1718133816
u1843,i447,3,1718134726
u1944,i119,5,1718134805
u0611,i323,5,1718135151
u1368,i442,5,1718135375
u1905,i333,3,1718135458
u1753,i566,5,1718135484
u0698,i592,4,1718136486
u1896,i053,1,1718136637
u0483,i434,5,1718136748
u1329,i219,1,1718136950
u1182,i527,2,1718136979
u1588,i357,3,1718137363
u0167,i243,4,1718137475
u0966,i238,5,1718138392
u1737,i283,4,1718138429
u0262,i261,5,1718138837
u0036,i568,5,1718138840
u0687,i507,5,1718139041
u0775,i428,4,1718139788
u0670,i045,4,1718140271
u1395,i311,5,1718140721
u1513,i108,3,1718141300
u0793,i013,5,1718141619
u1106,i227,2,1718142331
u0587,i557,3,1718142604
u1291,i001,3,1718142989
u1719,i113,5,1718143794
u1266,i526,4,1718143919
u0819,i529,4,1718144314
u0058,i564,5,1718144717
u0985,i551,4,1718145170
u0302,i182,4,1718145507
u0215,i243,4,1718146103
u1367,i226,5,1718146210
u1895,i410,1,1718146464
u1059,i388,4,1718148584
u1432,i414,5,1718149556
u0254,i399,5,1718150590
u1729,i129,5,1718150670
u0187,i357,5,1718150855
u0415,i333,3,1718150972
u0504,i111,5,1718151203
u1478,i439,4,1718151246
u1652,i495,4,1718151545
u1521,i102,4,1718151584
u0994,i362,5,1718151718
u0216,i499,5,1718152766
u0291,i599,4,1718153164
u1475,i461,4,1718153252
u1175,i097,1,1718153416
u1044,i013,4,1718153761
u0773,i260,4,1718154022
u1688,i541,1,1718154384
u0905,i282,4,1718155637
u1185,i228,4,1718155882
u0268,i215,5,1718156338
u0747,i116,5,1718157447
u0051,i166,5,1718157475
u1028,i169,5,1718157866
u1123,i023,4,1718159854
u0731,i021,1,1718160107
u0654,i292,4,1718160673
u0224,i352,4,1718161143
u1363,i229,5,1718161679
u0993,i541,4,1718163390
u1996,i062,5,1718164782
u0741,i526,3,1718165154
u0016,i572,4,1718165533
u0309,i084,1,1718166103
u0252,i120,4,1718166144
u0312,i263,5,1718166217
u1252,i130,5,1718166388
u1317,i504,4,1718166509
u1824,i384,3,1718166914
u0217,i424,4,1718167187
u0005,i294,5,1718167452
u1824,i237,4,1718167991
u1374,i410,5,1718168367
u0748,i450,5,1718168416
u0837,i031,4,1718168684
u0280,i345,5,1718168942
u1316,i013,5,1718169116
u1635,i393,5,1718169262
u0881,i216,4,1718170153
u0779,i090,5,1718171180
u0324,i214,4,1718171485
u0185,i570,4,1718171527
u0870,i291,5,1718171569
u0509,i340,5,1718173199
u0483,i334,5,1718173512
u0284,i582,5,1718174073
u0317,i440,4,1718176798
u1431,i528,4,1718176977
u1191,i060,1,1718177923
u1655,i075,5,1718178912
u0098,i437,5,1718179075
u0749,i099,3,1718179119
u0475,i363,3,1718179253
u0285,i117,4,1718179768
u1522,i036,4,1718180983
u0030,i102,4,1718181294
u1828,i495,1,1718182099
u0361,i568,1,1718182455
u0675,i374,4,1718183133
u0673,i333,2,1718183238
u0144,i083,5,1718184998
u1804,i272,5,1718185286
u1363,i117,3,1718185405
u1897,i431,5,1718186466
u1795,i412,4,1718187834
u0383,i480,4,1718188020
u1786,i440,5,1718188119
u0189,i328,4,1718188407
u1468,i233,5,1718188643
u0366,i166,5,1718188827
u0351,i132,5,1718189029
u0561,i324,5,1718189367
u0059,i108,4,1718189401
u1198,i405,4,1718189807
u0080,i408,3,1718191067
u1116,i399,3,1718191135
u0552,i293,2,1718192118
u1810,i588,5,1718192212
u0469,i041,4,1718192459
u0995,i060,2,1718192629
u0451,i493,5,1718192785
u0933,i265,5,1718192891
u1437,i358,5,1718193872
u0819,i272,5,1718193976
u1353,i155,4,1718195015
u1339,i331,5,1718195621
u0414,i273,4,1718196489
u0158,i108,5,1718197124
u0109,i555,5,1718197815
u0245,i387,4,1718198383
u1570,i008,5,1718199345
u0976,i252,4,1718200089
u0310,i205,5,1718200723
u1349,i199,4,1718200834
u1101,i019,4,1718201385
u0780,i562,4,1718201923
u1446,i419,5,1718202509
u0602,i291,5,1718203475
u1869,i507,2,1718204883
u0214,i306,4,1718205435
u0101,i143,4,1718205806
u1051,i170,4,1718206093
u0948,i414,4,1718206174
u0468,i387,4,1718206508
u1951,i237,4,1718206688
u0195,i466,4,1718206700
u1807,i190,3,1718207764
u0090,i480,4,1718208889
u1980,i425,5,1718209031
u0774,i079,5,1718209067
u0818,i118,4,1718209466
u0612,i357,3,1718209709
u0460,i254,4,1718209926
u0973,i352,5,1718210294
u1987,i504,4,1718210465
u0334,i447,3,1718210486
u1757,i243,3,1718210806
u1291,i061,4,1718212271
u0125,i089,1,1718212496
u1546,i492,4,1718212733
u1600,i359,4,1718213542
u1668,i382,4,1718214718
u0626,i417,1,1718215210
u0662,i116,5,1718215299
u1720,i243,3,1718216397
u0136,i390,1,1718216663
u1361,i371,4,1718217213
u0396,i261,5,1718217424
u0982,i381,4,1718218641
u1712,i499,5,1718218829
u0113,i146,1,1718218978
u0542,i143,1,1718219023
u0223,i299,4,1718220058
u1968,i089,5,1718221115
u1743,i541,4,1718222561
u1141,i013,4,1718222991
u1695,i027,4,1718224795
u0397,i526,3,1718225625
u1222,i145,5,1718226112
u0886,i564,4,1718226798
u1091,i333,5,1718227522
u0137,i484,5,1718227572
u0476,i177,4,1718227804
u0590,i112,4,1718228202
u0542,i077,1,1718228555
u1425,i268,1,1718228611
u1639,i002,2,1718228990
u1858,i045,1,1718229001
u1454,i467,4,1718229377
u1974,i023,5,1718229906
u1159,i324,4,1718231119
u1043,i214,4,1718231413
u1083,i342,1,1718232341
u0236,i334,4,1718232352
u1757,i055,2,1718232421
u0084,i284,5,1718232491
u1653,i520,4,1718233022
u1841,i526,4,1718233421
u1690,i333,5,1718233710
u0207,i013,5,1718235464
u1685,i255,4,1718235666
u1971,i291,4,1718235908
u0417,i334,5,1718236329
u0461,i019,4,1718236966
u0977,i306,4,1718237481
u0456,i035,3,1718241578
u0415,i107,5,1718242103
u0600,i060,4,1718242696
u1081,i340,4,1718242801
u0562,i367,4,1718242922
u0984,i381,2,1718243133
u0519,i022,5,1718244376
u0215,i088,5,1718244545
u0661,i177,4,1718244571
u0689,i138,5,1718244920
u1017,i261,2,1718245047
u0555,i431,5,1718245421
u0694,i381,4,1718247021
u0439,i361,1,1718247272
u0840,i349,5,1718247792
u1385,i335,4,1718247836
u0063,i245,5,1718248110
u1287,i545,4,1718248606
u1128,i560,4,1718249070
u1532,i047,4,1718249840
u1932,i292,4,1718250978
u0895,i334,4,1718251590
u0519,i504,5,1718251625
u1497,i526,4,1718251760
u1465,i091,4,1718251851
u1009,i073,5,1718252025
u1225,i505,4,1718252072
u1275,i484,4,1718252279
u0264,i041,4,1718253062
u1863,i291,5,1718253335
u0106,i448,4,1718253353
u1542,i498,4,1718253621
u0191,i566,1,1718253900
u1493,i243,2,1718254314
u1332,i069,2,1718254441
u1325,i262,5,1718255112
u1851,i332,4,1718255645
u0055,i521,4,1718258164
u0717,i498,5,1718258652
u1808,i313,5,1718258751
u0415,i188,5,1718258770
u1190,i462,5,1718259192
u0644,i104,4,1718259593
u0401,i247,3,1718259705
u0836,i211,5,1718260981
u0120,i470,4,1718261583
u1110,i516,5,1718262101
u0180,i521,4,1718262162
u0054,i455,1,1718263018
u1806,i204,5,1718263685
u0077,i267,4,1718263874
u1112,i464,5,1718263896
u1149,i053,4,1718264236
u0329,i320,1,1718265066
u1465,i574,4,1718265171
u1414,i496,5,1718265357
u1618,i294,5,1718265622
u0907,i357,5,1718265724
u0839,i480,4,1718266211
u1001,i087,2,1718266314
u1637,i219,5,1718266533
u1217,i258,4,1718266789
u1332,i174,5,1718267666
u1643,i361,5,1718268222
u0122,i551,4,1718268684
u1782,i120,3,1718269261
u1026,i334,2,1718269665
u0386,i548,2,1718270065
u1640,i104,4,1718270500
u1511,i568,4,1718270743
u0552,i579,4,1718270757
u1917,i183,5,1718271078
u1746,i332,4,1718271375
u0906,i516,4,1718271509
u1095,i572,5,1718271761
u0889,i445,5,1718272440
u0125,i331,4,1718273313
u0007,i333,5,1718274305
u1168,i507,4,1718274592
u0813,i084,5,1718274698
u1216,i438,5,1718275320
u1638,i535,5,1718275990
u1742,i521,2,1718276032
u0888,i223,3,1718277136
u0964,i266,5,1718277334
u1356,i334,2,1718277602
u0474,i263,4,1718278387
u1741,i018,5,1718278573
u0299,i030,3,1718279612
u1143,i289,4,1718280296
u1348,i216,4,1718280357
u0016,i243,3,1718280913
u1956,i461,5,1718281042
u0102,i092,4,1718281127
u0512,i324,5,1718281828
u1813,i517,3,1718282864
u0643,i564,5,1718283081
u1684,i333,3,1718283809
u1917,i568,5,1718283820
u1719,i056,4,1718284986
u1564,i297,5,1718285342
u1408,i541,4,1718285397
u0421,i300,5,1718285751
u1876,i100,5,1718285901
u0530,i334,5,1718287779
u0467,i577,5,1718288507
u0532,i069,5,1718288880
u0076,i590,4,1718290614
u1694,i498,5,1718291743
u1877,i337,4,1718293507
u1229,i280,5,1718293620
u0449,i442,5,1718294062
u1320,i212,4,1718294097
u0325,i156,4,1718294205
u0878,i334,2,1718294716
u0768,i024,5,1718295172
u0222,i377,5,1718295255
u1356,i102,4,1718295460
u0734,i274,5,1718297584
u1848,i510,4,1718298424
u1080,i568,2,1718298582
u0888,i550,4,1718298627
u1348,i034,4,1718298815
u1912,i023,4,1718299628
u0410,i439,4,1718300625
u1014,i507,4,1718301323
u1569,i044,5,1718302190
u1188,i206,4,1718303190
u0444,i023,4,1718303691
u0643,i554,4,1718304273
u0185,i113,4,1718304421
u1008,i009,2,1718304679
u1627,i570,4,1718305444
u0807,i267,2,1718305460
u1203,i113,1,1718305500
u0715,i357,4,1718305521
u0015,i293,5,1718306674
u0131,i384,4,1718306959
u1935,i284,4,1718307923
u0058,i268,2,1718308091
u1121,i068,5,1718308618
u0309,i496,5,1718309254
u0505,i097,2,1718309317
u1040,i268,2,1718309586
u0719,i145,5,1718309985
u1942,i233,4,1718312283
u1620,i048,5,1718312939
u0360,i314,5,1718314068
u1553,i507,5,1718314304
u1534,i541,5,1718314895
u0360,i037,5,1718315775
u1296,i013,5,1718316080
u0163,i168,5,1718316520
u1671,i152,5,1718316594
u1853,i175,4,1718316725
u0242,i477,4,1718316738
u0482,i268,3,1718317411
u0400,i042,3,1718317920
u1554,i410,1,1718318061
u0792,i357,5,1718318859
u1536,i113,4,1718319014
u1105,i550,4,1718319958
u0889,i098,4,1718320477
u1724,i229,4,1718320940
u1758,i334,4,1718321458
u0191,i189,5,1718321977
u1881,i369,4,1718322487
u1159,i268,2,1718323512
u0956,i499,5,1718323544
u0524,i293,4,1718323835
u0504,i159,5,1718324301
u1583,i341,5,1718324422
u0956,i341,5,1718324745
u1279,i134,4,1718325575
u0243,i023,1,1718325630
u0707,i243,3,1718326575
u1466,i060,4,1718327240
u0152,i378,4,1718327816
u1735,i377,4,1718328329
u0957,i023,5,1718328440
u0843,i539,1,1718329430
u1924,i131,4,1718330269
u0084,i363,4,1718330303
u0780,i158,4,1718330802
u1552,i243,5,1718331154
u0879,i541,1,1718331755
u0619,i265,5,1718331976
u0260,i519,5,1718332003
u1957,i404,4,1718332719
u1458,i092,5,1718332730
u0349,i361,5,1718333201
u0758,i180,4,1718333428
u1277,i146,5,1718334020
u0313,i201,4,1718334359
u1422,i162,4,1718334489
u1238,i587,5,1718335228
u1247,i542,4,1718335678
u1547,i219,5,1718335838
u1328,i363,1,1718337314
u1251,i336,5,1718337335
u1624,i115,5,1718338186
u1369,i015,5,1718338211
u0945,i167,5,1718338692
u1464,i034,5,1718341008
u0885,i354,3,1718341481
u0089,i078,5,1718341671
u1602,i126,5,1718342154
u1513,i535,5,1718342885
u0127,i463,2,1718343066
u0536,i564,4,1718343067
u1850,i297,3,1718343534
u0738,i129,4,1718343777
u1057,i551,5,1718344091
u0591,i093,5,1718344752
u0814,i429,2,1718345076
u1148,i333,1,1718346126
u0956,i334,5,1718346131
u1635,i425,5,1718347197
u1230,i260,4,1718347944
u1287,i074,4,1718348433
u0602,i097,1,1718348537
u0882,i006,2,1718348903
u1896,i262,5,1718349194
u0382,i568,4,1718350272
u0864,i469,5,1718351479
u1304,i588,4,1718351782
u1418,i078,4,1718351827
u0290,i097,2,1718352479
u1301,i409,1,1718352517
u0916,i195,5,1718353713
u0189,i194,5,1718354146
u0203,i385,4,1718354499
u0034,i004,4,1718354524
u1206,i363,4,1718355780
u0357,i328,5,1718355792
u1745,i243,4,1718356830
u1481,i013,1,1718357891
u0942,i564,1,1718357934
u0711,i334,4,1718357982
u1392,i052,5,1718361169
u0921,i361,4,1718361281
u0779,i065,5,1718361391
u0483,i599,5,1718361433
u0055,i293,5,1718361595
u1027,i119,4,1718361720
u0142,i166,3,1718361876
u0246,i441,5,1718362303
u0101,i461,5,1718362789
u1794,i582,5,1718363144
u1113,i545,5,1718363924
u0293,i523,5,1718365247
u0007,i108,4,1718365267
u1462,i564,1,1718365384
u0600,i337,5,1718365487
u1690,i526,4,1718365892
u0499,i428,1,1718366303
u0446,i385,4,1718366612
u1456,i253,2,1718366864
u1578,i445,5,1718367047
u0376,i292,2,1718368225
u0209,i595,4,1718368561
u0929,i002,5,1718368760
u0742,i194,2,1718369216
u0750,i428,4,1718369221
u0602,i292,2,1718369658
u0033,i038,5,1718370130
u0402,i118,4,1718370930
u1501,i102,5,1718371908
u0631,i305,4,1718371911
u1425,i080,3,1718372393
u1374,i402,5,1718372702
u0308,i274,5,1718372807
u1311,i261,3,1718373583
u1049,i387,4,1718373758
u1632,i231,5,1718373973
u1712,i244,4,1718374177
u1946,i546,2,1718374289
u0358,i220,4,1718374561
u1353,i276,4,1718376021
u0656,i480,5,1718376149
u1573,i402,5,1718376264
u1318,i220,4,1718376861
u1872,i428,1,1718377193
u0139,i292,5,1718377689
u0861,i062,5,1718378303
u1582,i452,4,1718379030
u1573,i475,2,1718379245
u1234,i014,3,1718379423
u1038,i572,4,1718379809
u0568,i352,4,1718380618
u1524,i243,1,1718381330
u1996,i118,4,1718381469
u0416,i087,4,1718381515
u0313,i361,4,1718381803
u1598,i215,4,1718382031
u1475,i023,4,1718383047
u0074,i595,5,1718383258
u1935,i134,4,1718383397
u1464,i459,4,1718383855
u1660,i494,2,1718383912
u0492,i510,4,1718384056
u1898,i103,5,1718384555
u0475,i334,4,1718384794
u1551,i539,4,1718385094
u0004,i504,4,1718386312
u1404,i583,4,1718386641
u0932,i474,4,1718387126
u0971,i268,1,1718387389
u1143,i185,4,1718388079
u1023,i356,5,1718388293
u0867,i102,5,1718388527
u0170,i469,4,1718388781
u0833,i503,5,1718391390
u1023,i227,4,1718392368
u1329,i006,4,1718393186
u1716,i104,4,1718393423
u1517,i243,1,1718394260
u1146,i365,4,1718394445
u1870,i591,5,1718394594
u0992,i447,4,1718395562
u1146,i117,5,1718396016
u1009,i535,5,1718396293
u1374,i015,1,1718396535
u1345,i093,4,1718397093
u0724,i237,5,1718397354
u0692,i391,4,1718397513
u0518,i457,4,1718397756
u0624,i326,1,1718398783
u1320,i357,3,1718399434
u1197,i580,4,1718399613
u0080,i197,5,1718400220
u0681,i085,5,1718400396
u0708,i032,4,1718400649
u1125,i461,5,1718401081
u0402,i062,5,1718401729
u1962,i430,5,1718402276
u1230,i470,4,1718402610
u0379,i498,1,1718402968
u0120,i023,5,1718403428
u0444,i562,4,1718403512
u0597,i447,4,1718403938
u1280,i511,4,1718406699
u0673,i300,5,1718406727
u0084,i105,1,1718407029
u1385,i307,5,1718407226
u0692,i597,3,1718407326
u0290,i211,5,1718407352
u1725,i106,5,1718407744
u1006,i568,4,1718408864
u1653,i527,5,1718409394
u0085,i529,3,1718410291
u0074,i233,4,1718410402
u1665,i323,4,1718410413
u1883,i294,5,1718410593
u1192,i566,4,1718410619
u0904,i088,4,1718410729
u1903,i595,5,1718411438
u1806,i234,4,1718412024
u0630,i010,4,1718412878
u0558,i152,5,1718412946
u0624,i291,3,1718413001
u0054,i396,4,1718413095
u0882,i252,5,1718414062
u0702,i145,5,1718414517
u1495,i168,5,1718415758
u1144,i002,2,1718416673
u1080,i595,4,1718417283
u1566,i297,5,1718417410
u0734,i159,5,1718417445
u0228,i098,5,1718417621
u0572,i152,4,1718417673
u1921,i273,5,1718418513
u0270,i000,5,1718418728
u1102,i590,5,1718418865
u0343,i363,5,1718419333
u1387,i470,5,1718419877
u1494,i162,4,1718419936
u1707,i147,5,1718420828
u0484,i383,4,1718420832
u0171,i285,5,1718421474
u0486,i117,2,1718421558
u0262,i117,4,1718421738
u1080,i034,4,1718422150
u0593,i023,5,1718422258
u1678,i399,5,1718422676
u0477,i333,5,1718422979
u0285,i261,4,1718423234
u1434,i408,5,1718423793
u0720,i529,5,1718424322
u1564,i097,4,1718425242
u0086,i528,4,1718425813
u0195,i526,2,1718426249
u0407,i234,4,1718426867
u0728,i568,5,1718428134
u1709,i566,2,1718428389
u0891,i364,5,1718428577
u1569,i221,5,1718428722
u0908,i595,1,1718429572
u1317,i501,5,1718430207
u0274,i417,3,1718430404
u0642,i033,4,1718430730
u0955,i150,5,1718431897
u0372,i357,4,1718431904
u0342,i301,4,1718431958
u0979,i363,5,1718432307
u1777,i595,4,1718432376
u0784,i333,5,1718432498
u0016,i550,5,1718432740
u0232,i235,1,1718433616
u0692,i362,4,1718433628
u1250,i363,5,1718433806
u1334,i066,4,1718435275
u0310,i285,5,1718435454
u1904,i484,4,1718435582
u1653,i506,1,1718435699
u0157,i534,5,1718435710
u1679,i598,2,1718436012
u1122,i254,4,1718436107
u1173,i420,4,1718436587
u1476,i388,4,1718437105
u1790,i328,4,1718437501
u1629,i377,3,1718438649
u1628,i042,4,1718438685
u0838,i566,5,1718439241
u1725,i208,3,1718439517
u1251,i252,3,1718440910
u0575,i519,1,1718440972
u1807,i388,5,1718441078
u0128,i292,4,1718441414
u0910,i023,1,1718441798
u1797,i243,4,1718442079
u0934,i341,2,1718442484
u0017,i237,2,1718442536
u1659,i275,1,1718442624
u0993,i580,4,1718443381
u1249,i406,2,1718443930
u0230,i543,1,1718444031
u1506,i116,4,1718444466
u0473,i360,4,1718445197
u1846,i254,4,1718445318
u0746,i148,5,1718446049
u1145,i268,3,1718447166
u0893,i335,4,1718449576
u0159,i204,5,1718449949
u0885,i243,2,1718450380
u0393,i304,4,1718450742
u0162,i141,4,1718450858
u1531,i497,4,1718451052
u0789,i023,5,1718451443
u1139,i254,5,1718452020
u1393,i571,4,1718452396
u1193,i069,4,1718453596
u1453,i275,5,1718455267
u1465,i438,1,1718455591
u0429,i140,4,1718455987
u1093,i332,5,1718456333
u0185,i162,4,1718456769
u0417,i271,5,1718458175
u0620,i189,5,1718458661
u0622,i529,4,1718458799
u0005,i361,2,1718460521
u0942,i107,4,1718460898
u0916,i289,3,1718462522
u0529,i552,5,1718462659
u0575,i589,4,1718462690
u1775,i113,4,1718463851
u1586,i370,4,1718464709
u1962,i306,4,1718465152
u1880,i097,5,1718465319
u0596,i143,5,1718465877
u0582,i135,5,1718466036
u1629,i462,5,1718466311
u0903,i233,5,1718467421
u1311,i397,3,1718467530
u0163,i188,5,1718467908
u1782,i593,5,1718468498
u0396,i083,4,1718468724
u0974,i432,5,1718469302
u0274,i268,2,1718470199
u1210,i105,4,1718473004
u0700,i310,4,1718473517
u0177,i357,5,1718474010
u0003,i041,4,1718474152
u0838,i073,1,1718474347
u1818,i047,5,1718474349
u1136,i377,5,1718475372
u1428,i261,5,1718475873
u0476,i334,5,1718476682
u1404,i294,4,1718476793
u1103,i335,5,1718477053
u1840,i441,4,1718477141
u0273,i580,4,1718477908
u1558,i585,5,1718478183
u0191,i333,1,1718479686
u0485,i204,5,1718480402
u0437,i357,2,1718480750
u0418,i425,5,1718481572
u1586,i514,5,1718481965
u0030,i328,4,1718482362
u0465,i539,5,1718483106
u0195,i083,2,1718484082
u0618,i268,4,1718484143
u1463,i249,5,1718485097
u0215,i060,3,1718485379
u0190,i028,5,1718485633
u1059,i526,2,1718485998
u0164,i586,5,1718486888
u1899,i295,5,1718487324
u1915,i425,3,1718488077
u0424,i541,5,1718488391
u0479,i361,4,1718488878
u0446,i243,3,1718489437
u0741,i507,4,1718489552
u1274,i428,5,1718489967
u0755,i152,5,1718491187
u0643,i268,3,1718491822
u1495,i037,1,1718492639
u0948,i053,5,1718492756
u1424,i112,4,1718494391
u0124,i170,4,1718494648
u0251,i545,5,1718494960
u1480,i143,5,1718495968
u0013,i551,4,1718496365
u0781,i428,4,1718496925
u1503,i042,5,1718497068
u0053,i344,4,1718497111
u0858,i417,1,1718497725
u0854,i014,4,1718499457
u0674,i200,3,1718499941
u0274,i187,4,1718499972
u1847,i542,1,1718500269
u1411,i354,4,1718500277
u1301,i202,5,1718500328
u1978,i309,5,1718500645
u1898,i282,5,1718501408
u1358,i474,3,1718501676
u1045,i394,4,1718501800
u1358,i136,5,1718502489
u1445,i511,5,1718502511
u1661,i052,1,1718503010
u0044,i412,4,1718503800
u0681,i498,4,1718503889
u1993,i399,4,1718504196
u1716,i411,5,1718504217
u1802,i580,4,1718505119
u0814,i053,4,1718505833
u1646,i526,1,1718506073
u0080,i212,4,1718506165
u1323,i419,5,1718506667
u0135,i540,5,1718506828
u0542,i364,5,1718507241
u1449,i195,5,1718507324
u0510,i413,5,1718508001
u1424,i599,5,1718509696
u0658,i361,5,1718511223
u0893,i463,4,1718511305
u0917,i024,2,1718511380
u1536,i516,5,1718511776
u0338,i314,5,1718511998
u1031,i246,2,1718512081
u0807,i338,4,1718513063
u0851,i208,4,1718513444
u0978,i588,4,1718514778
u1015,i592,5,1718516758
u0594,i572,5,1718517873
u0843,i268,5,1718517943
u0012,i226,4,1718518842
u1493,i189,5,1718518944
u0912,i500,5,1718519237
u1303,i048,4,1718519613
u0955,i221,4,1718521045
u0616,i333,3,1718521542
u1203,i493,4,1718522171
u1036,i282,5,1718523140
u0681,i526,4,1718523258
u1629,i352,4,1718525545
u1922,i384,4,1718525555
u1581,i500,5,1718525739
u1443,i565,5,1718525815
u0103,i113,4,1718526381
u0249,i274,5,1718526625
u1406,i449,5,1718526708
u0296,i539,4,1718527541
u1281,i004,4,1718527630
u1279,i223,2,1718527747
u1071,i268,3,1718527758
u1192,i583,5,1718528303
u0547,i243,2,1718528329
u0105,i203,5,1718528439
u0119,i087,4,1718528775
u0880,i492,4,1718530076
u0074,i417,4,1718530801
u1764,i285,1,1718530838
u0796,i568,2,1718531602
u0415,i549,4,1718531879
u1120,i136,1,1718532015
u1249,i243,3,1718532554
u1511,i155,5,1718534343
u0859,i292,5,1718534749
u0619,i073,5,1718534946
u1666,i283,5,1718535748
u1196,i167,5,1718537679
u1038,i504,5,1718537923
u1104,i537,4,1718538700
u1461,i417,5,1718540308
u0325,i117,5,1718540873
u0074,i145,4,1718541517
u1941,i580,5,1718541657
u0460,i568,4,1718542624
u0324,i265,5,1718542845
u0904,i125,5,1718543407
u0989,i114,5,1718543603
u0327,i242,4,1718545261
u1949,i526,3,1718546111
u1234,i140,4,1718547271
u1030,i232,4,1718547472
u1491,i570,5,1718547544
u0838,i157,3,1718547772
u1503,i015,5,1718547873
u0964,i469,4,1718548715
u1258,i138,4,1718549005
u1319,i377,4,1718549041
u0754,i181,5,1718549186
u0984,i414,5,1718549342
u0237,i550,4,1718549474
u0981,i501,5,1718549933
u1692,i294,5,1718550118
u0539,i204,5,1718550294
u0531,i480,4,1718551047
u1236,i450,3,1718551309
u1594,i461,4,1718551419
u1844,i131,4,1718551441
u1460,i518,2,1718551490
u0133,i372,4,1718551544
u0195,i499,4,1718551988
u1045,i226,5,1718552448
u1216,i440,4,1718552721
u0543,i541,4,1718552991
u0878,i268,2,1718554115
u0434,i259,5,1718555169
u1402,i417,4,1718555196
u1229,i548,5,1718555800
u0549,i386,5,1718555932
u0127,i442,5,1718556477
u1840,i169,4,1718556644
u1157,i529,5,1718556656
u0216,i152,5,1718556939
u0515,i333,1,1718556998
u1236,i364,5,1718557486
u1723,i411,5,1718558099
u1941,i526,4,1718558191
u0509,i593,3,1718558746
u1113,i334,5,1718558931
u1898,i097,4,1718559775
u0664,i132,4,1718560278
u0266,i341,1,1718560885
u0372,i364,5,1718561040
u0692,i496,4,1718562178
u0270,i033,4,1718562267
u0539,i427,4,1718562346
u0573,i299,1,1718562505
u0040,i073,1,1718562647
u0830,i268,5,1718563201
u0536,i002,4,1718563419
u0894,i211,5,1718564011
u1504,i261,5,1718564421
u1694,i329,4,1718565255
u1095,i291,3,1718565310
u1925,i419,4,1718565437
u0524,i268,4,1718565495
u1718,i093,5,1718566130
u1900,i389,3,1718566328
u1925,i513,4,1718566337
u1863,i012,4,1718566777
u1824,i472,4,1718567054
u0515,i586,5,1718567532
u0594,i464,5,1718568370
u1323,i268,4,1718570474
u0501,i472,4,1718570633
u0740,i291,4,1718571156
u0448,i411,5,1718571292
u0835,i526,4,1718571624
u0673,i305,4,1718572461
u1415,i378,4,1718572928
u1758,i499,5,1718573403
u0125,i443,1,1718573796
u0249,i507,4,1718574098
u1757,i077,5,1718574759
u1407,i278,5,1718574841
u1827,i507,5,1718575611
u1334,i411,5,1718575741
u0424,i282,4,1718575787
u1962,i461,5,1718576244
u1619,i591,5,1718576246
u1559,i032,5,1718576295
u1670,i377,4,1718576435
u0820,i169,3,1718576721
u0786,i013,1,1718577274
u0906,i340,5,1718577318
u1515,i207,5,1718578154
u0068,i013,4,1718578908
u1249,i117,4,1718579021
u0350,i009,4,1718579073
u0822,i172,4,1718579260
u1250,i516,5,1718579435
u0328,i470,4,1718581053
u1840,i279,5,1718581856
u1472,i467,5,1718581988
u1877,i288,4,1718582089
u0923,i053,2,1718582321
u1269,i291,3,1718582361
u0359,i568,5,1718582510
u1105,i143,5,1718583985
u0551,i527,4,1718584119
u0493,i117,3,1718584830
u1321,i548,5,1718585350
u1856,i373,5,1718585424
u0914,i112,4,1718585449
u0046,i251,3,1718585703
u0267,i422,4,1718586760
u1010,i227,5,1718587388
u1160,i471,5,1718588356
u1186,i104,2,1718588393
u0952,i059,4,1718590735
u0372,i564,4,1718591126
u0943,i369,4,1718591345
u1828,i333,5,1718591351
u1804,i381,5,1718591404
u1170,i472,3,1718591601
u1377,i268,5,1718593314
u1828,i128,4,1718594121
u0619,i081,4,1718594429
u1168,i257,5,1718594691
u0449,i237,4,1718594932
u0794,i396,5,1718595381
u0794,i154,4,1718595547
u0928,i355,1,1718596434
u1816,i153,4,1718596588
u0164,i340,3,1718596676
u1007,i536,4,1718596847
u1731,i586,5,1718597441
u1122,i055,4,1718597561
u0539,i106,4,1718597672
u1505,i334,2,1718597672
u1942,i221,4,1718599099
u1116,i433,5,1718599607
u0221,i510,2,1718599708
u1204,i373,4,1718600857
u1764,i377,1,1718601680
u1177,i411,4,1718602597
u0459,i100,4,1718603014
u0750,i583,4,1718604011
u0401,i584,1,1718604464
u0651,i338,4,1718604868
u0584,i388,5,1718605158
u1765,i004,2,1718605575
u0091,i480,1,1718605795
u0659,i015,5,1718605876
u1927,i291,4,1718606367
u0129,i291,5,1718606734
u0619,i214,4,1718608762
u1803,i263,5,1718610333
u0502,i357,4,1718610601
u1092,i178,5,1718612768
u1041,i113,1,1718612807
u0576,i237,5,1718613023
u1385,i362,5,1718613211
u0007,i519,2,1718614916
u1954,i117,3,1718615214
u1371,i117,2,1718615755
u1249,i287,5,1718616392
u1599,i093,4,1718617283
u0417,i185,4,1718617292
u0051,i373,5,1718617401
u0805,i496,4,1718617492
u1122,i584,3,1718617809
u1102,i278,1,1718618330
u1910,i464,5,1718618391
u0020,i138,2,1718618544
u0292,i417,4,1718619682
u0549,i500,4,1718620289
u1390,i349,1,1718620721
u1678,i526,5,1718620744
u1602,i479,5,1718620789
u1395,i030,2,1718620875
u1799,i113,3,1718622216
u0846,i399,5,1718622336
u1737,i593,3,1718622365
u1911,i104,5,1718622635
u0382,i333,2,1718622663
u0944,i219,5,1718623161
u0271,i564,1,1718623273
u0448,i334,1,1718623707
u1981,i521,5,1718624853
u1915,i290,1,1718625880
u1995,i495,5,1718626012
u1317,i572,5,1718626167
u1810,i568,2,1718626279
u0418,i197,5,1718626373
u0157,i215,4,1718626451
u1586,i195,4,1718628227
u1903,i353,5,1718628770
u0828,i118,1,1718629164
u0590,i315,4,1718629898
u0007,i580,4,1718630134
u1604,i335,4,1718631582
u1816,i068,4,1718631747
u1982,i266,5,1718632240
u0858,i454,4,1718632356
u0673,i364,5,1718633020
u0625,i008,4,1718633409
u0034,i477,5,1718633619
u0475,i511,4,1718633736
u0828,i333,5,1718635045
u0270,i026,4,1718635061
u1330,i246,4,1718636165
u0816,i291,4,1718636702
u1990,i219,4,1718636910
u1142,i469,5,1718637081
u1779,i366,5,1718637990
u0590,i118,4,1718638313
u1126,i337,3,1718641313
u1313,i314,5,1718641804
u1179,i268,4,1718643156
u1292,i204,1,1718644172
u0496,i291,4,1718644488
u1588,i145,4,1718644747
u1402,i363,5,1718645156
u1513,i470,4,1718645436
u0411,i361,2,1718646384
u0011,i002,5,1718646459
u1438,i511,5,1718646661
u1225,i511,2,1718646896
u0847,i599,5,1718647060
u0174,i348,4,1718647596
u1544,i094,4,1718647774
u0724,i019,4,1718649273
u0456,i529,4,1718649783
u0950,i113,5,1718650123
u1666,i108,5,1718650346
u0271,i535,4,1718650931
u0559,i375,4,1718650961
u1927,i278,5,1718651898
u1035,i364,5,1718652006
u1514,i507,5,1718652007
u1748,i470,5,1718652989
u0716,i097,4,1718654351
u1711,i416,5,1718654910
u0731,i138,5,1718655422
u1507,i008,5,1718656762
u1893,i062,4,1718656802
u0725,i023,3,1718656880
u0148,i048,4,1718657079
u0975,i199,5,1718657892
u1691,i113,4,1718658068
u0594,i288,5,1718658359
u0933,i255,4,1718658393
u0222,i023,4,1718658498
u1068,i459,4,1718658723
u1101,i068,1,1718658725
u1412,i237,5,1718658898
u1123,i217,5,1718659100
u0105,i432,5,1718659565
u1576,i509,5,1718660789
u1930,i504,2,1718661156
u0189,i357,4,1718663614
u1239,i184,5,1718665292
u1817,i435,5,1718665355
u1497,i213,5,1718665406
u1986,i221,4,1718665587
u1017,i568,2,1718665649
u1378,i284,5,1718666281
u1176,i140,4,1718666323
u0375,i162,5,1718666953
u0421,i091,4,1718667268
u0364,i349,5,1718667979
u0645,i113,4,1718669031
u1698,i575,5,1718669508
u0247,i526,5,1718670647
u0344,i402,4,1718670938
u1779,i137,4,1718674401
u0342,i430,5,1718676359
u1877,i334,1,1718677012
u1879,i134,4,1718677818
u1821,i526,4,1718678285
u0823,i000,5,1718679134
u1295,i419,1,1718679223
u1735,i322,5,1718679255
u1436,i407,4,1718679343
u0579,i268,5,1718679406
u0602,i380,4,1718680518
u1033,i288,4,1718681250
u1423,i387,1,1718681599
u0336,i268,1,1718683139
u0113,i113,2,1718683216
u0716,i314,4,1718683344
u1658,i069,4,1718683685
u0268,i290,4,1718684520
u0339,i347,5,1718684921
u0122,i243,4,1718684944
u1195,i088,4,1718685968
u1257,i143,5,1718686219
u0454,i088,4,1718686453
u1979,i582,5,1718686544
u0533,i405,4,1718687358
u0643,i194,5,1718689029
u1190,i521,5,1718689581
u1366,i243,1,1718690224
u0197,i007,4,1718690660
u0928,i113,1,1718691506
u1417,i261,5,1718693339
u1171,i514,5,1718693571
u1684,i472,4,1718693802
u1329,i011,5,1718694035
u0548,i194,5,1718694075
u0978,i381,5,1718694570
u0715,i334,2,1718694834
u0634,i333,3,1718694932
u0275,i144,5,1718694964
u0468,i207,4,1718696008
u1283,i315,4,1718696231
u0460,i524,5,1718696699
u0670,i220,4,1718697173
u1563,i105,4,1718697315
u0424,i477,5,1718697680
u0866,i571,5,1718698304
u1475,i470,4,1718698419
u1967,i226,5,1718698515
u0986,i004,3,1718699203
u1202,i575,4,1718699509
u0990,i495,4,1718699587
u0642,i582,5,1718699769
u1641,i363,3,1718700484
u0593,i370,4,1718700534
u0800,i052,5,1718700804
u0574,i507,2,1718700865
u1146,i287,4,1718701276
u0485,i162,1,1718701389
u0069,i019,4,1718702634
u0108,i060,5,1718703136
u0476,i136,4,1718703424
u0955,i368,5,1718703613
u0647,i263,4,1718703818
u0784,i490,4,1718704341
u1620,i545,4,1718704806
u1385,i455,5,1718704904
u1996,i334,5,1718705279
u1097,i333,5,1718705424
u1290,i460,4,1718706103
u1149,i042,2,1718706671
u1397,i574,5,1718707110
u1689,i233,2,1718708098
u1642,i359,5,1718708513
u1767,i292,4,1718709773
u1564,i420,4,1718709815
u0109,i371,3,1718711003
u1720,i026,3,1718711090
u0719,i005,5,1718712488
u1642,i445,2,1718712950
u1473,i048,3,1718713280
u1325,i564,1,1718713410
u1593,i106,4,1718714626
u0132,i375,5,1718715668
u1177,i292,4,1718716161
u1005,i480,4,1718716176
u1109,i498,5,1718716896
u0556,i004,5,1718717318
u0927,i153,4,1718717928
u0175,i371,4,1718718133
u0308,i525,5,1718718169
u1308,i568,4,1718718601
u0055,i268,4,1718718899
u1945,i425,5,1718720170
u0942,i499,5,1718720453
u0023,i062,5,1718720591
u1316,i206,4,1718721056
u0006,i237,1,1718721273
u1778,i151,4,1718721715
u1581,i255,4,1718722327
u0218,i201,5,1718722375
u1607,i261,2,1718723625
u0641,i375,5,1718723791
u1170,i365,4,1718725637
u1039,i578,4,1718726170
u1703,i041,4,1718726496
u1442,i539,3,1718726547
u0215,i357,4,1718727141
u0221,i334,3,1718727377
u1507,i258,3,1718727461
u0402,i394,4,1718728126
u1966,i472,4,1718728343
u0270,i286,4,1718729331
u1720,i266,4,1718729506
u0695,i143,5,1718729833
u0242,i243,3,1718730616
u0122,i281,5,1718730928
u0755,i114,5,1718731228
u0054,i045,5,1718731429
u1449,i377,4,1718731482
u1231,i038,5,1718731895
u0619,i550,4,1718732345
u0731,i243,1,1718732467
u0500,i595,1,1718733355
u0249,i450,1,1718734356
u0355,i597,5,1718734807
u0081,i529,4,1718734853
u1640,i013,4,1718735139
u0191,i109,4,1718735552
u1898,i488,5,1718735667
u0842,i005,5,1718735701
u0850,i054,5,1718735992
u0858,i166,5,1718736213
u0767,i433,4,1718736716
u0872,i073,5,1718737140
u1412,i129,4,1718737176
u0731,i092,1,1718738125
u1537,i020,4,1718738353
u1670,i081,4,1718738669
u0368,i266,3,1718738968
u1672,i526,5,1718739039
u0282,i541,4,1718739624
u1998,i243,2,1718740014
u1005,i273,5,1718740822
u0206,i507,4,1718740962
u0631,i089,4,1718741121
u1536,i440,4,1718741926
u0585,i519,4,1718742044
u1073,i209,5,1718743346
u1966,i599,4,1718743420
u0786,i570,5,1718744005
u0217,i201,2,1718744700
u1917,i082,5,1718744997
u0093,i072,5,1718745620
u1636,i162,5,1718746448
u1156,i234,4,1718746552
u0014,i425,4,1718747048
u1065,i345,4,1718747066
u1478,i054,4,1718747151
u0906,i355,4,1718747305
u1407,i564,1,1718747322
u1492,i097,5,1718747333
u1722,i015,5,1718747801
u0423,i243,4,1718747832
u0987,i057,5,1718748169
u1236,i194,5,1718748775
u1964,i351,5,1718749558
u1099,i519,5,1718750179
u0812,i310,3,1718750450
u1242,i243,4,1718750764
u0074,i015,5,1718751049
u0958,i324,4,1718751211
u0469,i179,4,1718751490
u0657,i524,3,1718751899
u0192,i042,5,1718752179
u0682,i290,3,1718752724
u0193,i164,5,1718753420
u1350,i529,4,1718755748
u0312,i044,3,1718756444
u1373,i562,4,1718756659
u0510,i034,5,1718756882
u1003,i150,4,1718757093
u1279,i559,5,1718757951
u1778,i013,3,1718758006
u0807,i571,4,1718758032
u1479,i138,4,1718758880
u1132,i465,5,1718759211
u1760,i108,3,1718759513
u0092,i526,3,1718760569
u1857,i254,1,1718760957
u1768,i333,4,1718762362
u0586,i494,5,1718762663
u0231,i483,5,1718763260
u0412,i430,4,1718764351
u0742,i333,2,1718764433
u1993,i037,5,1718764596
u1473,i405,4,1718764617
u0086,i324,4,1718764843
u1008,i593,5,1718765251
u1640,i334,2,1718765578
u1133,i477,4,1718766231
u1494,i457,4,1718767015
u0518,i134,4,1718767731
u1903,i363,5,1718768030
u0015,i197,5,1718768200
u1430,i599,5,1718768216
u0864,i338,5,1718768447
u0750,i588,5,1718768724
u1778,i042,5,1718768856
u0115,i499,5,1718769347
u1285,i360,4,1718769478
u0313,i015,1,1718769607
u1689,i410,5,1718769992
u0968,i332,4,1718770450
u1384,i244,5,1718770824
u1773,i535,4,1718770893
u0122,i233,3,1718771027
u0114,i526,5,1718772518
u1145,i015,4,1718772568
u0888,i099,2,1718772921
u0515,i053,4,1718773201
u1208,i340,5,1718773835
u0308,i361,3,1718774703
u1105,i461,4,1718775319
u0745,i217,4,1718775768
u1420,i333,3,1718776539
u1056,i550,2,1718776581
u1542,i029,5,1718777853
u0330,i519,4,1718778041
u1944,i207,5,1718778244
u0903,i054,5,1718778606
u1203,i334,1,1718778890
u1589,i467,1,1718779454
u0718,i411,5,1718781346
u1530,i539,5,1718781611
u0074,i542,5,1718781688
u1411,i495,5,1718782375
u0568,i471,4,1718783615
u0674,i084,4,1718784041
u1218,i092,4,1718784053
u0711,i254,3,1718784064
u1070,i091,2,1718784159
u0950,i340,4,1718784299
u0436,i408,4,1718784536
u0143,i397,5,1718784559
u1140,i544,5,1718785651
u1855,i564,4,1718785882
u0134,i137,5,1718786160
u1406,i097,4,1718786259
u0144,i346,3,1718786939
u1754,i529,5,1718788288
u1914,i077,5,1718788367
u1583,i402,4,1718789013
u1149,i243,3,1718789595
u1884,i165,4,1718790078
u1617,i091,5,1718790200
u0885,i341,4,1718790994
u0675,i485,5,1718791170
u0726,i268,2,1718792983
u0941,i106,5,1718793130
u1855,i268,2,1718793252
u0981,i323,3,1718793268
u1771,i522,4,1718793619
u1810,i274,4,1718794363
u0620,i023,4,1718794369
u1395,i019,1,1718794635
u0753,i563,4,1718794883
u1031,i341,3,1718796462
u1162,i285,4,1718797741
u1488,i117,3,1718798772
u1640,i371,4,1718799171
u0726,i488,5,1718799322
u0479,i083,5,1718799615
u1417,i547,5,1718799976
u0441,i529,2,1718800480
u0348,i268,4,1718800764
u0093,i564,5,1718800904
u1176,i105,4,1718801096
u1802,i361,2,1718801470
u0546,i117,4,1718801896
u1703,i178,5,1718802958
u0253,i285,5,1718804344
u1789,i399,5,1718805546
u1638,i504,5,1718806052
u0113,i467,4,1718806253
u0667,i384,5,1718806370
u0516,i381,3,1718806822
u1478,i428,1,1718807096
u0659,i286,2,1718807657
u1676,i560,5,1718808914
u1655,i205,3,1718809294
u0007,i383,5,1718809864
u1840,i547,5,1718810501
u1282,i193,3,1718810516
u1387,i023,5,1718811105
u1918,i337,5,1718811247
u0816,i568,5,1718811439
u1900,i060,5,1718811601
u1807,i301,2,1718812030
u0412,i363,3,1718812151
u1020,i529,5,1718812867
u0157,i290,4,1718813076
u1876,i357,4,1718813223
u1058,i495,4,1718813682
u0606,i261,3,1718813749
u1493,i492,2,1718813869
u1624,i289,4,1718813925
u0344,i118,4,1718814122
u0466,i333,1,1718814791
u0396,i568,5,1718815384
u1425,i243,3,1718815409
u0114,i062,1,1718815595
u1935,i398,5,1718815679
u0518,i489,3,1718816475
u0877,i493,2,1718816938
u1686,i372,5,1718817134
u1232,i309,1,1718817685
u1728,i116,4,1718819433
u0137,i127,2,1718819729
u1628,i054,4,1718820409
u1856,i201,2,1718820614
u1869,i353,5,1718820864
u1162,i410,5,1718821703
u0927,i582,5,1718822775
u1724,i565,5,1718824203
u0857,i010,4,1718824350
u0278,i333,1,1718824516
u0399,i333,3,1718824582
u1500,i315,5,1718824859
u1031,i504,3,1718824879
u1698,i420,5,1718825453
u1227,i324,4,1718826224
u1058,i072,5,1718828461
u0579,i256,4,1718828895
u0690,i047,4,1718829437
u1143,i357,2,1718829684
u0228,i399,5,1718830755
u1828,i108,5,1718830998
u0652,i130,4,1718832289
u1785,i084,3,1718832399
u0649,i333,2,1718833111
u1559,i526,5,1718833372
u1662,i370,4,1718833418
u1528,i482,4,1718833932
u1741,i268,4,1718834095
u1860,i486,5,1718834407
u0603,i286,4,1718834532
u1540,i273,4,1718834782
u1757,i117,1,1718835519
u0629,i104,5,1718837245
u0677,i209,5,1718837549
u1045,i185,5,1718837985
u1838,i330,5,1718837997
u0490,i077,4,1718838753
u1408,i187,4,1718838950
u0861,i048,4,1718839238
u0811,i363,1,1718839279
u1045,i334,4,1718839334
u0490,i441,1,1718839376
u1918,i143,4,1718839470
u0847,i129,5,1718839538
u0736,i428,4,1718839553
u0432,i217,5,1718839813
u0832,i429,3,1718840513
u1412,i120,4,1718841354
u0155,i409,4,1718841378
u0286,i117,5,1718842435
u0422,i230,2,1718843067
u1105,i025,5,1718844780
u1188,i013,5,1718845839
u1857,i446,2,1718845869
u0769,i295,4,1718846155
u0833,i333,4,1718847572
u1853,i054,3,1718848211
u0949,i299,5,1718848533
u0255,i508,5,1718849873
u0846,i344,1,1718849928
u1805,i077,5,1718850557
u1151,i207,4,1718850771
u0111,i334,5,1718851079
u0360,i172,5,1718851472
u0213,i200,4,1718851992
u1975,i333,2,1718852152
u1146,i593,5,1718852891
u0176,i292,1,1718853056
u0503,i497,5,1718853964
u0646,i113,3,1718853971
u0364,i104,4,1718854079
u1477,i233,4,1718855141
u0671,i002,5,1718855374
u0237,i376,4,1718855698
u0717,i128,4,1718855834
u0664,i243,2,1718855886
u0584,i113,3,1718855932
u0877,i334,1,1718856333
u1847,i013,4,1718856452
u0324,i377,5,1718857125
u1294,i584,4,1718857949
u1785,i566,3,1718858512
u1556,i117,1,1718859405
u0681,i187,5,1718859627
u0113,i323,5,1718860582
u0263,i140,5,1718860934
u0303,i414,5,1718860968
u0447,i537,5,1718861232
u1138,i361,3,1718861697
u1273,i013,5,1718862080
u0469,i016,5,1718862155
u0509,i355,4,1718862279
u1651,i447,5,1718862538
u0605,i286,3,1718862781
u0133,i428,4,1718862801
u0503,i268,1,1718862905
u0978,i111,4,1718863202
u1977,i352,4,1718864045
u0912,i519,4,1718864474
u0497,i234,1,1718865003
u0409,i418,4,1718865201
u0801,i597,1,1718865409
u1917,i278,4,1718865460
u0929,i069,5,1718865625
u1534,i154,5,1718865810
u0517,i526,5,1718865874
u1517,i410,5,1718865967
u1912,i535,5,1718867054
u0283,i349,5,1718867202
u1445,i320,5,1718867440
u1496,i467,5,1718867486
u0326,i394,4,1718867543
u0727,i268,3,1718867548
u0406,i378,5,1718868078
u1669,i453,5,1718868491
u1383,i461,5,1718869508
u1494,i113,5,1718869653
u0505,i182,4,1718870964
u1790,i495,4,1718871056
u0873,i364,5,1718871400
u1832,i163,2,1718872251
u0224,i243,3,1718872356
u1261,i472,2,1718873129
u1595,i106,4,1718873407
u1958,i595,5,1718873639
u0567,i356,4,1718874823
u0845,i357,4,1718874994
u1649,i195,4,1718876269
u1090,i062,3,1718876342
u0233,i417,3,1718876347
u1217,i048,4,1718876826
u0652,i268,3,1718877753
u1530,i324,4,1718878323
u0176,i147,5,1718878690
u0600,i313,4,1718879594
u0170,i110,5,1718879676
u0410,i422,5,1718880021
u1842,i311,5,1718880068
u0244,i324,4,1718880382
u0555,i377,4,1718880768
u0329,i143,2,1718880850
u0708,i165,4,1718881572
u0070,i341,5,1718882497
u0041,i361,3,1718885115
u0931,i472,4,1718885629
u1314,i226,4,1718885952
u1312,i361,5,1718886192
u1362,i470,4,1718886237
u1064,i519,1,1718886407
u1537,i440,5,1718886634
u1309,i580,3,1718886953
u0441,i500,5,1718886993
u0878,i031,5,1718888270
u0238,i132,4,1718888424
u1466,i461,4,1718888434
u0064,i231,4,1718890091
u0031,i428,4,1718890280
u0469,i256,1,1718890658
u0059,i291,2,1718891962
u1258,i568,4,1718892425
u1954,i371,5,1718892438
u0409,i292,5,1718893622
u0754,i140,4,1718893988
u0722,i291,4,1718894673
u1059,i363,1,1718894752
u0725,i378,4,1718895000
u1809,i462,4,1718895902
u1653,i243,1,1718895949
u1216,i324,5,1718896086
u1735,i022,4,1718896309
u0507,i301,4,1718897110
u1148,i524,4,1718897668
u1769,i115,4,1718898171
u0264,i274,4,1718898502
u1700,i448,5,1718899697
u1691,i569,4,1718899934
u0687,i116,3,1718900239
u0825,i303,5,1718900899
u0844,i116,4,1718901310
u1932,i046,5,1718901584
u1523,i250,4,1718901695
u1535,i093,4,1718903242
u1803,i526,4,1718903268
u0692,i323,1,1718903376
u0957,i217,5,1718904891
u1556,i187,5,1718905359
u0716,i155,1,1718905893
u0569,i169,4,1718905957
u1522,i040,3,1718907082
u1919,i168,3,1718907191
u0258,i099,5,1718907941
u1294,i292,5,1718908275
u1940,i046,4,1718908798
u1864,i506,1,1718911467
u0996,i291,5,1718911933
u1192,i437,5,1718911988
u1444,i274,2,1718912374
u0355,i523,5,1718912460
u0324,i424,3,1718913087
u0613,i342,4,1718913594
u1589,i209,4,1718913794
u0847,i244,5,1718913831
u1425,i507,5,1718913863
u0414,i486,4,1718913938
u1669,i357,4,1718914109
u1151,i108,4,1718914329
u0283,i428,2,1718915450
u0384,i545,4,1718915584
u0832,i425,2,1718915768
u0061,i448,4,1718916600
u0806,i141,4,1718916950
u0598,i256,5,1718917238
u0392,i113,4,1718918578
u0228,i032,5,1718918617
u1266,i219,4,1718919533
u0955,i233,5,1718919954
u0660,i380,2,1718920240
u0846,i333,4,1718920679
u1242,i089,4,1718921099
u0322,i486,5,1718921431
u0959,i196,4,1718921618
u0295,i352,4,1718921736
u0917,i425,5,1718922356
u0382,i361,4,1718922558
u1642,i048,2,1718923474
u0579,i066,4,1718923936
u0820,i233,5,1718924569
u1303,i341,5,1718925066
u1079,i361,4,1718925392
u0649,i133,5,1718925644
u1498,i277,5,1718925804
u0480,i550,5,1718926091
u0725,i334,2,1718926130
u0494,i097,4,1718926726
u1021,i275,5,1718928240
u1869,i465,4,1718928709
u0897,i333,1,1718929224
u0888,i572,5,1718929273
u0154,i194,5,1718929656
u1474,i364,4,1718930190
u0819,i041,4,1718930624
u1585,i205,5,1718931286
u0781,i084,5,1718931755
u1819,i337,4,1718932200
u0929,i106,4,1718933624
u0995,i140,3,1718933723
u1777,i585,5,1718933885
u0205,i414,4,1718934402
u0058,i233,1,1718934630
u0102,i040,5,1718934924
u1158,i341,4,1718937505
u0797,i243,3,1718937542
u1974,i361,1,1718938004
u0570,i332,5,1718938657
u0467,i194,5,1718939014
u0642,i467,4,1718939238
u1284,i340,5,1718939449
u1129,i533,5,1718939572
u0661,i237,4,1718939968
u0824,i268,5,1718939969
u1434,i570,4,1718940271
u1795,i084,4,1718940652
u0822,i449,5,1718940941
u0350,i337,4,1718941660
u0512,i099,4,1718941696
u0483,i107,5,1718941774
u1036,i207,4,1718942915
u0262,i227,5,1718943164
u0575,i364,4,1718943509
u1877,i572,5,1718943570
u0212,i334,4,1718944147
u1982,i407,5,1718944412
u0506,i268,3,1718944838
u1954,i135,5,1718945160
u0643,i432,5,1718945696
u0116,i198,5,1718945756
u0241,i330,4,1718945947
u1757,i417,5,1718945971
u1395,i480,5,1718946990
u0283,i553,5,1718947037
u0105,i478,4,1718947262
u1282,i243,1,1718947562
u1111,i055,5,1718948108
u0217,i041,5,1718948213
u1925,i334,3,1718948301
u0937,i149,5,1718948321
u0132,i166,5,1718948458
u1242,i127,3,1718948760
u1126,i363,4,1718949069
u0597,i357,5,1718949382
u0738,i285,4,1718949477
u0528,i565,4,1718949685
u0886,i354,4,1718950327
u0459,i463,5,1718951675
u0723,i119,4,1718952212
u0354,i045,4,1718952937
u1376,i098,4,1718953026
u0671,i564,4,1718953205
u0738,i414,5,1718953490
u1217,i014,4,1718953659
u0030,i335,5,1718953943
u1975,i363,1,1718954360
u0133,i084,5,1718954384
u1194,i140,3,1718954477
u1775,i539,5,1718954755
u1084,i243,4,1718954805
u0229,i507,2,1718957757
u0640,i047,5,1718957781
u0449,i379,1,1718957848
u0847,i092,4,1718958210
u1161,i530,5,1718959089
u1094,i358,5,1718959270
u1808,i194,1,1718959848
u1038,i448,5,1718959972
u0273,i050,3,1718960079
u1138,i568,2,1718960416
u0294,i229,5,1718960727
u0856,i321,5,1718961391
u1537,i363,5,1718961510
u1782,i397,4,1718961767
u1296,i197,4,1718963212
u0761,i460,5,1718963450
u0685,i194,5,1718965501
u1026,i237,2,1718965509
u1270,i006,5,1718965639
u0964,i529,4,1718966119
u1032,i072,5,1718966684
u0754,i268,5,1718966745
u0554,i339,4,1718966767
u1923,i092,5,1718967539
u1880,i526,5,1718968923
u0360,i097,4,1718970043
u0970,i337,1,1718970484
u1353,i126,5,1718970589
u0982,i084,5,1718972551
u0893,i564,5,1718972973
u1095,i217,4,1718974658
u0554,i456,5,1718974717
u0980,i052,3,1718974873
u0796,i377,4,1718975842
u1978,i106,5,1718977063
u1838,i291,4,1718977349
u1226,i541,4,1718977860
u1689,i290,3,1718977879
u0889,i501,2,1718978210
u0953,i243,2,1718978581
u1021,i490,4,1718978760
u1044,i349,4,1718979022
u0556,i420,4,1718979058
u0757,i256,4,1718979076
u0789,i243,2,1718979977
u1399,i136,5,1718980006
u0647,i277,5,1718980899
u1666,i004,5,1718980968
u1169,i022,4,1718981152
u1393,i507,5,1718981640
u1017,i225,4,1718982245
u1236,i096,4,1718982659
u1790,i234,5,1718982769
u0039,i362,4,1718983286
u0698,i234,5,1718983488
u0086,i150,5,1718984067
u0007,i116,5,1718984887
u0357,i106,5,1718985046
u1550,i334,5,1718985320
u1787,i048,5,1718985569
u0985,i204,4,1718985989
u0550,i291,2,1718986611
u1473,i333,5,1718988081
u0055,i075,4,1718988567
u0469,i572,2,1718989211
u0701,i507,4,1718989589
u1337,i352,5,1718989795
u0516,i344,4,1718990614
u0756,i344,4,1718990996
u1132,i340,4,1718991682
u1890,i588,5,1718991866
u1290,i255,5,1718992322
u0372,i554,4,1718993199
u1390,i124,4,1718993937
u1469,i060,4,1718994011
u1369,i145,5,1718994025
u0057,i586,5,1718994039
u0540,i565,5,1718995144
u0936,i156,5,1718995164
u1685,i062,2,1718995320
u1487,i324,5,1718996553
u0999,i595,4,1718996757
u0603,i397,4,1718997526
u1043,i265,5,1718998447
u0097,i580,5,1718998627
u0819,i522,4,1718998921
u1785,i447,5,1718999322
u0460,i340,1,1718999890
u1263,i037,4,1719000068
u1138,i473,5,1719000160
u1015,i488,2,1719000448
u1920,i553,5,1719000686
u1864,i498,5,1719000904
u0479,i484,5,1719001966
u0216,i092,4,1719003355
u0929,i036,5,1719003451
u0598,i548,2,1719003509
u1462,i030,5,1719004068
u1638,i143,5,1719004170
u0200,i584,4,1719004808
u1266,i564,2,1719005118
u0677,i417,4,1719005299
u0022,i541,4,1719005428
u1982,i428,4,1719006262
u0074,i580,3,1719006630
u1840,i026,5,1719006677
u0030,i091,5,1719007036
u0671,i427,4,1719008361
u0790,i514,5,1719008396
u0784,i230,4,1719008774
u0003,i178,4,1719008778
u1369,i417,5,1719009331
u0535,i399,4,1719009737
u0770,i219,5,1719009778
u1467,i268,1,1719010137
u0942,i237,5,1719010512
u0555,i201,2,1719010640
u0251,i205,5,1719011150
u0802,i480,5,1719011316
u0617,i397,4,1719012205
u0364,i181,4,1719012401
u0880,i145,5,1719012642
u1715,i268,4,1719013437
u1495,i472,5,1719013830
u0798,i319,5,1719013911
u1755,i390,4,1719013954
u0449,i545,5,1719014025
u0380,i334,4,1719015154
u0151,i568,5,1719015458
u0732,i371,4,1719016213
u0731,i518,5,1719016932
u0528,i291,1,1719017266
u1777,i236,4,1719017726
u1789,i230,4,1719017765
u0695,i538,2,1719017806
u1203,i243,1,1719019065
u1253,i527,5,1719019448
u1247,i595,5,1719020843
u1121,i156,5,1719021737
u1794,i339,4,1719022828
u0549,i189,4,1719023089
u1627,i177,2,1719024700
u1229,i597,4,1719025156
u0170,i507,4,1719025235
u0383,i183,5,1719027814
u0024,i394,3,1719028341
u0504,i461,1,1719029653
u0428,i020,5,1719029747
u1064,i136,5,1719030355
u0619,i448,4,1719030425
u0800,i117,4,1719030636
u1297,i034,2,1719031167
u1866,i341,5,1719031601
u1965,i220,4,1719032861
u0360,i526,4,1719032937
u0006,i101,5,1719032939
u0067,i424,5,1719033745
u0941,i232,5,1719034464
u1735,i501,4,1719034681
u0771,i424,4,1719034753
u0404,i268,4,1719036012
u0504,i244,1,1719036029
u0010,i256,4,1719036980
u0923,i035,5,1719037335
u0028,i234,4,1719037986
u0221,i008,5,1719038185
u0845,i343,4,1719038278
u0292,i443,3,1719038401
u0805,i391,4,1719038466
u0167,i333,2,1719038575
u0930,i333,1,1719039020
u0441,i562,5,1719039571
u1128,i542,5,1719040070
u1199,i509,5,1719041265
u1847,i090,4,1719041281
u1371,i332,2,1719042249
u1893,i165,2,1719042437
u1126,i243,3,1719043782
u1645,i106,4,1719043853
u1397,i357,5,1719044364
u1770,i125,2,1719044671
u1761,i291,1,1719045695
u1562,i572,4,1719048172
u0170,i167,4,1719048728
u1832,i385,5,1719048941
u0681,i490,5,1719049600
u0223,i286,5,1719049684
u1013,i564,2,1719049770
u0544,i118,4,1719050919
u1551,i134,4,1719051434
u0905,i292,2,1719052250
u0785,i191,4,1719052745
u0814,i092,4,1719052934
u0750,i566,5,1719052969
u1923,i237,4,1719053018
u0686,i377,5,1719053948
u0840,i013,5,1719055015
u0882,i507,4,1719055504
u1689,i061,4,1719055607
u1110,i015,5,1719055872
u1824,i586,5,1719055980
u0127,i331,4,1719056547
u0321,i227,2,1719058214
u0531,i117,5,1719058477
u0162,i551,4,1719059169
u0162,i069,4,1719061527
u1258,i254,4,1719062062
u0567,i082,5,1719062591
u0103,i182,1,1719062872
u1203,i372,5,1719064050
u1691,i413,5,1719064472
u1011,i109,4,1719067196
u1045,i125,1,1719068109
u0904,i506,4,1719068407
u0813,i407,5,1719068622
u1367,i356,3,1719069044
u1813,i322,5,1719069540
u0544,i351,5,1719070228
u1057,i141,4,1719070941
u0396,i397,5,1719072222
u0462,i347,4,1719072489
u0556,i220,4,1719072585
u0555,i228,5,1719072628
u1392,i291,4,1719072674
u0473,i286,5,1719073148
u0355,i417,5,1719073475
u1383,i431,5,1719074061
u1029,i219,5,1719074246
u0994,i564,4,1719075466
u0640,i065,4,1719075793
u1436,i382,3,1719076405
u1615,i268,4,1719076423
u1981,i206,4,1719077604
u0321,i596,4,1719078999
u0124,i285,3,1719079027
u1978,i516,3,1719079092
u1160,i256,4,1719079322
u0631,i243,5,1719080213
u0936,i039,5,1719080249
u0550,i161,4,1719080509
u1981,i363,2,1719081019
u1015,i364,4,1719081891
u1584,i113,2,1719082746
u1810,i469,4,1719082854
u0679,i504,5,1719083832
u0542,i243,5,1719083966
u0581,i333,4,1719084504
u0512,i398,4,1719084615
u0039,i023,3,1719085538
u1228,i150,1,1719085641
u0331,i583,4,1719085828
u0050,i113,5,1719086927
u0745,i519,5,1719087267
u1877,i526,3,1719088306
u0499,i137,4,1719088326
u1683,i584,3,1719088839
u0691,i293,4,1719089111
u0271,i313,5,1719089918
u1940,i419,5,1719090087
u0998,i322,4,1719090428
u0282,i580,4,1719090854
u1935,i401,4,1719090978
u1209,i387,4,1719091150
u1238,i455,4,1719091231
u0691,i375,5,1719091995
u1125,i009,5,1719092274
u1924,i526,1,1719092431
u0388,i364,3,1719092512
u0334,i372,2,1719092631
u0530,i200,5,1719093261
u1988,i291,1,1719094448
u0628,i285,4,1719094579
u0256,i364,5,1719094711
u1164,i397,4,1719094822
u1025,i113,5,1719094854
u1658,i002,5,1719095250
u0255,i493,4,1719095389
u1080,i162,5,1719095474
u0411,i343,5,1719095837
u1138,i364,5,1719097321
u1573,i334,5,1719097659
u1217,i027,5,1719097726
u1744,i119,4,1719098725
u1161,i561,5,1719099077
u1990,i526,5,1719100815
u0885,i499,4,1719101020
u0889,i297,4,1719102007
u0781,i318,5,1719102337
u1262,i361,5,1719102458
u1740,i559,4,1719103006
u1306,i292,1,1719103016
u0998,i045,3,1719103564
u0713,i108,4,1719104979
u0217,i317,4,1719105134
u0248,i568,5,1719105481
u0764,i243,5,1719105482
u1870,i249,2,1719105934
u0526,i207,5,1719106113
u1867,i227,5,1719106886
u0062,i007,4,1719107114
u1396,i244,4,1719108538
u1270,i118,2,1719108565
u0039,i210,5,1719109762
u1680,i387,5,1719110235
u1568,i255,5,1719110312
u1468,i417,5,1719110447
u1139,i291,5,1719110618
u0005,i566,4,1719110845
u0967,i399,2,1719111240
u0502,i364,5,1719111407
u0284,i012,4,1719111606
u0705,i337,4,1719111872
u0517,i268,1,1719112407
u0193,i274,4,1719112593
u1352,i135,1,1719113280
u0695,i470,4,1719113779
u1116,i097,1,1719113835
u1638,i268,2,1719114328
u1904,i568,4,1719114408
u1586,i436,4,1719114541
u1839,i326,4,1719114719
u1719,i417,4,1719115407
u0995,i508,5,1719115918
u0299,i363,2,1719117273
u0976,i169,3,1719117801
u1490,i243,5,1719117825
u1214,i243,3,1719118259
u1787,i177,4,1719119031
u0194,i582,5,1719119081
u1866,i217,3,1719119205
u1593,i534,5,1719119678
u0053,i237,5,1719120351
u1840,i117,5,1719121405
u0470,i447,4,1719123340
u1519,i388,4,1719123502
u0942,i188,5,1719123806
u0424,i268,3,1719123996
u0796,i550,5,1719124708
u0477,i082,1,1719124810
u1455,i146,2,1719124950
u0162,i564,5,1719125035
u0945,i585,1,1719125178
u1141,i419,5,1719125637
u0009,i290,1,1719127161
u0487,i243,2,1719127180
u0398,i013,5,1719127364
u1251,i434,4,1719127486
u0632,i409,5,1719127871
u1919,i233,4,1719128286
u0558,i074,4,1719129021
u0176,i345,5,1719129229
u0688,i152,5,1719129816
u0518,i363,5,1719130325
u0650,i580,5,1719130577
u1280,i237,4,1719130970
u0756,i434,4,1719131317
u0096,i568,1,1719131349
u0695,i025,5,1719134879
u1663,i055,5,1719136900
u1973,i106,5,1719137320
u1273,i411,4,1719137793
u1727,i259,3,1719137995
u0941,i304,4,1719138109
u0938,i437,5,1719140752
u0908,i170,4,1719140782
u1840,i480,4,1719141264
u0820,i457,4,1719141625
u1652,i421,1,1719142041
u1378,i560,5,1719142548
u0515,i549,5,1719143527
u0147,i548,5,1719144054
u0529,i097,3,1719145881
u1653,i389,5,1719146211
u1707,i357,4,1719146343
u0254,i363,2,1719146483
u1372,i332,3,1719146680
u1660,i340,4,1719146874
u0633,i024,5,1719147045
u0514,i564,5,1719147092
u0053,i381,2,1719147489
u1345,i193,4,1719147590
u0435,i582,5,1719147622
u1939,i146,5,1719149728
u0009,i098,3,1719150582
u1089,i472,5,1719150603
u0373,i074,4,1719150798
u0864,i008,2,1719150829
u1770,i152,5,1719151865
u0116,i454,3,1719151963
u1848,i113,5,1719152011
u0491,i572,5,1719152281
u0593,i022,5,1719153129
u1912,i423,4,1719153164
u1934,i551,4,1719153724
u0978,i292,2,1719153788
u1314,i334,4,1719153816
u1411,i106,5,1719153865
u1966,i470,2,1719154053
u0688,i334,4,1719156772
u0789,i322,5,1719157480
u0869,i419,4,1719157519
u1300,i526,4,1719157870
u1674,i575,5,1719157961
u0364,i529,3,1719158265
u1648,i193,5,1719158320
u1051,i223,5,1719158464
u0165,i152,5,1719159982
u1224,i048,3,1719160597
u1394,i090,4,1719160974
u1716,i093,4,1719161154
u1792,i100,5,1719162050
u0643,i123,5,1719162236
u1300,i031,4,1719162718
u1000,i051,5,1719163566
u1427,i451,5,1719163676
u0319,i535,5,1719164768
u1449,i516,3,1719164795
u0121,i562,5,1719166574
u1220,i134,5,1719167710
u1815,i425,5,1719167720
u1700,i022,4,1719168053
u1257,i038,4,1719168636
u0624,i331,4,1719168902
u0753,i550,5,1719169269
u1900,i538,3,1719170074
u1363,i075,4,1719170174
u0728,i227,5,1719171696
u0836,i425,3,1719171995
u0341,i223,3,1719172178
u0251,i320,5,1719173170
u0558,i144,4,1719173452
u0761,i519,4,1719173547
u0780,i117,1,1719174632
u0942,i274,3,1719174856
u1177,i419,4,1719174883
u1529,i367,5,1719174895
u1285,i291,5,1719175147
u1609,i521,4,1719175298
u0408,i357,2,1719176571
u0250,i227,4,1719178433
u0434,i483,4,1719179135
u1899,i344,5,1719179295
u0604,i460,4,1719179419
u1125,i421,4,1719180141
u1770,i062,5,1719181269
u1672,i352,1,1719181509
u0726,i298,4,1719182397
u1221,i564,4,1719182947
u1522,i091,4,1719183213
u1322,i264,4,1719183222
u0537,i334,2,1719183263
u0905,i490,4,1719183825
u1777,i355,5,1719184731
u0184,i118,5,1719185139
u1956,i217,5,1719185252
u1220,i054,5,1719185697
u1405,i081,4,1719186398
u1994,i140,5,1719186560
u0814,i402,4,1719188256
u1476,i291,2,1719188538
u0352,i303,4,1719189009
u1530,i559,4,1719189790
u0851,i019,5,1719190238
u1851,i084,4,1719191423
u0766,i291,4,1719191498
u1500,i122,4,1719191667
u0011,i089,5,1719191680
u1729,i062,4,1719191827
u1384,i268,1,1719191913
u0424,i244,3,1719192115
u1908,i337,5,1719192624
u0563,i333,4,1719192653
u0748,i034,4,1719193038
u1807,i349,4,1719193333
u1694,i124,5,1719193678
u0292,i497,5,1719194023
u1888,i202,5,1719194966
u1443,i454,4,1719195233
u1808,i464,5,1719195490
u0208,i525,4,1719196416
u0415,i040,4,1719196607
u1158,i342,1,1719197604
u1565,i413,5,1719197882
u0920,i054,4,1719199817
u0589,i130,3,1719200230
u1158,i334,4,1719201382
u1338,i129,4,1719201610
u1470,i275,5,1719202432
u1252,i550,5,1719203562
u1909,i450,3,1719203972
u0458,i448,4,1719204828
u1345,i425,4,1719204837
u0425,i376,4,1719205765
u0461,i549,4,1719205851
u1605,i428,3,1719206222
u1146,i223,4,1719206485
u1176,i194,2,1719207270
u0997,i286,5,1719207619
u0176,i100,5,1719208635
u1768,i032,4,1719208749
u0148,i098,2,1719209231
u0692,i350,4,1719209322
u0703,i529,5,1719209936
u0239,i073,5,1719209938
u0917,i565,4,1719210441
u0664,i587,2,1719210904
u0297,i443,2,1719210973
u1782,i361,4,1719211119
u1233,i376,5,1719211136
u0425,i417,1,1719211747
u1892,i117,3,1719211875
u0660,i049,4,1719211910
u0978,i315,2,1719213029
u1231,i377,5,1719213334
u1215,i113,4,1719214706
u0618,i243,1,1719214903
u0213,i217,2,1719215351
u0318,i216,5,1719216214
u1374,i377,3,1719216221
u0981,i009,4,1719217925
u0350,i377,4,1719218034
u0570,i102,1,1719218916
u1925,i548,1,1719219230
u1224,i529,4,1719219484
u1923,i549,4,1719219801
u1714,i461,4,1719220148
u1063,i313,4,1719221237
u1534,i298,4,1719221514
u0040,i046,2,1719221541
u0884,i247,4,1719221690
u1898,i119,4,1719222379
u0882,i250,4,1719222388
u0921,i086,4,1719222741
u1950,i266,4,1719222987
u1402,i221,5,1719223042
u1063,i352,1,1719224304
u0700,i227,5,1719224476
u0224,i140,5,1719224487
u1777,i569,4,1719225407
u1009,i211,5,1719226744
u0837,i408,3,1719227212
u1395,i593,4,1719227527
u0430,i585,5,1719228343
u1023,i416,4,1719229090
u1378,i203,1,1719229203
u1944,i247,4,1719229683
u1089,i599,5,1719230282
u1321,i550,1,1719230373
u0771,i571,5,1719230518
u1154,i004,5,1719230659
u0852,i055,5,1719230980
u1870,i273,5,1719231190
u0023,i586,4,1719231224
u0360,i032,4,1719232070
u1890,i053,1,1719232433
u0650,i116,5,1719232513
u1039,i096,5,1719233493
u1082,i588,2,1719235239
u1917,i117,5,1719235929
u1426,i515,3,1719236575
u1556,i230,4,1719236603
u0441,i483,4,1719236787
u0649,i529,3,1719236795
u0057,i351,5,1719237014
u0152,i145,1,1719237495
u0885,i226,5,1719237806
u1759,i268,4,1719238231
u0391,i450,5,1719238541
u0266,i526,5,1719238961
u0681,i580,5,1719239247
u0494,i116,4,1719240276
u1229,i243,2,1719240502
u0121,i550,4,1719240984
u0040,i447,4,1719241268
u0446,i359,4,1719242956
u0564,i243,2,1719243124
u0490,i340,5,1719243258
u0647,i405,5,1719243494
u0876,i291,4,1719243913
u0249,i529,4,1719244698
u0574,i032,5,1719245075
u0874,i155,5,1719245361
u1344,i150,4,1719245780
u1355,i487,5,1719246424
u0562,i187,5,1719246793
u0113,i082,5,1719247434
u1476,i049,5,1719248768
u0217,i143,2,1719249259
u0835,i015,2,1719250271
u0864,i407,4,1719250822
u0988,i128,3,1719251057
u0907,i463,4,1719252012
u1962,i470,5,1719252133
u0125,i568,3,1719252421
u1743,i355,1,1719253968
u0881,i364,1,1719254143
u0134,i160,3,1719254511
u0873,i088,4,1719255358
u1934,i281,4,1719255651
u0697,i054,5,1719256777
u1632,i328,3,1719257948
u0364,i293,5,1719258003
u1799,i021,5,1719258027
u0376,i035,5,1719258272
u0901,i378,5,1719258463
u0471,i468,1,1719258574
u1308,i441,4,1719259223
u0020,i363,5,1719259463
u0781,i381,5,1719259737
u1208,i005,5,1719260538
u0825,i173,1,1719261231
u1952,i582,5,1719261574
u0020,i150,5,1719261971
u1552,i362,5,1719262330
u0281,i115,4,1719262616
u0427,i202,5,1719263524
u1178,i364,5,1719263739
u1304,i381,4,1719264285
u0953,i103,5,1719264434
u1892,i234,3,1719264573
u0914,i473,1,1719264646
u0023,i114,4,1719264786
u0219,i529,1,1719264963
u0240,i191,5,1719266295
u1210,i371,4,1719266568
u0348,i533,2,1719266774
u1165,i393,4,1719266790
u1575,i386,5,1719266873
u1790,i204,5,1719267117
u0692,i091,5,1719267207
u1937,i272,5,1719267585
u0815,i155,5,1719268508
u1748,i268,3,1719269392
u0702,i291,2,1719270383
u1301,i243,1,1719270464
u1072,i417,1,1719271202
u0509,i440,4,1719271937
u0004,i550,5,1719272350
u0419,i178,5,1719272412
u1720,i318,5,1719272681
u1576,i562,5,1719273035
u1123,i504,5,1719273417
u1826,i101,2,1719273665
u0055,i262,3,1719274295
u1474,i453,4,1719275099
u1064,i226,5,1719275484
u1101,i237,4,1719275923
u1824,i092,4,1719276116
u1971,i568,5,1719276673
u1907,i140,4,1719276911
u0184,i237,5,1719277203
u1547,i076,4,1719278012
u1930,i588,3,1719280440
u1331,i013,4,1719280535
u1957,i243,3,1719280898
u0017,i216,4,1719282006
u0257,i407,5,1719282709
u1191,i266,3,1719282911
u0743,i243,3,1719283317
u0586,i268,3,1719284542
u0590,i237,5,1719284641
u1534,i275,4,1719285205
u0112,i529,4,1719285307
u0659,i034,4,1719285616
u0661,i118,4,1719286229
u1358,i177,4,1719286413
u1881,i361,5,1719287424
u1492,i575,4,1719287658
u0143,i012,5,1719289034
u0377,i078,4,1719289247
u1342,i565,1,1719289856
u0033,i461,5,1719290063
u0254,i568,1,1719291097
u0390,i356,4,1719291099
u0934,i259,5,1719291175
u0781,i482,4,1719291313
u0694,i566,5,1719291497
u0633,i194,5,1719291555
u1181,i233,2,1719291816
u0163,i268,3,1719291998
u0087,i529,5,1719292868
u1340,i314,2,1719293427
u0968,i268,2,1719294485
u1381,i409,4,1719294672
u0634,i372,4,1719295670
u1951,i504,3,1719295880
u0140,i381,5,1719296498
u0832,i106,5,1719297313
u0165,i499,5,1719297815
u0428,i557,5,1719298475
u0408,i097,4,1719298488
u1964,i115,5,1719299798
u0799,i372,3,1719299872
u0698,i328,5,1719300353
u1718,i268,5,1719301374
u1366,i254,5,1719301712
u1881,i291,5,1719302557
u1130,i023,5,1719302703
u1322,i568,5,1719302961
u1459,i419,5,1719303125
u1329,i113,5,1719303147
u1629,i105,5,1719303925
u1898,i297,4,1719304324
u0395,i566,5,1719304327
u1446,i111,1,1719306710
u0194,i479,5,1719307347
u1155,i415,4,1719307486
u0998,i356,2,1719307607
u1479,i568,4,1719308151
u1248,i266,5,1719309259
u0534,i134,4,1719309363
u0692,i089,4,1719309817
u0291,i410,5,1719310077
u1775,i015,4,1719310143
u1785,i106,4,1719310262
u1289,i508,4,1719310958
u1529,i076,5,1719311365
u0137,i535,2,1719311577
u0668,i578,4,1719311664
u1532,i352,5,1719311830
u1936,i529,3,1719312374
u1234,i243,3,1719312416
u1257,i514,5,1719313339
u1744,i396,4,1719313629
u1818,i371,5,1719313869
u0298,i062,2,1719315171
u1349,i521,5,1719315303
u1948,i120,5,1719315907
u1762,i254,5,1719315968
u0133,i381,4,1719316867
u1342,i419,2,1719317101
u1198,i263,5,1719317137
u0051,i013,4,1719317659
u1430,i188,5,1719318539
u1331,i454,4,1719318903
u0405,i333,2,1719319147
u1269,i393,4,1719319977
u0082,i415,4,1719319990
u0313,i261,5,1719320105
u0846,i095,4,1719320186
u1146,i254,4,1719321028
u0106,i322,4,1719321226
u0567,i310,4,1719321890
u1681,i429,3,1719323167
u1026,i362,4,1719323364
u0450,i440,2,1719323530
u0376,i340,4,1719324583
u0882,i384,5,1719324985
u1823,i485,4,1719325369
u1968,i432,4,1719325428
u0459,i316,5,1719325884
u0277,i243,3,1719327020
u1937,i274,5,1719327372
u1368,i058,5,1719327845
u1849,i094,4,1719327919
u0080,i243,3,1719328325
u0761,i026,1,1719328425
u0022,i575,4,1719329124
u1257,i461,4,1719329262
u0820,i538,4,1719330884
u0418,i333,1,1719331504
u1318,i448,2,1719332378
u0863,i103,4,1719332602
u1384,i118,5,1719332699
u0782,i122,4,1719333585
u1828,i029,4,1719333979
u1506,i230,5,1719334006
u1232,i480,4,1719334304
u1301,i268,5,1719335636
u1930,i419,5,1719335940
u1993,i191,1,1719336251
u0129,i241,2,1719337790
u1842,i086,5,1719338146
u0846,i116,4,1719339426
u0263,i212,4,1719339837
u1869,i265,3,1719339892
u1444,i243,4,1719340138
u1824,i289,5,1719340234
u0630,i211,5,1719340422
u1878,i378,5,1719340453
u1143,i252,3,1719340988
u0157,i507,2,1719341086
u0544,i038,1,1719341703
u0438,i233,5,1719342096
u1915,i247,5,1719342164
u0139,i371,4,1719342437
u0541,i568,1,1719342514
u1791,i032,1,1719342603
u0432,i562,4,1719343007
u1897,i243,1,1719343360
u0034,i277,5,1719343445
u1588,i352,2,1719344726
u1049,i275,4,1719345368
u0339,i274,4,1719346359
u0379,i268,5,1719346560
u1235,i357,5,1719346783
u1130,i342,1,1719346932
u1663,i048,1,1719347180
u0388,i359,4,1719347295
u0562,i420,5,1719347371
u1438,i177,5,1719347719
u0310,i048,4,1719347993
u1547,i031,4,1719348427
u1847,i135,5,1719348692
u0854,i243,3,1719350492
u0726,i573,2,1719350631
u0755,i470,1,1719351020
u1742,i474,5,1719351209
u0294,i425,4,1719352233
u1639,i572,4,1719352619
u1954,i022,3,1719352780
u0876,i507,1,1719352782
u0741,i296,5,1719352829
u0655,i363,2,1719353341
u0194,i117,4,1719353388
u0946,i564,5,1719353659
u0565,i385,5,1719353709
u0431,i449,2,1719353723
u1866,i549,5,1719353755
u0769,i205,5,1719353867
u0004,i060,4,1719354702
u1323,i013,5,1719355370
u1349,i565,5,1719355434
u1208,i387,1,1719355761
u0044,i067,4,1719355763
u1474,i048,2,1719356719
u0059,i219,4,1719356919
u0310,i271,4,1719356989
u0920,i417,5,1719357326
u1225,i131,4,1719358026
u0344,i466,4,1719358836
u1558,i089,2,1719359071
u1169,i255,5,1719359162
u0718,i241,5,1719359948
u1001,i089,1,1719360139
u1654,i221,4,1719361006
u1854,i463,4,1719362114
u0882,i265,3,1719362231
u1567,i271,5,1719362433
u0640,i075,5,1719363655
u0422,i515,4,1719364019
u0942,i074,4,1719365726
u1829,i032,5,1719366002
u1726,i048,4,1719366735
u0138,i150,4,1719366773
u1822,i284,4,1719367098
u1371,i564,5,1719367464
u0954,i372,4,1719369172
u0600,i022,5,1719369414
u0779,i553,5,1719369533
u1703,i390,1,1719370189
u0251,i374,4,1719370240
u0406,i147,5,1719371256
u1688,i084,4,1719371456
u0715,i487,5,1719372827
u1278,i388,5,1719373828
u1809,i248,5,1719373843
u1366,i082,5,1719373929
u1496,i330,4,1719375649
u0078,i361,5,1719376164
u1557,i117,3,1719376216
u0248,i365,4,1719378758
u0357,i507,1,1719378769
u1896,i054,4,1719379709
u0851,i115,4,1719380119
u1366,i170,4,1719380240
u1461,i035,5,1719380403
u1740,i507,3,1719380597
u0112,i110,4,1719380877
u1064,i152,5,1719381794
u0922,i092,4,1719381949
u0970,i013,5,1719382425
u0293,i539,4,1719382661
u0047,i142,5,1719382889
u1297,i066,5,1719383586
u1718,i419,5,1719384419
u1028,i223,5,1719386000
u1034,i143,5,1719386083
u0499,i356,5,1719386409
u0279,i069,5,1719386579
u0711,i112,5,1719386948
u1297,i268,5,1719387666
u0039,i286,3,1719387940
u0348,i008,5,1719388182
u1432,i226,4,1719388719
u0515,i341,5,1719389199
u0678,i076,5,1719389214
u1295,i213,4,1719389650
u0734,i483,2,1719390234
u1899,i113,3,1719390313
u1581,i228,5,1719390484
u0719,i034,5,1719390736
u1255,i131,4,1719391359
u0205,i271,5,1719392818
u1148,i039,4,1719392904
u1501,i091,4,1719394032
u0509,i042,5,1719394513
u0852,i310,5,1719394661
u1336,i333,2,1719394923
u0662,i207,5,1719395176
u0657,i095,4,1719395517
u1902,i456,4,1719396530
u1291,i446,4,1719396959
u0430,i493,3,1719397323
u1993,i119,5,1719397327
u0232,i410,5,1719397704
u1509,i519,5,1719397787
u1966,i540,4,1719397855
u1227,i429,5,1719398557
u1674,i598,5,1719399122
u0478,i026,4,1719400770
u1039,i554,4,1719401301
u0647,i268,3,1719402427
u1936,i265,2,1719403095
u0379,i388,5,1719403196
u1007,i363,5,1719403273
u1658,i335,5,1719403400
u1197,i268,1,1719403601
u0071,i113,4,1719403653
u0159,i577,4,1719403678
u0323,i428,4,1719404043
u1328,i529,4,1719404169
u1242,i447,4,1719404265
u1378,i500,2,1719404653
u0599,i516,5,1719404862
u0150,i528,4,1719405060
u1282,i124,4,1719405061
u1821,i333,4,1719406206
u1960,i117,4,1719407165
u1962,i023,5,1719408387
u0910,i092,3,1719408486
u0034,i108,4,1719408638
u0817,i577,5,1719409260
u1424,i205,5,1719409737
u1935,i523,4,1719410113
u0637,i230,5,1719410611
u0799,i485,1,1719410695
u0193,i583,5,1719410867
u1046,i512,4,1719411107
u1111,i463,1,1719411125
u0715,i106,5,1719411134
u0664,i544,5,1719412034
u1583,i104,1,1719412995
u1835,i405,4,1719413085
u1809,i093,4,1719413214
u0053,i062,4,1719414104
u1589,i020,5,1719415225
u0789,i426,4,1719415507
u0109,i496,5,1719415618
u1005,i568,5,1719416443
u1768,i243,2,1719416526
u0759,i117,1,1719416636
u0757,i241,4,1719418006
u1827,i235,5,1719418642
u1112,i461,5,1719418925
u1454,i268,1,1719419082
u1905,i428,4,1719419240
u1522,i534,4,1719419958
u0584,i352,5,1719420228
u1215,i268,3,1719420245
u0336,i069,5,1719420910
u0753,i337,5,1719420965
u1318,i480,3,1719421109
u0071,i516,5,1719421482
u0299,i364,5,1719421517
u1789,i220,5,1719421705
u0727,i119,4,1719421710
u0910,i153,5,1719422451
u0981,i377,4,1719422879
u1663,i034,2,1719423543
u1840,i568,5,1719423850
u1192,i063,4,1719423910
u0538,i565,4,1719424004
u1526,i261,2,1719424131
u0414,i597,1,1719424325
u0332,i090,5,1719424515
u0288,i454,4,1719425391
u1352,i374,5,1719425478
u1465,i532,4,1719426470
u1184,i263,3,1719426785
u0668,i335,5,1719427190
u1000,i220,5,1719427755
u1961,i576,4,1719428480
u1324,i125,3,1719428763
u0863,i268,2,1719429176
u1793,i333,4,1719429274
u0985,i425,1,1719429413
u1721,i136,4,1719429420
u1947,i361,5,1719429587
u0081,i566,4,1719429806
u0055,i140,5,1719431566
u1002,i084,3,1719432715
u0854,i410,5,1719432735
u0336,i364,4,1719432979
u1478,i238,5,1719433026
u1513,i008,2,1719433118
u1958,i368,5,1719434393
u0251,i027,4,1719435253
u0539,i340,1,1719435287
u1497,i399,5,1719435372
u0316,i528,5,1719435403
u1897,i023,4,1719435640
u0513,i526,5,1719435968
u0477,i490,5,1719436719
u0515,i118,5,1719437222
u0352,i042,5,1719438093
u0973,i241,4,1719438394
u0696,i333,2,1719439281
u1537,i597,4,1719439757
u0240,i174,1,1719440437
u0994,i357,5,1719440936
u0981,i025,4,1719441040
u0594,i214,4,1719441042
u0204,i282,5,1719441125
u1360,i333,5,1719442952
u1635,i346,5,1719443097
u0290,i073,5,1719443551
u0555,i537,5,1719444896
u1878,i473,4,1719447539
u1543,i265,4,1719448359
u1906,i472,4,1719449051
u0303,i205,4,1719449200
u1414,i069,5,1719449456
u1151,i116,4,1719449692
u1862,i060,5,1719450415
u0098,i007,4,1719450585
u0036,i052,5,1719452631
u0519,i550,5,1719452834
u1447,i261,4,1719452971
u0528,i104,4,1719453182
u0780,i073,5,1719453330
u0786,i457,4,1719453679
u0579,i204,2,1719453784
u0484,i507,1,1719453893
u0618,i357,2,1719454214
u0054,i254,1,1719454299
u0268,i182,3,1719454704
u0690,i292,4,1719455535
u0009,i507,4,1719455636
u1767,i127,2,1719455987
u1452,i562,5,1719456548
u0594,i255,5,1719457341
u1809,i526,1,1719457419
u1796,i489,5,1719459917
u1049,i098,4,1719460517
u1585,i452,4,1719460588
u0053,i053,5,1719461556
u1684,i136,5,1719462670
u1980,i352,5,1719464300
u1030,i495,5,1719464700
u0682,i448,5,1719464801
u1511,i366,4,1719464864
u0295,i239,3,1719464907
u1297,i140,5,1719464932
u1837,i486,4,1719465044
u0036,i055,4,1719465411
u0507,i535,5,1719467691
u0049,i377,5,1719467880
u0349,i169,4,1719468033
u1887,i142,3,1719468115
u0928,i220,5,1719469053
u1198,i504,1,1719469696
u0775,i084,4,1719469778
u0615,i210,3,1719470531
u0711,i115,4,1719470940
u1760,i492,4,1719472229
u1057,i568,1,1719472286
u0459,i234,4,1719472965
u1060,i266,5,1719473226
u1139,i361,5,1719473271
u0016,i470,4,1719473489
u1578,i148,5,1719474842
u1216,i417,4,1719475278
u0387,i372,4,1719475429
u1540,i218,4,1719475985
u1853,i190,4,1719476458
u1954,i037,2,1719476763
u0207,i479,2,1719477082
u1925,i212,4,1719477119
u0083,i363,4,1719477188
u1638,i312,4,1719477757
u1018,i088,2,1719478057
u0864,i097,3,1719478521
u1015,i204,5,1719479085
u0214,i535,4,1719479242
u0284,i052,4,1719480224
u0399,i266,5,1719480631
u1302,i007,2,1719480747
u1993,i558,5,1719481259
u1282,i333,4,1719482313
u1103,i147,5,1719482374
u1227,i151,5,1719484241
u0044,i275,1,1719484920
u0510,i588,3,1719485115
u1495,i048,4,1719485270
u1051,i480,4,1719485303
u0003,i507,5,1719485591
u0077,i322,5,1719485840
u0764,i461,3,1719486246
u1308,i193,1,1719486354
u0329,i266,5,1719486866
u1909,i336,4,1719488102
u0243,i273,4,1719488477
u0796,i504,5,1719488619
u1907,i388,4,1719488785
u1980,i565,4,1719489021
u1424,i152,4,1719489172
u1688,i257,5,1719490448
u1753,i407,5,1719490858
u1579,i026,5,1719491484
u0370,i097,4,1719492173
u0120,i460,5,1719492452
u1934,i317,1,1719495212
u0850,i417,5,1719496185
u0660,i418,5,1719496309
u1618,i063,4,1719496990
u0550,i317,4,1719497063
u1543,i461,4,1719497760
u1320,i443,2,1719498031
u1741,i390,5,1719499173
u0865,i461,4,1719499717
u0691,i292,5,1719500246
u1319,i211,4,1719500272
u0799,i352,5,1719500371
u0620,i470,4,1719502238
u1621,i007,4,1719502254
u1870,i547,5,1719505137
u0909,i410,5,1719505607
u0033,i565,3,1719506236
u1031,i364,3,1719507589
u0194,i377,1,1719507699
u0388,i513,5,1719508351
u1112,i060,5,1719508557
u0595,i511,4,1719509389
u1982,i007,4,1719509454
u0753,i562,4,1719509656
u1994,i425,4,1719509865
u1530,i006,4,1719510366
u0238,i252,3,1719511016
u1027,i116,5,1719511744
u0325,i356,5,1719512993
u1749,i027,5,1719512994
u0805,i362,4,1719513013
u0124,i323,4,1719513016
u0354,i037,5,1719513136
u1154,i526,5,1719513714
u0582,i417,3,1719513821
u0209,i492,4,1719515788
u1898,i116,5,1719516385
u1456,i548,4,1719517322
u1108,i419,2,1719518013
u1920,i580,3,1719518429
u1148,i176,4,1719518604
u0941,i447,5,1719518744
u0165,i452,4,1719519667
u0864,i412,5,1719520015
u1655,i007,1,1719520228
u0592,i591,5,1719520949
u0239,i535,5,1719521499
u1246,i042,4,1719521742
u1598,i125,4,1719522703
u1222,i118,1,1719523247
u1192,i294,4,1719523957
u1313,i207,4,1719524455
u0623,i227,4,1719525049
u1089,i499,5,1719525485
u1531,i457,4,1719526389
u1588,i077,4,1719527393
u0085,i490,4,1719528268
u1921,i338,3,1719528784
u0016,i475,2,1719529037
u1914,i575,1,1719529669
u0786,i162,4,1719529990
u0947,i087,4,1719530853
u0708,i568,3,1719531079
u1337,i333,2,1719531362
u0886,i088,5,1719531860
u0258,i363,5,1719532737
u0182,i272,4,1719533069
u1967,i185,5,1719533473
u1646,i408,4,1719535546
u1780,i323,5,1719535815
u1959,i134,4,1719535903
u0437,i413,5,1719536108
u0525,i256,4,1719536546
u0732,i419,5,1719536776
u1152,i297,4,1719537194
u0929,i530,5,1719537824
u0612,i140,5,1719538095
u0665,i244,1,1719538149
u1050,i540,5,1719539364
u0030,i397,1,1719541043
u1711,i289,3,1719541542
u1452,i537,5,1719541648
u0116,i339,5,1719541761
u1081,i429,5,1719542358
u1632,i151,5,1719542719
u0031,i117,1,1719543143
u0423,i394,2,1719543309
u1577,i211,5,1719543839
u0403,i584,4,1719544091
u0380,i511,5,1719544198
u0781,i526,3,1719544379
u1634,i270,4,1719544514
u1691,i243,3,1719544888
u0700,i261,5,1719545558
u0038,i137,4,1719546230
u0615,i464,5,1719546635
u1120,i099,5,1719546703
u0275,i053,5,1719546878
u1974,i265,5,1719547439
u1708,i470,4,1719548059
u0271,i073,4,1719548925
u1759,i565,5,1719549156
u1219,i350,3,1719549379
u1342,i209,4,1719549821
u1278,i293,5,1719551160
u1629,i293,4,1719551201
u0799,i371,4,1719551267
u0291,i118,4,1719551486
u0242,i069,1,1719552581
u1072,i470,4,1719553380
u1195,i378,4,1719554090
u1569,i209,4,1719554436
u1426,i529,5,1719554774
u1323,i106,1,1719555757
u1530,i191,5,1719556133
u1594,i504,4,1719556341
u0962,i511,4,1719556547
u1309,i368,5,1719556599
u0099,i268,3,1719556852
u0105,i304,5,1719558740
u1526,i566,2,1719559290
u0492,i340,5,1719559615
u0401,i372,3,1719559879
u1348,i252,1,1719559905
u0791,i396,4,1719560112
u1081,i595,4,1719560228
u0166,i410,2,1719561087
u1432,i521,1,1719561573
u1507,i013,5,1719561615
u1479,i363,2,1719561743
u1596,i371,4,1719562627
u1091,i116,5,1719562671
u1024,i342,5,1719563012
u0264,i384,4,1719563460
u1801,i504,4,1719563673
u1152,i051,4,1719563829
u1340,i564,4,1719564272
u1178,i215,5,1719564541
u1110,i150,4,1719566165
u0552,i264,5,1719566700
u1045,i315,4,1719567208
u1545,i478,5,1719567674
u0532,i335,5,1719568091
u0861,i129,4,1719568801
u1765,i506,4,1719568990
u1282,i108,5,1719569206
u0546,i224,4,1719569294
u1517,i481,4,1719571055
u0572,i402,4,1719571253
u0956,i074,4,1719571845
u1779,i361,4,1719572005
u1878,i089,5,1719572109
u0049,i243,1,1719572205
u1038,i195,4,1719572792
u1784,i417,5,1719574090
u0036,i169,5,1719574361
u0001,i061,4,1719576082
u1757,i034,5,1719576140
u1434,i201,3,1719576325
u0760,i220,4,1719576814
u0961,i286,3,1719576910
u0210,i511,5,1719577320
u1700,i322,5,1719577756
u1371,i069,5,1719578089
u1633,i261,2,1719578322
u1252,i322,5,1719579154
u1509,i211,4,1719580049
u0165,i315,4,1719580688
u0211,i593,1,1719581159
u0005,i334,2,1719581330
u0361,i158,5,1719582113
u1747,i529,4,1719582241
u1463,i502,5,1719582430
u0129,i163,5,1719582722
u1382,i050,3,1719582922
u0376,i492,5,1719584373
u1410,i052,2,1719585787
u0939,i062,4,1719587859
u1740,i236,4,1719588396
u0141,i470,4,1719588483
u1542,i031,5,1719588557
u1198,i282,4,1719588881
u1494,i510,5,1719589412
u0277,i143,4,1719589898
u1448,i333,4,1719589991
u0363,i349,4,1719590399
u0938,i428,5,1719591854
u0703,i428,5,1719592017
u1803,i420,4,1719592138
u0907,i304,5,1719592218
u0332,i425,5,1719592713
u0099,i563,5,1719593038
u1422,i527,1,1719593716
u1986,i417,5,1719595884
u0136,i054,4,1719595933
u0133,i520,4,1719596040
u0878,i275,4,1719596871
u0054,i203,2,1719597361
u1363,i254,1,1719599246
u1857,i008,5,1719599373
u0766,i287,4,1719599577
u1688,i169,2,1719600187
u1758,i113,2,1719601580
u1124,i526,5,1719602474
u0234,i349,4,1719602792
u0427,i105,5,1719602825
u0788,i377,4,1719602929
u0267,i015,4,1719602958
u0082,i026,4,1719603141
u1955,i152,4,1719604202
u0024,i243,3,1719604283
u1220,i099,4,1719604521
u1498,i055,3,1719604888
u0822,i097,4,1719605736
u1594,i313,4,1719606254
u0903,i363,5,1719606577
u1586,i550,4,1719606792
u1255,i404,5,1719606952
u0584,i371,4,1719607649
u1554,i194,2,1719607732
u1657,i459,5,1719607839
u0472,i364,2,1719608507
u0034,i584,2,1719608884
u1036,i399,5,1719609116
u1895,i324,5,1719610021
u0335,i444,5,1719610779
u1100,i268,3,1719611208
u1924,i566,5,1719611521
u1434,i231,5,1719612293
u1316,i049,4,1719613523
u1054,i043,3,1719613984
u0586,i351,2,1719614618
u1313,i149,3,1719614641
u0791,i156,2,1719614722
u0403,i268,4,1719616091
u0351,i104,4,1719617700
u1464,i408,5,1719619045
